prediction_file,aggregation,metric,point_estimate,bootstrap_mean,ci_low_95,ci_high_95,bootstrap_replicates,bootstrap_unit,source_recording_count,split_name,model,setting,seed,scalar_feature_count,setting_label,evidence_status,run_tag,sequence_length
corrected_fusion_full_engineered_features_254_cross_condition_seed42_predictions.csv,source_mean_probability,accuracy,0.9761904761904762,0.9765119047619047,0.9285714285714286,1.0,2000,source_recording_stratified_by_class,42,cross_condition,MultisourceFusionNet,full_engineered_features_254,42,254.0,full_engineered_254,corrected_formal_train_only_zscore,,
corrected_fusion_full_engineered_features_254_cross_condition_seed42_predictions.csv,source_mean_probability,macro_f1,0.9791304347826086,0.9792831597426656,0.9365079365079364,1.0,2000,source_recording_stratified_by_class,42,cross_condition,MultisourceFusionNet,full_engineered_features_254,42,254.0,full_engineered_254,corrected_formal_train_only_zscore,,
corrected_fusion_full_engineered_features_254_cross_condition_seed42_predictions.csv,source_mean_probability,worst_class_recall,0.9166666666666666,0.9177916666666668,0.75,1.0,2000,source_recording_stratified_by_class,42,cross_condition,MultisourceFusionNet,full_engineered_features_254,42,254.0,full_engineered_254,corrected_formal_train_only_zscore,,
corrected_fusion_full_engineered_features_254_cross_condition_seed42_predictions.csv,source_majority_vote,accuracy,0.9761904761904762,0.9765119047619047,0.9285714285714286,1.0,2000,source_recording_stratified_by_class,42,cross_condition,MultisourceFusionNet,full_engineered_features_254,42,254.0,full_engineered_254,corrected_formal_train_only_zscore,,
corrected_fusion_full_engineered_features_254_cross_condition_seed42_predictions.csv,source_majority_vote,macro_f1,0.9791304347826086,0.9792831597426656,0.9365079365079364,1.0,2000,source_recording_stratified_by_class,42,cross_condition,MultisourceFusionNet,full_engineered_features_254,42,254.0,full_engineered_254,corrected_formal_train_only_zscore,,
corrected_fusion_full_engineered_features_254_cross_condition_seed42_predictions.csv,source_majority_vote,worst_class_recall,0.9166666666666666,0.9177916666666668,0.75,1.0,2000,source_recording_stratified_by_class,42,cross_condition,MultisourceFusionNet,full_engineered_features_254,42,254.0,full_engineered_254,corrected_formal_train_only_zscore,,
corrected_fusion_full_engineered_features_254_cross_condition_seed42_predictions.csv,window_clustered,accuracy,0.9687416866187816,0.9691577547220006,0.923510242085661,0.9972067039106144,2000,source_recording_stratified_by_class,42,cross_condition,MultisourceFusionNet,full_engineered_features_254,42,254.0,full_engineered_254,corrected_formal_train_only_zscore,,
corrected_fusion_full_engineered_features_254_cross_condition_seed42_predictions.csv,window_clustered,macro_f1,0.9696067997391512,0.9698533746259982,0.9281487264980364,0.997029344307076,2000,source_recording_stratified_by_class,42,cross_condition,MultisourceFusionNet,full_engineered_features_254,42,254.0,full_engineered_254,corrected_formal_train_only_zscore,,
corrected_fusion_full_engineered_features_254_cross_condition_seed42_predictions.csv,window_clustered,worst_class_recall,0.926443202979516,0.9084771880819368,0.7793296089385475,0.9916201117318436,2000,source_recording_stratified_by_class,42,cross_condition,MultisourceFusionNet,full_engineered_features_254,42,254.0,full_engineered_254,corrected_formal_train_only_zscore,,
corrected_fusion_full_engineered_features_254_cross_condition_seed43_predictions.csv,source_mean_probability,accuracy,0.9761904761904762,0.9763690476190476,0.9285714285714286,1.0,2000,source_recording_stratified_by_class,42,cross_condition,MultisourceFusionNet,full_engineered_features_254,43,254.0,full_engineered_254,corrected_formal_train_only_zscore,,
corrected_fusion_full_engineered_features_254_cross_condition_seed43_predictions.csv,source_mean_probability,macro_f1,0.9791304347826086,0.9791522022210892,0.9365079365079364,1.0,2000,source_recording_stratified_by_class,42,cross_condition,MultisourceFusionNet,full_engineered_features_254,43,254.0,full_engineered_254,corrected_formal_train_only_zscore,,
corrected_fusion_full_engineered_features_254_cross_condition_seed43_predictions.csv,source_mean_probability,worst_class_recall,0.9166666666666666,0.9172916666666666,0.75,1.0,2000,source_recording_stratified_by_class,42,cross_condition,MultisourceFusionNet,full_engineered_features_254,43,254.0,full_engineered_254,corrected_formal_train_only_zscore,,
corrected_fusion_full_engineered_features_254_cross_condition_seed43_predictions.csv,source_majority_vote,accuracy,0.9761904761904762,0.9763690476190476,0.9285714285714286,1.0,2000,source_recording_stratified_by_class,42,cross_condition,MultisourceFusionNet,full_engineered_features_254,43,254.0,full_engineered_254,corrected_formal_train_only_zscore,,
corrected_fusion_full_engineered_features_254_cross_condition_seed43_predictions.csv,source_majority_vote,macro_f1,0.9791304347826086,0.9791522022210892,0.9365079365079364,1.0,2000,source_recording_stratified_by_class,42,cross_condition,MultisourceFusionNet,full_engineered_features_254,43,254.0,full_engineered_254,corrected_formal_train_only_zscore,,
corrected_fusion_full_engineered_features_254_cross_condition_seed43_predictions.csv,source_majority_vote,worst_class_recall,0.9166666666666666,0.9172916666666666,0.75,1.0,2000,source_recording_stratified_by_class,42,cross_condition,MultisourceFusionNet,full_engineered_features_254,43,254.0,full_engineered_254,corrected_formal_train_only_zscore,,
corrected_fusion_full_engineered_features_254_cross_condition_seed43_predictions.csv,window_clustered,accuracy,0.9749933492950252,0.9751624102154828,0.927241287576483,0.9993349295025272,2000,source_recording_stratified_by_class,42,cross_condition,MultisourceFusionNet,full_engineered_features_254,43,254.0,full_engineered_254,corrected_formal_train_only_zscore,,
corrected_fusion_full_engineered_features_254_cross_condition_seed43_predictions.csv,window_clustered,macro_f1,0.9775455655076346,0.977543969610977,0.934553838781798,0.9992431157492307,2000,source_recording_stratified_by_class,42,cross_condition,MultisourceFusionNet,full_engineered_features_254,43,254.0,full_engineered_254,corrected_formal_train_only_zscore,,
corrected_fusion_full_engineered_features_254_cross_condition_seed43_predictions.csv,window_clustered,worst_class_recall,0.9175977653631284,0.9154972067039104,0.7527932960893855,0.9972067039106144,2000,source_recording_stratified_by_class,42,cross_condition,MultisourceFusionNet,full_engineered_features_254,43,254.0,full_engineered_254,corrected_formal_train_only_zscore,,
corrected_fusion_full_engineered_features_254_cross_condition_seed44_predictions.csv,source_mean_probability,accuracy,0.9761904761904762,0.975547619047619,0.9285714285714286,1.0,2000,source_recording_stratified_by_class,42,cross_condition,MultisourceFusionNet,full_engineered_features_254,44,254.0,full_engineered_254,corrected_formal_train_only_zscore,,
corrected_fusion_full_engineered_features_254_cross_condition_seed44_predictions.csv,source_mean_probability,macro_f1,0.9791304347826086,0.9784387386356596,0.9365079365079364,1.0,2000,source_recording_stratified_by_class,42,cross_condition,MultisourceFusionNet,full_engineered_features_254,44,254.0,full_engineered_254,corrected_formal_train_only_zscore,,
corrected_fusion_full_engineered_features_254_cross_condition_seed44_predictions.csv,source_mean_probability,worst_class_recall,0.9166666666666666,0.9144166666666664,0.75,1.0,2000,source_recording_stratified_by_class,42,cross_condition,MultisourceFusionNet,full_engineered_features_254,44,254.0,full_engineered_254,corrected_formal_train_only_zscore,,
corrected_fusion_full_engineered_features_254_cross_condition_seed44_predictions.csv,source_majority_vote,accuracy,0.9761904761904762,0.975547619047619,0.9285714285714286,1.0,2000,source_recording_stratified_by_class,42,cross_condition,MultisourceFusionNet,full_engineered_features_254,44,254.0,full_engineered_254,corrected_formal_train_only_zscore,,
corrected_fusion_full_engineered_features_254_cross_condition_seed44_predictions.csv,source_majority_vote,macro_f1,0.9791304347826086,0.9784387386356596,0.9365079365079364,1.0,2000,source_recording_stratified_by_class,42,cross_condition,MultisourceFusionNet,full_engineered_features_254,44,254.0,full_engineered_254,corrected_formal_train_only_zscore,,
corrected_fusion_full_engineered_features_254_cross_condition_seed44_predictions.csv,source_majority_vote,worst_class_recall,0.9166666666666666,0.9144166666666664,0.75,1.0,2000,source_recording_stratified_by_class,42,cross_condition,MultisourceFusionNet,full_engineered_features_254,44,254.0,full_engineered_254,corrected_formal_train_only_zscore,,
corrected_fusion_full_engineered_features_254_cross_condition_seed44_predictions.csv,window_clustered,accuracy,0.9687416866187816,0.9680030593242884,0.9220504123437084,0.9970770151636074,2000,source_recording_stratified_by_class,42,cross_condition,MultisourceFusionNet,full_engineered_features_254,44,254.0,full_engineered_254,corrected_formal_train_only_zscore,,
corrected_fusion_full_engineered_features_254_cross_condition_seed44_predictions.csv,window_clustered,macro_f1,0.9697090813990203,0.9688198796274424,0.9260021510866852,0.9966796374131666,2000,source_recording_stratified_by_class,42,cross_condition,MultisourceFusionNet,full_engineered_features_254,44,254.0,full_engineered_254,corrected_formal_train_only_zscore,,
corrected_fusion_full_engineered_features_254_cross_condition_seed44_predictions.csv,window_clustered,worst_class_recall,0.925512104283054,0.906683426443203,0.776536312849162,0.9916201117318436,2000,source_recording_stratified_by_class,42,cross_condition,MultisourceFusionNet,full_engineered_features_254,44,254.0,full_engineered_254,corrected_formal_train_only_zscore,,
corrected_fusion_full_engineered_features_254_cross_load_seed42_predictions.csv,source_mean_probability,accuracy,1.0,1.0,1.0,1.0,2000,source_recording_stratified_by_class,42,cross_load,MultisourceFusionNet,full_engineered_features_254,42,254.0,full_engineered_254,corrected_formal_train_only_zscore,,
corrected_fusion_full_engineered_features_254_cross_load_seed42_predictions.csv,source_mean_probability,macro_f1,1.0,1.0,1.0,1.0,2000,source_recording_stratified_by_class,42,cross_load,MultisourceFusionNet,full_engineered_features_254,42,254.0,full_engineered_254,corrected_formal_train_only_zscore,,
corrected_fusion_full_engineered_features_254_cross_load_seed42_predictions.csv,source_mean_probability,worst_class_recall,1.0,1.0,1.0,1.0,2000,source_recording_stratified_by_class,42,cross_load,MultisourceFusionNet,full_engineered_features_254,42,254.0,full_engineered_254,corrected_formal_train_only_zscore,,
corrected_fusion_full_engineered_features_254_cross_load_seed42_predictions.csv,source_majority_vote,accuracy,1.0,1.0,1.0,1.0,2000,source_recording_stratified_by_class,42,cross_load,MultisourceFusionNet,full_engineered_features_254,42,254.0,full_engineered_254,corrected_formal_train_only_zscore,,
corrected_fusion_full_engineered_features_254_cross_load_seed42_predictions.csv,source_majority_vote,macro_f1,1.0,1.0,1.0,1.0,2000,source_recording_stratified_by_class,42,cross_load,MultisourceFusionNet,full_engineered_features_254,42,254.0,full_engineered_254,corrected_formal_train_only_zscore,,
corrected_fusion_full_engineered_features_254_cross_load_seed42_predictions.csv,source_majority_vote,worst_class_recall,1.0,1.0,1.0,1.0,2000,source_recording_stratified_by_class,42,cross_load,MultisourceFusionNet,full_engineered_features_254,42,254.0,full_engineered_254,corrected_formal_train_only_zscore,,
corrected_fusion_full_engineered_features_254_cross_load_seed42_predictions.csv,window_clustered,accuracy,0.9707368981111998,0.9706043495610532,0.9502494014365522,0.9869646182495344,2000,source_recording_stratified_by_class,42,cross_load,MultisourceFusionNet,full_engineered_features_254,42,254.0,full_engineered_254,corrected_formal_train_only_zscore,,
corrected_fusion_full_engineered_features_254_cross_load_seed42_predictions.csv,window_clustered,macro_f1,0.9663722498929668,0.9663431926495628,0.942220577265882,0.9863417190034094,2000,source_recording_stratified_by_class,42,cross_load,MultisourceFusionNet,full_engineered_features_254,42,254.0,full_engineered_254,corrected_formal_train_only_zscore,,
corrected_fusion_full_engineered_features_254_cross_load_seed42_predictions.csv,window_clustered,worst_class_recall,0.9171322160148976,0.9167695530726258,0.845903165735568,0.97161312849162,2000,source_recording_stratified_by_class,42,cross_load,MultisourceFusionNet,full_engineered_features_254,42,254.0,full_engineered_254,corrected_formal_train_only_zscore,,
corrected_fusion_full_engineered_features_254_cross_load_seed43_predictions.csv,source_mean_probability,accuracy,0.9523809523809524,0.9531071428571428,0.8809523809523809,1.0,2000,source_recording_stratified_by_class,42,cross_load,MultisourceFusionNet,full_engineered_features_254,43,254.0,full_engineered_254,corrected_formal_train_only_zscore,,
corrected_fusion_full_engineered_features_254_cross_load_seed43_predictions.csv,source_mean_probability,macro_f1,0.9425465838509316,0.9443233342716196,0.8680290297937356,1.0,2000,source_recording_stratified_by_class,42,cross_load,MultisourceFusionNet,full_engineered_features_254,43,254.0,full_engineered_254,corrected_formal_train_only_zscore,,
corrected_fusion_full_engineered_features_254_cross_load_seed43_predictions.csv,source_mean_probability,worst_class_recall,0.9166666666666666,0.8762083333333333,0.6666666666666666,1.0,2000,source_recording_stratified_by_class,42,cross_load,MultisourceFusionNet,full_engineered_features_254,43,254.0,full_engineered_254,corrected_formal_train_only_zscore,,
corrected_fusion_full_engineered_features_254_cross_load_seed43_predictions.csv,source_majority_vote,accuracy,0.9523809523809524,0.9531071428571428,0.8809523809523809,1.0,2000,source_recording_stratified_by_class,42,cross_load,MultisourceFusionNet,full_engineered_features_254,43,254.0,full_engineered_254,corrected_formal_train_only_zscore,,
corrected_fusion_full_engineered_features_254_cross_load_seed43_predictions.csv,source_majority_vote,macro_f1,0.9425465838509316,0.9443233342716196,0.8680290297937356,1.0,2000,source_recording_stratified_by_class,42,cross_load,MultisourceFusionNet,full_engineered_features_254,43,254.0,full_engineered_254,corrected_formal_train_only_zscore,,
corrected_fusion_full_engineered_features_254_cross_load_seed43_predictions.csv,source_majority_vote,worst_class_recall,0.9166666666666666,0.8762083333333333,0.6666666666666666,1.0,2000,source_recording_stratified_by_class,42,cross_load,MultisourceFusionNet,full_engineered_features_254,43,254.0,full_engineered_254,corrected_formal_train_only_zscore,,
corrected_fusion_full_engineered_features_254_cross_load_seed43_predictions.csv,window_clustered,accuracy,0.9360202181431232,0.9361816307528598,0.8953079276403298,0.9715349827081672,2000,source_recording_stratified_by_class,42,cross_load,MultisourceFusionNet,full_engineered_features_254,43,254.0,full_engineered_254,corrected_formal_train_only_zscore,,
corrected_fusion_full_engineered_features_254_cross_load_seed43_predictions.csv,window_clustered,macro_f1,0.9267541252336188,0.927302096700614,0.8831421105510788,0.9669017496877796,2000,source_recording_stratified_by_class,42,cross_load,MultisourceFusionNet,full_engineered_features_254,43,254.0,full_engineered_254,corrected_formal_train_only_zscore,,
corrected_fusion_full_engineered_features_254_cross_load_seed43_predictions.csv,window_clustered,worst_class_recall,0.8868715083798883,0.86433030726257,0.7662825884543761,0.9390246741154562,2000,source_recording_stratified_by_class,42,cross_load,MultisourceFusionNet,full_engineered_features_254,43,254.0,full_engineered_254,corrected_formal_train_only_zscore,,
corrected_fusion_full_engineered_features_254_cross_load_seed44_predictions.csv,source_mean_probability,accuracy,0.9047619047619048,0.9054285714285716,0.8333333333333334,0.9761904761904762,2000,source_recording_stratified_by_class,42,cross_load,MultisourceFusionNet,full_engineered_features_254,44,254.0,full_engineered_254,corrected_formal_train_only_zscore,,
corrected_fusion_full_engineered_features_254_cross_load_seed44_predictions.csv,source_mean_probability,macro_f1,0.8950549450549451,0.8960747575112007,0.8042986425339367,0.9791304347826087,2000,source_recording_stratified_by_class,42,cross_load,MultisourceFusionNet,full_engineered_features_254,44,254.0,full_engineered_254,corrected_formal_train_only_zscore,,
corrected_fusion_full_engineered_features_254_cross_load_seed44_predictions.csv,source_mean_probability,worst_class_recall,0.6666666666666666,0.669,0.4166666666666667,0.9166666666666666,2000,source_recording_stratified_by_class,42,cross_load,MultisourceFusionNet,full_engineered_features_254,44,254.0,full_engineered_254,corrected_formal_train_only_zscore,,
corrected_fusion_full_engineered_features_254_cross_load_seed44_predictions.csv,source_majority_vote,accuracy,0.9047619047619048,0.9054285714285716,0.8333333333333334,0.9761904761904762,2000,source_recording_stratified_by_class,42,cross_load,MultisourceFusionNet,full_engineered_features_254,44,254.0,full_engineered_254,corrected_formal_train_only_zscore,,
corrected_fusion_full_engineered_features_254_cross_load_seed44_predictions.csv,source_majority_vote,macro_f1,0.8950549450549451,0.8960747575112007,0.8042986425339367,0.9791304347826087,2000,source_recording_stratified_by_class,42,cross_load,MultisourceFusionNet,full_engineered_features_254,44,254.0,full_engineered_254,corrected_formal_train_only_zscore,,
corrected_fusion_full_engineered_features_254_cross_load_seed44_predictions.csv,source_majority_vote,worst_class_recall,0.6666666666666666,0.669,0.4166666666666667,0.9166666666666666,2000,source_recording_stratified_by_class,42,cross_load,MultisourceFusionNet,full_engineered_features_254,44,254.0,full_engineered_254,corrected_formal_train_only_zscore,,
corrected_fusion_full_engineered_features_254_cross_load_seed44_predictions.csv,window_clustered,accuracy,0.9023676509710028,0.9027866453844108,0.8539372173450386,0.9505254056930036,2000,source_recording_stratified_by_class,42,cross_load,MultisourceFusionNet,full_engineered_features_254,44,254.0,full_engineered_254,corrected_formal_train_only_zscore,,
corrected_fusion_full_engineered_features_254_cross_load_seed44_predictions.csv,window_clustered,macro_f1,0.8966141577767253,0.897152045730947,0.8416091592709853,0.950591678074343,2000,source_recording_stratified_by_class,42,cross_load,MultisourceFusionNet,full_engineered_features_254,44,254.0,full_engineered_254,corrected_formal_train_only_zscore,,
corrected_fusion_full_engineered_features_254_cross_load_seed44_predictions.csv,window_clustered,worst_class_recall,0.6792364990689013,0.680453445065177,0.5097648975791433,0.8459264432029794,2000,source_recording_stratified_by_class,42,cross_load,MultisourceFusionNet,full_engineered_features_254,44,254.0,full_engineered_254,corrected_formal_train_only_zscore,,
corrected_fusion_full_engineered_features_254_cross_rpm_seed42_predictions.csv,source_mean_probability,accuracy,0.6428571428571429,0.6417857142857143,0.5,0.7508928571428523,2000,source_recording_stratified_by_class,28,cross_rpm,MultisourceFusionNet,full_engineered_features_254,42,254.0,full_engineered_254,corrected_formal_train_only_zscore,,
corrected_fusion_full_engineered_features_254_cross_rpm_seed42_predictions.csv,source_mean_probability,macro_f1,0.5348039215686274,0.5325075302637884,0.4242424242424242,0.6244059036658114,2000,source_recording_stratified_by_class,28,cross_rpm,MultisourceFusionNet,full_engineered_features_254,42,254.0,full_engineered_254,corrected_formal_train_only_zscore,,
corrected_fusion_full_engineered_features_254_cross_rpm_seed42_predictions.csv,source_mean_probability,worst_class_recall,0.0,0.0,0.0,0.0,2000,source_recording_stratified_by_class,28,cross_rpm,MultisourceFusionNet,full_engineered_features_254,42,254.0,full_engineered_254,corrected_formal_train_only_zscore,,
corrected_fusion_full_engineered_features_254_cross_rpm_seed42_predictions.csv,source_majority_vote,accuracy,0.6428571428571429,0.6417857142857143,0.5,0.7508928571428523,2000,source_recording_stratified_by_class,28,cross_rpm,MultisourceFusionNet,full_engineered_features_254,42,254.0,full_engineered_254,corrected_formal_train_only_zscore,,
corrected_fusion_full_engineered_features_254_cross_rpm_seed42_predictions.csv,source_majority_vote,macro_f1,0.5348039215686274,0.5325075302637884,0.4242424242424242,0.6244059036658114,2000,source_recording_stratified_by_class,28,cross_rpm,MultisourceFusionNet,full_engineered_features_254,42,254.0,full_engineered_254,corrected_formal_train_only_zscore,,
corrected_fusion_full_engineered_features_254_cross_rpm_seed42_predictions.csv,source_majority_vote,worst_class_recall,0.0,0.0,0.0,0.0,2000,source_recording_stratified_by_class,28,cross_rpm,MultisourceFusionNet,full_engineered_features_254,42,254.0,full_engineered_254,corrected_formal_train_only_zscore,,
corrected_fusion_full_engineered_features_254_cross_rpm_seed42_predictions.csv,window_clustered,accuracy,0.6229050279329609,0.6217003192338388,0.5223463687150838,0.7176825618515563,2000,source_recording_stratified_by_class,28,cross_rpm,MultisourceFusionNet,full_engineered_features_254,42,254.0,full_engineered_254,corrected_formal_train_only_zscore,,
corrected_fusion_full_engineered_features_254_cross_rpm_seed42_predictions.csv,window_clustered,macro_f1,0.5235671952017471,0.5216437116945816,0.4375586586526423,0.6019671535970675,2000,source_recording_stratified_by_class,28,cross_rpm,MultisourceFusionNet,full_engineered_features_254,42,254.0,full_engineered_254,corrected_formal_train_only_zscore,,
corrected_fusion_full_engineered_features_254_cross_rpm_seed42_predictions.csv,window_clustered,worst_class_recall,0.0223463687150838,0.0222053072625698,0.0,0.0446927374301676,2000,source_recording_stratified_by_class,28,cross_rpm,MultisourceFusionNet,full_engineered_features_254,42,254.0,full_engineered_254,corrected_formal_train_only_zscore,,
corrected_fusion_full_engineered_features_254_cross_rpm_seed43_predictions.csv,source_mean_probability,accuracy,0.4285714285714285,0.4307500000000001,0.3214285714285714,0.5357142857142857,2000,source_recording_stratified_by_class,28,cross_rpm,MultisourceFusionNet,full_engineered_features_254,43,254.0,full_engineered_254,corrected_formal_train_only_zscore,,
corrected_fusion_full_engineered_features_254_cross_rpm_seed43_predictions.csv,source_mean_probability,macro_f1,0.2905982905982905,0.2922407261234911,0.2101449275362318,0.3712643678160919,2000,source_recording_stratified_by_class,28,cross_rpm,MultisourceFusionNet,full_engineered_features_254,43,254.0,full_engineered_254,corrected_formal_train_only_zscore,,
corrected_fusion_full_engineered_features_254_cross_rpm_seed43_predictions.csv,source_mean_probability,worst_class_recall,0.0,0.0,0.0,0.0,2000,source_recording_stratified_by_class,28,cross_rpm,MultisourceFusionNet,full_engineered_features_254,43,254.0,full_engineered_254,corrected_formal_train_only_zscore,,
corrected_fusion_full_engineered_features_254_cross_rpm_seed43_predictions.csv,source_majority_vote,accuracy,0.4285714285714285,0.4294464285714286,0.3214285714285714,0.5357142857142857,2000,source_recording_stratified_by_class,28,cross_rpm,MultisourceFusionNet,full_engineered_features_254,43,254.0,full_engineered_254,corrected_formal_train_only_zscore,,
corrected_fusion_full_engineered_features_254_cross_rpm_seed43_predictions.csv,source_majority_vote,macro_f1,0.2905982905982905,0.2912441629442667,0.2101449275362318,0.3712643678160919,2000,source_recording_stratified_by_class,28,cross_rpm,MultisourceFusionNet,full_engineered_features_254,43,254.0,full_engineered_254,corrected_formal_train_only_zscore,,
corrected_fusion_full_engineered_features_254_cross_rpm_seed43_predictions.csv,source_majority_vote,worst_class_recall,0.0,0.0,0.0,0.0,2000,source_recording_stratified_by_class,28,cross_rpm,MultisourceFusionNet,full_engineered_features_254,43,254.0,full_engineered_254,corrected_formal_train_only_zscore,,
corrected_fusion_full_engineered_features_254_cross_rpm_seed43_predictions.csv,window_clustered,accuracy,0.492218675179569,0.4935279329608938,0.4160015961691939,0.5660415003990423,2000,source_recording_stratified_by_class,28,cross_rpm,MultisourceFusionNet,full_engineered_features_254,43,254.0,full_engineered_254,corrected_formal_train_only_zscore,,
corrected_fusion_full_engineered_features_254_cross_rpm_seed43_predictions.csv,window_clustered,macro_f1,0.3906238036051188,0.3902904443987495,0.3172721525882673,0.4556858110534602,2000,source_recording_stratified_by_class,28,cross_rpm,MultisourceFusionNet,full_engineered_features_254,43,254.0,full_engineered_254,corrected_formal_train_only_zscore,,
corrected_fusion_full_engineered_features_254_cross_rpm_seed43_predictions.csv,window_clustered,worst_class_recall,0.0279329608938547,0.0275150139664804,0.0,0.0558659217877094,2000,source_recording_stratified_by_class,28,cross_rpm,MultisourceFusionNet,full_engineered_features_254,43,254.0,full_engineered_254,corrected_formal_train_only_zscore,,
corrected_fusion_full_engineered_features_254_cross_rpm_seed44_predictions.csv,source_mean_probability,accuracy,0.5714285714285714,0.5694642857142856,0.4642857142857143,0.6785714285714286,2000,source_recording_stratified_by_class,28,cross_rpm,MultisourceFusionNet,full_engineered_features_254,44,254.0,full_engineered_254,corrected_formal_train_only_zscore,,
corrected_fusion_full_engineered_features_254_cross_rpm_seed44_predictions.csv,source_mean_probability,macro_f1,0.4478469899665552,0.4433352254258164,0.3439153439153439,0.551948051948052,2000,source_recording_stratified_by_class,28,cross_rpm,MultisourceFusionNet,full_engineered_features_254,44,254.0,full_engineered_254,corrected_formal_train_only_zscore,,
corrected_fusion_full_engineered_features_254_cross_rpm_seed44_predictions.csv,source_mean_probability,worst_class_recall,0.0,0.0,0.0,0.0,2000,source_recording_stratified_by_class,28,cross_rpm,MultisourceFusionNet,full_engineered_features_254,44,254.0,full_engineered_254,corrected_formal_train_only_zscore,,
corrected_fusion_full_engineered_features_254_cross_rpm_seed44_predictions.csv,source_majority_vote,accuracy,0.5714285714285714,0.5694642857142856,0.4642857142857143,0.6785714285714286,2000,source_recording_stratified_by_class,28,cross_rpm,MultisourceFusionNet,full_engineered_features_254,44,254.0,full_engineered_254,corrected_formal_train_only_zscore,,
corrected_fusion_full_engineered_features_254_cross_rpm_seed44_predictions.csv,source_majority_vote,macro_f1,0.4496590909090909,0.4429296283915287,0.3344444444444444,0.5560200668896321,2000,source_recording_stratified_by_class,28,cross_rpm,MultisourceFusionNet,full_engineered_features_254,44,254.0,full_engineered_254,corrected_formal_train_only_zscore,,
corrected_fusion_full_engineered_features_254_cross_rpm_seed44_predictions.csv,source_majority_vote,worst_class_recall,0.0,0.0,0.0,0.0,2000,source_recording_stratified_by_class,28,cross_rpm,MultisourceFusionNet,full_engineered_features_254,44,254.0,full_engineered_254,corrected_formal_train_only_zscore,,
corrected_fusion_full_engineered_features_254_cross_rpm_seed44_predictions.csv,window_clustered,accuracy,0.5335195530726257,0.5325221468475658,0.4533070630486831,0.6049531125299282,2000,source_recording_stratified_by_class,28,cross_rpm,MultisourceFusionNet,full_engineered_features_254,44,254.0,full_engineered_254,corrected_formal_train_only_zscore,,
corrected_fusion_full_engineered_features_254_cross_rpm_seed44_predictions.csv,window_clustered,macro_f1,0.4278570157706374,0.4255730185568375,0.3549190606742312,0.4906344203414627,2000,source_recording_stratified_by_class,28,cross_rpm,MultisourceFusionNet,full_engineered_features_254,44,254.0,full_engineered_254,corrected_formal_train_only_zscore,,
corrected_fusion_full_engineered_features_254_cross_rpm_seed44_predictions.csv,window_clustered,worst_class_recall,0.0321229050279329,0.0318966480446927,0.0,0.0642458100558659,2000,source_recording_stratified_by_class,28,cross_rpm,MultisourceFusionNet,full_engineered_features_254,44,254.0,full_engineered_254,corrected_formal_train_only_zscore,,
corrected_fusion_full_engineered_features_254_cross_rpm_seed45_predictions.csv,source_mean_probability,accuracy,0.3571428571428571,0.3576785714285714,0.2857142857142857,0.4642857142857143,2000,source_recording_stratified_by_class,28,cross_rpm,MultisourceFusionNet,full_engineered_features_254,45,254.0,full_engineered_254,corrected_formal_train_only_zscore,,
corrected_fusion_full_engineered_features_254_cross_rpm_seed45_predictions.csv,source_mean_probability,macro_f1,0.2208333333333333,0.2205327051160596,0.1540229885057471,0.2954545454545454,2000,source_recording_stratified_by_class,28,cross_rpm,MultisourceFusionNet,full_engineered_features_254,45,254.0,full_engineered_254,corrected_formal_train_only_zscore,,
corrected_fusion_full_engineered_features_254_cross_rpm_seed45_predictions.csv,source_mean_probability,worst_class_recall,0.0,0.0,0.0,0.0,2000,source_recording_stratified_by_class,28,cross_rpm,MultisourceFusionNet,full_engineered_features_254,45,254.0,full_engineered_254,corrected_formal_train_only_zscore,,
corrected_fusion_full_engineered_features_254_cross_rpm_seed45_predictions.csv,source_majority_vote,accuracy,0.3571428571428571,0.3576785714285714,0.2857142857142857,0.4642857142857143,2000,source_recording_stratified_by_class,28,cross_rpm,MultisourceFusionNet,full_engineered_features_254,45,254.0,full_engineered_254,corrected_formal_train_only_zscore,,
corrected_fusion_full_engineered_features_254_cross_rpm_seed45_predictions.csv,source_majority_vote,macro_f1,0.2208333333333333,0.2205327051160596,0.1540229885057471,0.2954545454545454,2000,source_recording_stratified_by_class,28,cross_rpm,MultisourceFusionNet,full_engineered_features_254,45,254.0,full_engineered_254,corrected_formal_train_only_zscore,,
corrected_fusion_full_engineered_features_254_cross_rpm_seed45_predictions.csv,source_majority_vote,worst_class_recall,0.0,0.0,0.0,0.0,2000,source_recording_stratified_by_class,28,cross_rpm,MultisourceFusionNet,full_engineered_features_254,45,254.0,full_engineered_254,corrected_formal_train_only_zscore,,
corrected_fusion_full_engineered_features_254_cross_rpm_seed45_predictions.csv,window_clustered,accuracy,0.4122106943335993,0.411533419792498,0.3441739824421388,0.4820480845969672,2000,source_recording_stratified_by_class,28,cross_rpm,MultisourceFusionNet,full_engineered_features_254,45,254.0,full_engineered_254,corrected_formal_train_only_zscore,,
corrected_fusion_full_engineered_features_254_cross_rpm_seed45_predictions.csv,window_clustered,macro_f1,0.3165845564278325,0.3141041550208721,0.2419846922834453,0.3825664130165762,2000,source_recording_stratified_by_class,28,cross_rpm,MultisourceFusionNet,full_engineered_features_254,45,254.0,full_engineered_254,corrected_formal_train_only_zscore,,
corrected_fusion_full_engineered_features_254_cross_rpm_seed45_predictions.csv,window_clustered,worst_class_recall,0.0251396648044692,0.0251236033519553,0.0,0.0502793296089385,2000,source_recording_stratified_by_class,28,cross_rpm,MultisourceFusionNet,full_engineered_features_254,45,254.0,full_engineered_254,corrected_formal_train_only_zscore,,
corrected_fusion_full_engineered_features_254_cross_rpm_seed46_predictions.csv,source_mean_probability,accuracy,0.4642857142857143,0.4647857142857143,0.3571428571428571,0.5714285714285714,2000,source_recording_stratified_by_class,28,cross_rpm,MultisourceFusionNet,full_engineered_features_254,46,254.0,full_engineered_254,corrected_formal_train_only_zscore,,
corrected_fusion_full_engineered_features_254_cross_rpm_seed46_predictions.csv,source_mean_probability,macro_f1,0.3358585858585858,0.3320893414491034,0.2189473684210526,0.4581235697940503,2000,source_recording_stratified_by_class,28,cross_rpm,MultisourceFusionNet,full_engineered_features_254,46,254.0,full_engineered_254,corrected_formal_train_only_zscore,,
corrected_fusion_full_engineered_features_254_cross_rpm_seed46_predictions.csv,source_mean_probability,worst_class_recall,0.0,0.0,0.0,0.0,2000,source_recording_stratified_by_class,28,cross_rpm,MultisourceFusionNet,full_engineered_features_254,46,254.0,full_engineered_254,corrected_formal_train_only_zscore,,
corrected_fusion_full_engineered_features_254_cross_rpm_seed46_predictions.csv,source_majority_vote,accuracy,0.4642857142857143,0.4647857142857143,0.3571428571428571,0.5714285714285714,2000,source_recording_stratified_by_class,28,cross_rpm,MultisourceFusionNet,full_engineered_features_254,46,254.0,full_engineered_254,corrected_formal_train_only_zscore,,
corrected_fusion_full_engineered_features_254_cross_rpm_seed46_predictions.csv,source_majority_vote,macro_f1,0.3358585858585858,0.3320893414491034,0.2189473684210526,0.4581235697940503,2000,source_recording_stratified_by_class,28,cross_rpm,MultisourceFusionNet,full_engineered_features_254,46,254.0,full_engineered_254,corrected_formal_train_only_zscore,,
corrected_fusion_full_engineered_features_254_cross_rpm_seed46_predictions.csv,source_majority_vote,worst_class_recall,0.0,0.0,0.0,0.0,2000,source_recording_stratified_by_class,28,cross_rpm,MultisourceFusionNet,full_engineered_features_254,46,254.0,full_engineered_254,corrected_formal_train_only_zscore,,
corrected_fusion_full_engineered_features_254_cross_rpm_seed46_predictions.csv,window_clustered,accuracy,0.4483240223463687,0.4484894253790902,0.3581404628890662,0.5321229050279329,2000,source_recording_stratified_by_class,28,cross_rpm,MultisourceFusionNet,full_engineered_features_254,46,254.0,full_engineered_254,corrected_formal_train_only_zscore,,
corrected_fusion_full_engineered_features_254_cross_rpm_seed46_predictions.csv,window_clustered,macro_f1,0.3419257798584079,0.3400682371612138,0.2556391921228932,0.420768147027364,2000,source_recording_stratified_by_class,28,cross_rpm,MultisourceFusionNet,full_engineered_features_254,46,254.0,full_engineered_254,corrected_formal_train_only_zscore,,
corrected_fusion_full_engineered_features_254_cross_rpm_seed46_predictions.csv,window_clustered,worst_class_recall,0.020949720670391,0.0207475558659217,0.0,0.0418994413407821,2000,source_recording_stratified_by_class,28,cross_rpm,MultisourceFusionNet,full_engineered_features_254,46,254.0,full_engineered_254,corrected_formal_train_only_zscore,,
corrected_fusion_full_engineered_features_254_source_file_seed42_predictions.csv,source_mean_probability,accuracy,1.0,1.0,1.0,1.0,2000,source_recording_stratified_by_class,12,source_file,MultisourceFusionNet,full_engineered_features_254,42,254.0,full_engineered_254,corrected_formal_train_only_zscore,,
corrected_fusion_full_engineered_features_254_source_file_seed42_predictions.csv,source_mean_probability,macro_f1,1.0,1.0,1.0,1.0,2000,source_recording_stratified_by_class,12,source_file,MultisourceFusionNet,full_engineered_features_254,42,254.0,full_engineered_254,corrected_formal_train_only_zscore,,
corrected_fusion_full_engineered_features_254_source_file_seed42_predictions.csv,source_mean_probability,worst_class_recall,1.0,1.0,1.0,1.0,2000,source_recording_stratified_by_class,12,source_file,MultisourceFusionNet,full_engineered_features_254,42,254.0,full_engineered_254,corrected_formal_train_only_zscore,,
corrected_fusion_full_engineered_features_254_source_file_seed42_predictions.csv,source_majority_vote,accuracy,1.0,1.0,1.0,1.0,2000,source_recording_stratified_by_class,12,source_file,MultisourceFusionNet,full_engineered_features_254,42,254.0,full_engineered_254,corrected_formal_train_only_zscore,,
corrected_fusion_full_engineered_features_254_source_file_seed42_predictions.csv,source_majority_vote,macro_f1,1.0,1.0,1.0,1.0,2000,source_recording_stratified_by_class,12,source_file,MultisourceFusionNet,full_engineered_features_254,42,254.0,full_engineered_254,corrected_formal_train_only_zscore,,
corrected_fusion_full_engineered_features_254_source_file_seed42_predictions.csv,source_majority_vote,worst_class_recall,1.0,1.0,1.0,1.0,2000,source_recording_stratified_by_class,12,source_file,MultisourceFusionNet,full_engineered_features_254,42,254.0,full_engineered_254,corrected_formal_train_only_zscore,,
corrected_fusion_full_engineered_features_254_source_file_seed42_predictions.csv,window_clustered,accuracy,0.9925512104283054,0.9924585661080076,0.9860335195530726,0.9976722532588456,2000,source_recording_stratified_by_class,12,source_file,MultisourceFusionNet,full_engineered_features_254,42,254.0,full_engineered_254,corrected_formal_train_only_zscore,,
corrected_fusion_full_engineered_features_254_source_file_seed42_predictions.csv,window_clustered,macro_f1,0.9933026325694796,0.9932125967072476,0.9875577258601376,0.99796343419741,2000,source_recording_stratified_by_class,12,source_file,MultisourceFusionNet,full_engineered_features_254,42,254.0,full_engineered_254,corrected_formal_train_only_zscore,,
corrected_fusion_full_engineered_features_254_source_file_seed42_predictions.csv,window_clustered,worst_class_recall,0.9813780260707636,0.9806166201117318,0.9553072625698324,0.9958100558659218,2000,source_recording_stratified_by_class,12,source_file,MultisourceFusionNet,full_engineered_features_254,42,254.0,full_engineered_254,corrected_formal_train_only_zscore,,
corrected_fusion_full_engineered_features_254_source_file_seed43_predictions.csv,source_mean_probability,accuracy,1.0,1.0,1.0,1.0,2000,source_recording_stratified_by_class,12,source_file,MultisourceFusionNet,full_engineered_features_254,43,254.0,full_engineered_254,corrected_formal_train_only_zscore,,
corrected_fusion_full_engineered_features_254_source_file_seed43_predictions.csv,source_mean_probability,macro_f1,1.0,1.0,1.0,1.0,2000,source_recording_stratified_by_class,12,source_file,MultisourceFusionNet,full_engineered_features_254,43,254.0,full_engineered_254,corrected_formal_train_only_zscore,,
corrected_fusion_full_engineered_features_254_source_file_seed43_predictions.csv,source_mean_probability,worst_class_recall,1.0,1.0,1.0,1.0,2000,source_recording_stratified_by_class,12,source_file,MultisourceFusionNet,full_engineered_features_254,43,254.0,full_engineered_254,corrected_formal_train_only_zscore,,
corrected_fusion_full_engineered_features_254_source_file_seed43_predictions.csv,source_majority_vote,accuracy,1.0,1.0,1.0,1.0,2000,source_recording_stratified_by_class,12,source_file,MultisourceFusionNet,full_engineered_features_254,43,254.0,full_engineered_254,corrected_formal_train_only_zscore,,
corrected_fusion_full_engineered_features_254_source_file_seed43_predictions.csv,source_majority_vote,macro_f1,1.0,1.0,1.0,1.0,2000,source_recording_stratified_by_class,12,source_file,MultisourceFusionNet,full_engineered_features_254,43,254.0,full_engineered_254,corrected_formal_train_only_zscore,,
corrected_fusion_full_engineered_features_254_source_file_seed43_predictions.csv,source_majority_vote,worst_class_recall,1.0,1.0,1.0,1.0,2000,source_recording_stratified_by_class,12,source_file,MultisourceFusionNet,full_engineered_features_254,43,254.0,full_engineered_254,corrected_formal_train_only_zscore,,
corrected_fusion_full_engineered_features_254_source_file_seed43_predictions.csv,window_clustered,accuracy,0.9934823091247672,0.9935146648044691,0.988826815642458,0.9976722532588456,2000,source_recording_stratified_by_class,12,source_file,MultisourceFusionNet,full_engineered_features_254,43,254.0,full_engineered_254,corrected_formal_train_only_zscore,,
corrected_fusion_full_engineered_features_254_source_file_seed43_predictions.csv,window_clustered,macro_f1,0.9932006538259572,0.9932401449107788,0.9884514010797052,0.9975547228313312,2000,source_recording_stratified_by_class,12,source_file,MultisourceFusionNet,full_engineered_features_254,43,254.0,full_engineered_254,corrected_formal_train_only_zscore,,
corrected_fusion_full_engineered_features_254_source_file_seed43_predictions.csv,window_clustered,worst_class_recall,0.988826815642458,0.9876203445065176,0.9776536312849162,0.9958100558659218,2000,source_recording_stratified_by_class,12,source_file,MultisourceFusionNet,full_engineered_features_254,43,254.0,full_engineered_254,corrected_formal_train_only_zscore,,
corrected_fusion_full_engineered_features_254_source_file_seed44_predictions.csv,source_mean_probability,accuracy,1.0,1.0,1.0,1.0,2000,source_recording_stratified_by_class,12,source_file,MultisourceFusionNet,full_engineered_features_254,44,254.0,full_engineered_254,corrected_formal_train_only_zscore,,
corrected_fusion_full_engineered_features_254_source_file_seed44_predictions.csv,source_mean_probability,macro_f1,1.0,1.0,1.0,1.0,2000,source_recording_stratified_by_class,12,source_file,MultisourceFusionNet,full_engineered_features_254,44,254.0,full_engineered_254,corrected_formal_train_only_zscore,,
corrected_fusion_full_engineered_features_254_source_file_seed44_predictions.csv,source_mean_probability,worst_class_recall,1.0,1.0,1.0,1.0,2000,source_recording_stratified_by_class,12,source_file,MultisourceFusionNet,full_engineered_features_254,44,254.0,full_engineered_254,corrected_formal_train_only_zscore,,
corrected_fusion_full_engineered_features_254_source_file_seed44_predictions.csv,source_majority_vote,accuracy,1.0,1.0,1.0,1.0,2000,source_recording_stratified_by_class,12,source_file,MultisourceFusionNet,full_engineered_features_254,44,254.0,full_engineered_254,corrected_formal_train_only_zscore,,
corrected_fusion_full_engineered_features_254_source_file_seed44_predictions.csv,source_majority_vote,macro_f1,1.0,1.0,1.0,1.0,2000,source_recording_stratified_by_class,12,source_file,MultisourceFusionNet,full_engineered_features_254,44,254.0,full_engineered_254,corrected_formal_train_only_zscore,,
corrected_fusion_full_engineered_features_254_source_file_seed44_predictions.csv,source_majority_vote,worst_class_recall,1.0,1.0,1.0,1.0,2000,source_recording_stratified_by_class,12,source_file,MultisourceFusionNet,full_engineered_features_254,44,254.0,full_engineered_254,corrected_formal_train_only_zscore,,
corrected_fusion_full_engineered_features_254_source_file_seed44_predictions.csv,window_clustered,accuracy,0.9953445065176908,0.9953256517690876,0.9911545623836128,0.9990689013035382,2000,source_recording_stratified_by_class,12,source_file,MultisourceFusionNet,full_engineered_features_254,44,254.0,full_engineered_254,corrected_formal_train_only_zscore,,
corrected_fusion_full_engineered_features_254_source_file_seed44_predictions.csv,window_clustered,macro_f1,0.995107199558842,0.9950859344213576,0.9906118480074788,0.9991849070546848,2000,source_recording_stratified_by_class,12,source_file,MultisourceFusionNet,full_engineered_features_254,44,254.0,full_engineered_254,corrected_formal_train_only_zscore,,
corrected_fusion_full_engineered_features_254_source_file_seed44_predictions.csv,window_clustered,worst_class_recall,0.988826815642458,0.9873151769087524,0.9776536312849162,0.9962756052141528,2000,source_recording_stratified_by_class,12,source_file,MultisourceFusionNet,full_engineered_features_254,44,254.0,full_engineered_254,corrected_formal_train_only_zscore,,
corrected_fusion_full_multisource_fusion_cross_condition_seed42_predictions.csv,source_mean_probability,accuracy,0.9523809523809524,0.9529761904761906,0.8809523809523809,1.0,2000,source_recording_stratified_by_class,42,cross_condition,MultisourceFusionNet,full_multisource_fusion,42,262.0,full_fusion_legacy_262,corrected_formal_train_only_zscore,,
corrected_fusion_full_multisource_fusion_cross_condition_seed42_predictions.csv,source_mean_probability,macro_f1,0.9582971014492754,0.9586010579133396,0.895054945054945,1.0,2000,source_recording_stratified_by_class,42,cross_condition,MultisourceFusionNet,full_multisource_fusion,42,262.0,full_fusion_legacy_262,corrected_formal_train_only_zscore,,
corrected_fusion_full_multisource_fusion_cross_condition_seed42_predictions.csv,source_mean_probability,worst_class_recall,0.9166666666666666,0.8765,0.6666666666666666,1.0,2000,source_recording_stratified_by_class,42,cross_condition,MultisourceFusionNet,full_multisource_fusion,42,262.0,full_fusion_legacy_262,corrected_formal_train_only_zscore,,
corrected_fusion_full_multisource_fusion_cross_condition_seed42_predictions.csv,source_majority_vote,accuracy,0.9523809523809524,0.9529761904761906,0.8809523809523809,1.0,2000,source_recording_stratified_by_class,42,cross_condition,MultisourceFusionNet,full_multisource_fusion,42,262.0,full_fusion_legacy_262,corrected_formal_train_only_zscore,,
corrected_fusion_full_multisource_fusion_cross_condition_seed42_predictions.csv,source_majority_vote,macro_f1,0.9582971014492754,0.9586010579133396,0.895054945054945,1.0,2000,source_recording_stratified_by_class,42,cross_condition,MultisourceFusionNet,full_multisource_fusion,42,262.0,full_fusion_legacy_262,corrected_formal_train_only_zscore,,
corrected_fusion_full_multisource_fusion_cross_condition_seed42_predictions.csv,source_majority_vote,worst_class_recall,0.9166666666666666,0.8765,0.6666666666666666,1.0,2000,source_recording_stratified_by_class,42,cross_condition,MultisourceFusionNet,full_multisource_fusion,42,262.0,full_fusion_legacy_262,corrected_formal_train_only_zscore,,
corrected_fusion_full_multisource_fusion_cross_condition_seed42_predictions.csv,window_clustered,accuracy,0.958366586858207,0.958738161745145,0.9003724394785847,0.9988028731045492,2000,source_recording_stratified_by_class,42,cross_condition,MultisourceFusionNet,full_multisource_fusion,42,262.0,full_fusion_legacy_262,corrected_formal_train_only_zscore,,
corrected_fusion_full_multisource_fusion_cross_condition_seed42_predictions.csv,window_clustered,macro_f1,0.9633748321863088,0.963554368227164,0.912232811694521,0.9988361203230514,2000,source_recording_stratified_by_class,42,cross_condition,MultisourceFusionNet,full_multisource_fusion,42,262.0,full_fusion_legacy_262,corrected_formal_train_only_zscore,,
corrected_fusion_full_multisource_fusion_cross_condition_seed42_predictions.csv,window_clustered,worst_class_recall,0.9269087523277468,0.8947339385474858,0.755586592178771,0.9962756052141528,2000,source_recording_stratified_by_class,42,cross_condition,MultisourceFusionNet,full_multisource_fusion,42,262.0,full_fusion_legacy_262,corrected_formal_train_only_zscore,,
corrected_fusion_full_multisource_fusion_cross_condition_seed43_predictions.csv,source_mean_probability,accuracy,0.9761904761904762,0.9767857142857144,0.9285714285714286,1.0,2000,source_recording_stratified_by_class,42,cross_condition,MultisourceFusionNet,full_multisource_fusion,43,262.0,full_fusion_legacy_262,corrected_formal_train_only_zscore,,
corrected_fusion_full_multisource_fusion_cross_condition_seed43_predictions.csv,source_mean_probability,macro_f1,0.9791304347826086,0.979530361201434,0.9365079365079364,1.0,2000,source_recording_stratified_by_class,42,cross_condition,MultisourceFusionNet,full_multisource_fusion,43,262.0,full_fusion_legacy_262,corrected_formal_train_only_zscore,,
corrected_fusion_full_multisource_fusion_cross_condition_seed43_predictions.csv,source_mean_probability,worst_class_recall,0.9166666666666666,0.91875,0.75,1.0,2000,source_recording_stratified_by_class,42,cross_condition,MultisourceFusionNet,full_multisource_fusion,43,262.0,full_fusion_legacy_262,corrected_formal_train_only_zscore,,
corrected_fusion_full_multisource_fusion_cross_condition_seed43_predictions.csv,source_majority_vote,accuracy,0.9761904761904762,0.9767857142857144,0.9285714285714286,1.0,2000,source_recording_stratified_by_class,42,cross_condition,MultisourceFusionNet,full_multisource_fusion,43,262.0,full_fusion_legacy_262,corrected_formal_train_only_zscore,,
corrected_fusion_full_multisource_fusion_cross_condition_seed43_predictions.csv,source_majority_vote,macro_f1,0.9791304347826086,0.979530361201434,0.9365079365079364,1.0,2000,source_recording_stratified_by_class,42,cross_condition,MultisourceFusionNet,full_multisource_fusion,43,262.0,full_fusion_legacy_262,corrected_formal_train_only_zscore,,
corrected_fusion_full_multisource_fusion_cross_condition_seed43_predictions.csv,source_majority_vote,worst_class_recall,0.9166666666666666,0.91875,0.75,1.0,2000,source_recording_stratified_by_class,42,cross_condition,MultisourceFusionNet,full_multisource_fusion,43,262.0,full_fusion_legacy_262,corrected_formal_train_only_zscore,,
corrected_fusion_full_multisource_fusion_cross_condition_seed43_predictions.csv,window_clustered,accuracy,0.9635541367384944,0.9643929236499068,0.9122106943335994,0.9972067039106144,2000,source_recording_stratified_by_class,42,cross_condition,MultisourceFusionNet,full_multisource_fusion,43,262.0,full_fusion_legacy_262,corrected_formal_train_only_zscore,,
corrected_fusion_full_multisource_fusion_cross_condition_seed43_predictions.csv,window_clustered,macro_f1,0.967033217767149,0.9676690253808216,0.9218016182418908,0.9968482181774828,2000,source_recording_stratified_by_class,42,cross_condition,MultisourceFusionNet,full_multisource_fusion,43,262.0,full_fusion_legacy_262,corrected_formal_train_only_zscore,,
corrected_fusion_full_multisource_fusion_cross_condition_seed43_predictions.csv,window_clustered,worst_class_recall,0.9250465549348232,0.9102423184357544,0.7751396648044693,0.9916201117318436,2000,source_recording_stratified_by_class,42,cross_condition,MultisourceFusionNet,full_multisource_fusion,43,262.0,full_fusion_legacy_262,corrected_formal_train_only_zscore,,
corrected_fusion_full_multisource_fusion_cross_condition_seed44_predictions.csv,source_mean_probability,accuracy,0.9761904761904762,0.9774166666666666,0.9285714285714286,1.0,2000,source_recording_stratified_by_class,42,cross_condition,MultisourceFusionNet,full_multisource_fusion,44,262.0,full_fusion_legacy_262,corrected_formal_train_only_zscore,,
corrected_fusion_full_multisource_fusion_cross_condition_seed44_predictions.csv,source_mean_probability,macro_f1,0.9791304347826086,0.98008220589304,0.9365079365079364,1.0,2000,source_recording_stratified_by_class,42,cross_condition,MultisourceFusionNet,full_multisource_fusion,44,262.0,full_fusion_legacy_262,corrected_formal_train_only_zscore,,
corrected_fusion_full_multisource_fusion_cross_condition_seed44_predictions.csv,source_mean_probability,worst_class_recall,0.9166666666666666,0.9209583333333332,0.75,1.0,2000,source_recording_stratified_by_class,42,cross_condition,MultisourceFusionNet,full_multisource_fusion,44,262.0,full_fusion_legacy_262,corrected_formal_train_only_zscore,,
corrected_fusion_full_multisource_fusion_cross_condition_seed44_predictions.csv,source_majority_vote,accuracy,0.9761904761904762,0.9774166666666666,0.9285714285714286,1.0,2000,source_recording_stratified_by_class,42,cross_condition,MultisourceFusionNet,full_multisource_fusion,44,262.0,full_fusion_legacy_262,corrected_formal_train_only_zscore,,
corrected_fusion_full_multisource_fusion_cross_condition_seed44_predictions.csv,source_majority_vote,macro_f1,0.9791304347826086,0.98008220589304,0.9365079365079364,1.0,2000,source_recording_stratified_by_class,42,cross_condition,MultisourceFusionNet,full_multisource_fusion,44,262.0,full_fusion_legacy_262,corrected_formal_train_only_zscore,,
corrected_fusion_full_multisource_fusion_cross_condition_seed44_predictions.csv,source_majority_vote,worst_class_recall,0.9166666666666666,0.9209583333333332,0.75,1.0,2000,source_recording_stratified_by_class,42,cross_condition,MultisourceFusionNet,full_multisource_fusion,44,262.0,full_fusion_legacy_262,corrected_formal_train_only_zscore,,
corrected_fusion_full_multisource_fusion_cross_condition_seed44_predictions.csv,window_clustered,accuracy,0.9658153764299016,0.9669606278265496,0.9163341314179304,0.9962756052141528,2000,source_recording_stratified_by_class,42,cross_condition,MultisourceFusionNet,full_multisource_fusion,44,262.0,full_fusion_legacy_262,corrected_formal_train_only_zscore,,
corrected_fusion_full_multisource_fusion_cross_condition_seed44_predictions.csv,window_clustered,macro_f1,0.9677239976635904,0.968581051984902,0.9224734430242632,0.9956366007252448,2000,source_recording_stratified_by_class,42,cross_condition,MultisourceFusionNet,full_multisource_fusion,44,262.0,full_fusion_legacy_262,corrected_formal_train_only_zscore,,
corrected_fusion_full_multisource_fusion_cross_condition_seed44_predictions.csv,window_clustered,worst_class_recall,0.914804469273743,0.9058040037243948,0.7527932960893855,0.9851024208566108,2000,source_recording_stratified_by_class,42,cross_condition,MultisourceFusionNet,full_multisource_fusion,44,262.0,full_fusion_legacy_262,corrected_formal_train_only_zscore,,
corrected_fusion_full_multisource_fusion_cross_load_seed42_predictions.csv,source_mean_probability,accuracy,1.0,1.0,1.0,1.0,2000,source_recording_stratified_by_class,42,cross_load,MultisourceFusionNet,full_multisource_fusion,42,262.0,full_fusion_legacy_262,corrected_formal_train_only_zscore,,
corrected_fusion_full_multisource_fusion_cross_load_seed42_predictions.csv,source_mean_probability,macro_f1,1.0,1.0,1.0,1.0,2000,source_recording_stratified_by_class,42,cross_load,MultisourceFusionNet,full_multisource_fusion,42,262.0,full_fusion_legacy_262,corrected_formal_train_only_zscore,,
corrected_fusion_full_multisource_fusion_cross_load_seed42_predictions.csv,source_mean_probability,worst_class_recall,1.0,1.0,1.0,1.0,2000,source_recording_stratified_by_class,42,cross_load,MultisourceFusionNet,full_multisource_fusion,42,262.0,full_fusion_legacy_262,corrected_formal_train_only_zscore,,
corrected_fusion_full_multisource_fusion_cross_load_seed42_predictions.csv,source_majority_vote,accuracy,1.0,1.0,1.0,1.0,2000,source_recording_stratified_by_class,42,cross_load,MultisourceFusionNet,full_multisource_fusion,42,262.0,full_fusion_legacy_262,corrected_formal_train_only_zscore,,
corrected_fusion_full_multisource_fusion_cross_load_seed42_predictions.csv,source_majority_vote,macro_f1,1.0,1.0,1.0,1.0,2000,source_recording_stratified_by_class,42,cross_load,MultisourceFusionNet,full_multisource_fusion,42,262.0,full_fusion_legacy_262,corrected_formal_train_only_zscore,,
corrected_fusion_full_multisource_fusion_cross_load_seed42_predictions.csv,source_majority_vote,worst_class_recall,1.0,1.0,1.0,1.0,2000,source_recording_stratified_by_class,42,cross_load,MultisourceFusionNet,full_multisource_fusion,42,262.0,full_fusion_legacy_262,corrected_formal_train_only_zscore,,
corrected_fusion_full_multisource_fusion_cross_load_seed42_predictions.csv,window_clustered,accuracy,0.9808459696727854,0.9806348097898376,0.970071827613727,0.9896249002394254,2000,source_recording_stratified_by_class,42,cross_load,MultisourceFusionNet,full_multisource_fusion,42,262.0,full_fusion_legacy_262,corrected_formal_train_only_zscore,,
corrected_fusion_full_multisource_fusion_cross_load_seed42_predictions.csv,window_clustered,macro_f1,0.981073278709399,0.9808635289437916,0.9704294787677544,0.9896973100083528,2000,source_recording_stratified_by_class,42,cross_load,MultisourceFusionNet,full_multisource_fusion,42,262.0,full_fusion_legacy_262,corrected_formal_train_only_zscore,,
corrected_fusion_full_multisource_fusion_cross_load_seed42_predictions.csv,window_clustered,worst_class_recall,0.962756052141527,0.9615451582867784,0.9301559590316574,0.9851024208566108,2000,source_recording_stratified_by_class,42,cross_load,MultisourceFusionNet,full_multisource_fusion,42,262.0,full_fusion_legacy_262,corrected_formal_train_only_zscore,,
corrected_fusion_full_multisource_fusion_cross_load_seed43_predictions.csv,source_mean_probability,accuracy,1.0,1.0,1.0,1.0,2000,source_recording_stratified_by_class,42,cross_load,MultisourceFusionNet,full_multisource_fusion,43,262.0,full_fusion_legacy_262,corrected_formal_train_only_zscore,,
corrected_fusion_full_multisource_fusion_cross_load_seed43_predictions.csv,source_mean_probability,macro_f1,1.0,1.0,1.0,1.0,2000,source_recording_stratified_by_class,42,cross_load,MultisourceFusionNet,full_multisource_fusion,43,262.0,full_fusion_legacy_262,corrected_formal_train_only_zscore,,
corrected_fusion_full_multisource_fusion_cross_load_seed43_predictions.csv,source_mean_probability,worst_class_recall,1.0,1.0,1.0,1.0,2000,source_recording_stratified_by_class,42,cross_load,MultisourceFusionNet,full_multisource_fusion,43,262.0,full_fusion_legacy_262,corrected_formal_train_only_zscore,,
corrected_fusion_full_multisource_fusion_cross_load_seed43_predictions.csv,source_majority_vote,accuracy,1.0,1.0,1.0,1.0,2000,source_recording_stratified_by_class,42,cross_load,MultisourceFusionNet,full_multisource_fusion,43,262.0,full_fusion_legacy_262,corrected_formal_train_only_zscore,,
corrected_fusion_full_multisource_fusion_cross_load_seed43_predictions.csv,source_majority_vote,macro_f1,1.0,1.0,1.0,1.0,2000,source_recording_stratified_by_class,42,cross_load,MultisourceFusionNet,full_multisource_fusion,43,262.0,full_fusion_legacy_262,corrected_formal_train_only_zscore,,
corrected_fusion_full_multisource_fusion_cross_load_seed43_predictions.csv,source_majority_vote,worst_class_recall,1.0,1.0,1.0,1.0,2000,source_recording_stratified_by_class,42,cross_load,MultisourceFusionNet,full_multisource_fusion,43,262.0,full_fusion_legacy_262,corrected_formal_train_only_zscore,,
corrected_fusion_full_multisource_fusion_cross_load_seed43_predictions.csv,window_clustered,accuracy,0.967411545623836,0.9671789039638202,0.9495876562915668,0.9817770683692472,2000,source_recording_stratified_by_class,42,cross_load,MultisourceFusionNet,full_multisource_fusion,43,262.0,full_fusion_legacy_262,corrected_formal_train_only_zscore,,
corrected_fusion_full_multisource_fusion_cross_load_seed43_predictions.csv,window_clustered,macro_f1,0.9616650685320702,0.9614473123454343,0.9413523893538188,0.97867340695901,2000,source_recording_stratified_by_class,42,cross_load,MultisourceFusionNet,full_multisource_fusion,43,262.0,full_fusion_legacy_262,corrected_formal_train_only_zscore,,
corrected_fusion_full_multisource_fusion_cross_load_seed43_predictions.csv,window_clustered,worst_class_recall,0.9450651769087524,0.9380216480446928,0.9017458100558658,0.9678770949720672,2000,source_recording_stratified_by_class,42,cross_load,MultisourceFusionNet,full_multisource_fusion,43,262.0,full_fusion_legacy_262,corrected_formal_train_only_zscore,,
corrected_fusion_full_multisource_fusion_cross_load_seed44_predictions.csv,source_mean_probability,accuracy,1.0,1.0,1.0,1.0,2000,source_recording_stratified_by_class,42,cross_load,MultisourceFusionNet,full_multisource_fusion,44,262.0,full_fusion_legacy_262,corrected_formal_train_only_zscore,,
corrected_fusion_full_multisource_fusion_cross_load_seed44_predictions.csv,source_mean_probability,macro_f1,1.0,1.0,1.0,1.0,2000,source_recording_stratified_by_class,42,cross_load,MultisourceFusionNet,full_multisource_fusion,44,262.0,full_fusion_legacy_262,corrected_formal_train_only_zscore,,
corrected_fusion_full_multisource_fusion_cross_load_seed44_predictions.csv,source_mean_probability,worst_class_recall,1.0,1.0,1.0,1.0,2000,source_recording_stratified_by_class,42,cross_load,MultisourceFusionNet,full_multisource_fusion,44,262.0,full_fusion_legacy_262,corrected_formal_train_only_zscore,,
corrected_fusion_full_multisource_fusion_cross_load_seed44_predictions.csv,source_majority_vote,accuracy,1.0,1.0,1.0,1.0,2000,source_recording_stratified_by_class,42,cross_load,MultisourceFusionNet,full_multisource_fusion,44,262.0,full_fusion_legacy_262,corrected_formal_train_only_zscore,,
corrected_fusion_full_multisource_fusion_cross_load_seed44_predictions.csv,source_majority_vote,macro_f1,1.0,1.0,1.0,1.0,2000,source_recording_stratified_by_class,42,cross_load,MultisourceFusionNet,full_multisource_fusion,44,262.0,full_fusion_legacy_262,corrected_formal_train_only_zscore,,
corrected_fusion_full_multisource_fusion_cross_load_seed44_predictions.csv,source_majority_vote,worst_class_recall,1.0,1.0,1.0,1.0,2000,source_recording_stratified_by_class,42,cross_load,MultisourceFusionNet,full_multisource_fusion,44,262.0,full_fusion_legacy_262,corrected_formal_train_only_zscore,,
corrected_fusion_full_multisource_fusion_cross_load_seed44_predictions.csv,window_clustered,accuracy,0.9356211758446396,0.9362359005054536,0.9044925512104284,0.9635541367384944,2000,source_recording_stratified_by_class,42,cross_load,MultisourceFusionNet,full_multisource_fusion,44,262.0,full_fusion_legacy_262,corrected_formal_train_only_zscore,,
corrected_fusion_full_multisource_fusion_cross_load_seed44_predictions.csv,window_clustered,macro_f1,0.9284207899015418,0.9292947313126751,0.8955207702416091,0.9600334803107056,2000,source_recording_stratified_by_class,42,cross_load,MultisourceFusionNet,full_multisource_fusion,44,262.0,full_fusion_legacy_262,corrected_formal_train_only_zscore,,
corrected_fusion_full_multisource_fusion_cross_load_seed44_predictions.csv,window_clustered,worst_class_recall,0.9036312849162011,0.8949350558659218,0.819820763500931,0.9445996275605214,2000,source_recording_stratified_by_class,42,cross_load,MultisourceFusionNet,full_multisource_fusion,44,262.0,full_fusion_legacy_262,corrected_formal_train_only_zscore,,
corrected_fusion_full_multisource_fusion_cross_rpm_seed42_predictions.csv,source_mean_probability,accuracy,0.6071428571428571,0.6061071428571428,0.4642857142857143,0.7142857142857143,2000,source_recording_stratified_by_class,28,cross_rpm,MultisourceFusionNet,full_multisource_fusion,42,262.0,full_fusion_legacy_262,corrected_formal_train_only_zscore,,
corrected_fusion_full_multisource_fusion_cross_rpm_seed42_predictions.csv,source_mean_probability,macro_f1,0.4951136363636363,0.4890503603403847,0.35,0.5923076923076924,2000,source_recording_stratified_by_class,28,cross_rpm,MultisourceFusionNet,full_multisource_fusion,42,262.0,full_fusion_legacy_262,corrected_formal_train_only_zscore,,
corrected_fusion_full_multisource_fusion_cross_rpm_seed42_predictions.csv,source_mean_probability,worst_class_recall,0.0,0.0,0.0,0.0,2000,source_recording_stratified_by_class,28,cross_rpm,MultisourceFusionNet,full_multisource_fusion,42,262.0,full_fusion_legacy_262,corrected_formal_train_only_zscore,,
corrected_fusion_full_multisource_fusion_cross_rpm_seed42_predictions.csv,source_majority_vote,accuracy,0.6071428571428571,0.6061071428571428,0.4642857142857143,0.7142857142857143,2000,source_recording_stratified_by_class,28,cross_rpm,MultisourceFusionNet,full_multisource_fusion,42,262.0,full_fusion_legacy_262,corrected_formal_train_only_zscore,,
corrected_fusion_full_multisource_fusion_cross_rpm_seed42_predictions.csv,source_majority_vote,macro_f1,0.4951136363636363,0.4890503603403847,0.35,0.5923076923076924,2000,source_recording_stratified_by_class,28,cross_rpm,MultisourceFusionNet,full_multisource_fusion,42,262.0,full_fusion_legacy_262,corrected_formal_train_only_zscore,,
corrected_fusion_full_multisource_fusion_cross_rpm_seed42_predictions.csv,source_majority_vote,worst_class_recall,0.0,0.0,0.0,0.0,2000,source_recording_stratified_by_class,28,cross_rpm,MultisourceFusionNet,full_multisource_fusion,42,262.0,full_fusion_legacy_262,corrected_formal_train_only_zscore,,
corrected_fusion_full_multisource_fusion_cross_rpm_seed42_predictions.csv,window_clustered,accuracy,0.5927773343974462,0.5922808260175578,0.4930167597765363,0.6873603351955306,2000,source_recording_stratified_by_class,28,cross_rpm,MultisourceFusionNet,full_multisource_fusion,42,262.0,full_fusion_legacy_262,corrected_formal_train_only_zscore,,
corrected_fusion_full_multisource_fusion_cross_rpm_seed42_predictions.csv,window_clustered,macro_f1,0.4964883797103556,0.4943429264707849,0.408202698357336,0.5792148591773483,2000,source_recording_stratified_by_class,28,cross_rpm,MultisourceFusionNet,full_multisource_fusion,42,262.0,full_fusion_legacy_262,corrected_formal_train_only_zscore,,
corrected_fusion_full_multisource_fusion_cross_rpm_seed42_predictions.csv,window_clustered,worst_class_recall,0.0251396648044692,0.0251773743016759,0.0,0.0502793296089385,2000,source_recording_stratified_by_class,28,cross_rpm,MultisourceFusionNet,full_multisource_fusion,42,262.0,full_fusion_legacy_262,corrected_formal_train_only_zscore,,
corrected_fusion_full_multisource_fusion_cross_rpm_seed43_predictions.csv,source_mean_probability,accuracy,0.5714285714285714,0.5732321428571427,0.5,0.6785714285714286,2000,source_recording_stratified_by_class,28,cross_rpm,MultisourceFusionNet,full_multisource_fusion,43,262.0,full_fusion_legacy_262,corrected_formal_train_only_zscore,,
corrected_fusion_full_multisource_fusion_cross_rpm_seed43_predictions.csv,source_mean_probability,macro_f1,0.4317460317460317,0.4300901950264293,0.34375,0.553030303030303,2000,source_recording_stratified_by_class,28,cross_rpm,MultisourceFusionNet,full_multisource_fusion,43,262.0,full_fusion_legacy_262,corrected_formal_train_only_zscore,,
corrected_fusion_full_multisource_fusion_cross_rpm_seed43_predictions.csv,source_mean_probability,worst_class_recall,0.0,0.0,0.0,0.0,2000,source_recording_stratified_by_class,28,cross_rpm,MultisourceFusionNet,full_multisource_fusion,43,262.0,full_fusion_legacy_262,corrected_formal_train_only_zscore,,
corrected_fusion_full_multisource_fusion_cross_rpm_seed43_predictions.csv,source_majority_vote,accuracy,0.5714285714285714,0.5732321428571427,0.5,0.6785714285714286,2000,source_recording_stratified_by_class,28,cross_rpm,MultisourceFusionNet,full_multisource_fusion,43,262.0,full_fusion_legacy_262,corrected_formal_train_only_zscore,,
corrected_fusion_full_multisource_fusion_cross_rpm_seed43_predictions.csv,source_majority_vote,macro_f1,0.4317460317460317,0.4300901950264293,0.34375,0.553030303030303,2000,source_recording_stratified_by_class,28,cross_rpm,MultisourceFusionNet,full_multisource_fusion,43,262.0,full_fusion_legacy_262,corrected_formal_train_only_zscore,,
corrected_fusion_full_multisource_fusion_cross_rpm_seed43_predictions.csv,source_majority_vote,worst_class_recall,0.0,0.0,0.0,0.0,2000,source_recording_stratified_by_class,28,cross_rpm,MultisourceFusionNet,full_multisource_fusion,43,262.0,full_fusion_legacy_262,corrected_formal_train_only_zscore,,
corrected_fusion_full_multisource_fusion_cross_rpm_seed43_predictions.csv,window_clustered,accuracy,0.6047486033519553,0.6056801675977653,0.5239076217079011,0.6719872306464485,2000,source_recording_stratified_by_class,28,cross_rpm,MultisourceFusionNet,full_multisource_fusion,43,262.0,full_fusion_legacy_262,corrected_formal_train_only_zscore,,
corrected_fusion_full_multisource_fusion_cross_rpm_seed43_predictions.csv,window_clustered,macro_f1,0.5311185182687883,0.5294766135571749,0.4360343395997553,0.6149354947045185,2000,source_recording_stratified_by_class,28,cross_rpm,MultisourceFusionNet,full_multisource_fusion,43,262.0,full_fusion_legacy_262,corrected_formal_train_only_zscore,,
corrected_fusion_full_multisource_fusion_cross_rpm_seed43_predictions.csv,window_clustered,worst_class_recall,0.164804469273743,0.1436899441340781,0.0,0.2541899441340782,2000,source_recording_stratified_by_class,28,cross_rpm,MultisourceFusionNet,full_multisource_fusion,43,262.0,full_fusion_legacy_262,corrected_formal_train_only_zscore,,
corrected_fusion_full_multisource_fusion_cross_rpm_seed44_predictions.csv,source_mean_probability,accuracy,0.4642857142857143,0.4642142857142858,0.3571428571428571,0.5714285714285714,2000,source_recording_stratified_by_class,28,cross_rpm,MultisourceFusionNet,full_multisource_fusion,44,262.0,full_fusion_legacy_262,corrected_formal_train_only_zscore,,
corrected_fusion_full_multisource_fusion_cross_rpm_seed44_predictions.csv,source_mean_probability,macro_f1,0.3689123376623376,0.3656972358580047,0.2693654337989376,0.469187675070028,2000,source_recording_stratified_by_class,28,cross_rpm,MultisourceFusionNet,full_multisource_fusion,44,262.0,full_fusion_legacy_262,corrected_formal_train_only_zscore,,
corrected_fusion_full_multisource_fusion_cross_rpm_seed44_predictions.csv,source_mean_probability,worst_class_recall,0.0,0.0,0.0,0.0,2000,source_recording_stratified_by_class,28,cross_rpm,MultisourceFusionNet,full_multisource_fusion,44,262.0,full_fusion_legacy_262,corrected_formal_train_only_zscore,,
corrected_fusion_full_multisource_fusion_cross_rpm_seed44_predictions.csv,source_majority_vote,accuracy,0.4285714285714285,0.4286964285714285,0.3214285714285714,0.5,2000,source_recording_stratified_by_class,28,cross_rpm,MultisourceFusionNet,full_multisource_fusion,44,262.0,full_fusion_legacy_262,corrected_formal_train_only_zscore,,
corrected_fusion_full_multisource_fusion_cross_rpm_seed44_predictions.csv,source_majority_vote,macro_f1,0.3257575757575757,0.3249357502170976,0.2423636363636363,0.3855072463768116,2000,source_recording_stratified_by_class,28,cross_rpm,MultisourceFusionNet,full_multisource_fusion,44,262.0,full_fusion_legacy_262,corrected_formal_train_only_zscore,,
corrected_fusion_full_multisource_fusion_cross_rpm_seed44_predictions.csv,source_majority_vote,worst_class_recall,0.0,0.0,0.0,0.0,2000,source_recording_stratified_by_class,28,cross_rpm,MultisourceFusionNet,full_multisource_fusion,44,262.0,full_fusion_legacy_262,corrected_formal_train_only_zscore,,
corrected_fusion_full_multisource_fusion_cross_rpm_seed44_predictions.csv,window_clustered,accuracy,0.5175578611332802,0.5174784517158819,0.4419343575418994,0.59198423782921,2000,source_recording_stratified_by_class,28,cross_rpm,MultisourceFusionNet,full_multisource_fusion,44,262.0,full_fusion_legacy_262,corrected_formal_train_only_zscore,,
corrected_fusion_full_multisource_fusion_cross_rpm_seed44_predictions.csv,window_clustered,macro_f1,0.4592068906569433,0.4569699032142677,0.3739111385751431,0.5393635275744108,2000,source_recording_stratified_by_class,28,cross_rpm,MultisourceFusionNet,full_multisource_fusion,44,262.0,full_fusion_legacy_262,corrected_formal_train_only_zscore,,
corrected_fusion_full_multisource_fusion_cross_rpm_seed44_predictions.csv,window_clustered,worst_class_recall,0.1243016759776536,0.1223639819987585,0.0,0.2597765363128491,2000,source_recording_stratified_by_class,28,cross_rpm,MultisourceFusionNet,full_multisource_fusion,44,262.0,full_fusion_legacy_262,corrected_formal_train_only_zscore,,
corrected_fusion_full_multisource_fusion_cross_rpm_seed45_predictions.csv,source_mean_probability,accuracy,0.3928571428571428,0.39225,0.2857142857142857,0.5,2000,source_recording_stratified_by_class,28,cross_rpm,MultisourceFusionNet,full_multisource_fusion,45,262.0,full_fusion_legacy_262,corrected_formal_train_only_zscore,,
corrected_fusion_full_multisource_fusion_cross_rpm_seed45_predictions.csv,source_mean_probability,macro_f1,0.2474120082815735,0.2466070621325664,0.1623931623931623,0.3208333333333333,2000,source_recording_stratified_by_class,28,cross_rpm,MultisourceFusionNet,full_multisource_fusion,45,262.0,full_fusion_legacy_262,corrected_formal_train_only_zscore,,
corrected_fusion_full_multisource_fusion_cross_rpm_seed45_predictions.csv,source_mean_probability,worst_class_recall,0.0,0.0,0.0,0.0,2000,source_recording_stratified_by_class,28,cross_rpm,MultisourceFusionNet,full_multisource_fusion,45,262.0,full_fusion_legacy_262,corrected_formal_train_only_zscore,,
corrected_fusion_full_multisource_fusion_cross_rpm_seed45_predictions.csv,source_majority_vote,accuracy,0.3928571428571428,0.39225,0.2857142857142857,0.5,2000,source_recording_stratified_by_class,28,cross_rpm,MultisourceFusionNet,full_multisource_fusion,45,262.0,full_fusion_legacy_262,corrected_formal_train_only_zscore,,
corrected_fusion_full_multisource_fusion_cross_rpm_seed45_predictions.csv,source_majority_vote,macro_f1,0.2474120082815735,0.2466070621325664,0.1623931623931623,0.3208333333333333,2000,source_recording_stratified_by_class,28,cross_rpm,MultisourceFusionNet,full_multisource_fusion,45,262.0,full_fusion_legacy_262,corrected_formal_train_only_zscore,,
corrected_fusion_full_multisource_fusion_cross_rpm_seed45_predictions.csv,source_majority_vote,worst_class_recall,0.0,0.0,0.0,0.0,2000,source_recording_stratified_by_class,28,cross_rpm,MultisourceFusionNet,full_multisource_fusion,45,262.0,full_fusion_legacy_262,corrected_formal_train_only_zscore,,
corrected_fusion_full_multisource_fusion_cross_rpm_seed45_predictions.csv,window_clustered,accuracy,0.4243814844373503,0.4244233838786911,0.3485634477254589,0.497815243415802,2000,source_recording_stratified_by_class,28,cross_rpm,MultisourceFusionNet,full_multisource_fusion,45,262.0,full_fusion_legacy_262,corrected_formal_train_only_zscore,,
corrected_fusion_full_multisource_fusion_cross_rpm_seed45_predictions.csv,window_clustered,macro_f1,0.324942778462999,0.3235232546191773,0.2465198710580064,0.3919365331839326,2000,source_recording_stratified_by_class,28,cross_rpm,MultisourceFusionNet,full_multisource_fusion,45,262.0,full_fusion_legacy_262,corrected_formal_train_only_zscore,,
corrected_fusion_full_multisource_fusion_cross_rpm_seed45_predictions.csv,window_clustered,worst_class_recall,0.0223463687150838,0.0222423184357541,0.0,0.0446927374301676,2000,source_recording_stratified_by_class,28,cross_rpm,MultisourceFusionNet,full_multisource_fusion,45,262.0,full_fusion_legacy_262,corrected_formal_train_only_zscore,,
corrected_fusion_full_multisource_fusion_cross_rpm_seed46_predictions.csv,source_mean_probability,accuracy,0.5357142857142857,0.5353392857142856,0.4642857142857143,0.5714285714285714,2000,source_recording_stratified_by_class,28,cross_rpm,MultisourceFusionNet,full_multisource_fusion,46,262.0,full_fusion_legacy_262,corrected_formal_train_only_zscore,,
corrected_fusion_full_multisource_fusion_cross_rpm_seed46_predictions.csv,source_mean_probability,macro_f1,0.3712643678160919,0.3714604867458408,0.3169934640522875,0.4,2000,source_recording_stratified_by_class,28,cross_rpm,MultisourceFusionNet,full_multisource_fusion,46,262.0,full_fusion_legacy_262,corrected_formal_train_only_zscore,,
corrected_fusion_full_multisource_fusion_cross_rpm_seed46_predictions.csv,source_mean_probability,worst_class_recall,0.0,0.0,0.0,0.0,2000,source_recording_stratified_by_class,28,cross_rpm,MultisourceFusionNet,full_multisource_fusion,46,262.0,full_fusion_legacy_262,corrected_formal_train_only_zscore,,
corrected_fusion_full_multisource_fusion_cross_rpm_seed46_predictions.csv,source_majority_vote,accuracy,0.5357142857142857,0.5353392857142856,0.4642857142857143,0.5714285714285714,2000,source_recording_stratified_by_class,28,cross_rpm,MultisourceFusionNet,full_multisource_fusion,46,262.0,full_fusion_legacy_262,corrected_formal_train_only_zscore,,
corrected_fusion_full_multisource_fusion_cross_rpm_seed46_predictions.csv,source_majority_vote,macro_f1,0.3712643678160919,0.3714604867458408,0.3169934640522875,0.4,2000,source_recording_stratified_by_class,28,cross_rpm,MultisourceFusionNet,full_multisource_fusion,46,262.0,full_fusion_legacy_262,corrected_formal_train_only_zscore,,
corrected_fusion_full_multisource_fusion_cross_rpm_seed46_predictions.csv,source_majority_vote,worst_class_recall,0.0,0.0,0.0,0.0,2000,source_recording_stratified_by_class,28,cross_rpm,MultisourceFusionNet,full_multisource_fusion,46,262.0,full_fusion_legacy_262,corrected_formal_train_only_zscore,,
corrected_fusion_full_multisource_fusion_cross_rpm_seed46_predictions.csv,window_clustered,accuracy,0.554269752593775,0.5528999401436552,0.4708599361532322,0.6245011971268954,2000,source_recording_stratified_by_class,28,cross_rpm,MultisourceFusionNet,full_multisource_fusion,46,262.0,full_fusion_legacy_262,corrected_formal_train_only_zscore,,
corrected_fusion_full_multisource_fusion_cross_rpm_seed46_predictions.csv,window_clustered,macro_f1,0.4665923297421633,0.4626923562007159,0.3765039563521337,0.549984733385025,2000,source_recording_stratified_by_class,28,cross_rpm,MultisourceFusionNet,full_multisource_fusion,46,262.0,full_fusion_legacy_262,corrected_formal_train_only_zscore,,
corrected_fusion_full_multisource_fusion_cross_rpm_seed46_predictions.csv,window_clustered,worst_class_recall,0.0879888268156424,0.0845499301675977,0.0,0.2136871508379888,2000,source_recording_stratified_by_class,28,cross_rpm,MultisourceFusionNet,full_multisource_fusion,46,262.0,full_fusion_legacy_262,corrected_formal_train_only_zscore,,
corrected_fusion_full_multisource_fusion_source_file_seed42_predictions.csv,source_mean_probability,accuracy,1.0,1.0,1.0,1.0,2000,source_recording_stratified_by_class,12,source_file,MultisourceFusionNet,full_multisource_fusion,42,262.0,full_fusion_legacy_262,corrected_formal_train_only_zscore,,
corrected_fusion_full_multisource_fusion_source_file_seed42_predictions.csv,source_mean_probability,macro_f1,1.0,1.0,1.0,1.0,2000,source_recording_stratified_by_class,12,source_file,MultisourceFusionNet,full_multisource_fusion,42,262.0,full_fusion_legacy_262,corrected_formal_train_only_zscore,,
corrected_fusion_full_multisource_fusion_source_file_seed42_predictions.csv,source_mean_probability,worst_class_recall,1.0,1.0,1.0,1.0,2000,source_recording_stratified_by_class,12,source_file,MultisourceFusionNet,full_multisource_fusion,42,262.0,full_fusion_legacy_262,corrected_formal_train_only_zscore,,
corrected_fusion_full_multisource_fusion_source_file_seed42_predictions.csv,source_majority_vote,accuracy,1.0,1.0,1.0,1.0,2000,source_recording_stratified_by_class,12,source_file,MultisourceFusionNet,full_multisource_fusion,42,262.0,full_fusion_legacy_262,corrected_formal_train_only_zscore,,
corrected_fusion_full_multisource_fusion_source_file_seed42_predictions.csv,source_majority_vote,macro_f1,1.0,1.0,1.0,1.0,2000,source_recording_stratified_by_class,12,source_file,MultisourceFusionNet,full_multisource_fusion,42,262.0,full_fusion_legacy_262,corrected_formal_train_only_zscore,,
corrected_fusion_full_multisource_fusion_source_file_seed42_predictions.csv,source_majority_vote,worst_class_recall,1.0,1.0,1.0,1.0,2000,source_recording_stratified_by_class,12,source_file,MultisourceFusionNet,full_multisource_fusion,42,262.0,full_fusion_legacy_262,corrected_formal_train_only_zscore,,
corrected_fusion_full_multisource_fusion_source_file_seed42_predictions.csv,window_clustered,accuracy,0.99487895716946,0.9947914338919924,0.9906890130353816,0.9981378026070764,2000,source_recording_stratified_by_class,12,source_file,MultisourceFusionNet,full_multisource_fusion,42,262.0,full_fusion_legacy_262,corrected_formal_train_only_zscore,,
corrected_fusion_full_multisource_fusion_source_file_seed42_predictions.csv,window_clustered,macro_f1,0.9949953952331504,0.9949132473063876,0.9911632499374892,0.9980203788221812,2000,source_recording_stratified_by_class,12,source_file,MultisourceFusionNet,full_multisource_fusion,42,262.0,full_fusion_legacy_262,corrected_formal_train_only_zscore,,
corrected_fusion_full_multisource_fusion_source_file_seed42_predictions.csv,window_clustered,worst_class_recall,0.994413407821229,0.990921787709497,0.9832402234636872,0.994413407821229,2000,source_recording_stratified_by_class,12,source_file,MultisourceFusionNet,full_multisource_fusion,42,262.0,full_fusion_legacy_262,corrected_formal_train_only_zscore,,
corrected_fusion_full_multisource_fusion_source_file_seed43_predictions.csv,source_mean_probability,accuracy,1.0,1.0,1.0,1.0,2000,source_recording_stratified_by_class,12,source_file,MultisourceFusionNet,full_multisource_fusion,43,262.0,full_fusion_legacy_262,corrected_formal_train_only_zscore,,
corrected_fusion_full_multisource_fusion_source_file_seed43_predictions.csv,source_mean_probability,macro_f1,1.0,1.0,1.0,1.0,2000,source_recording_stratified_by_class,12,source_file,MultisourceFusionNet,full_multisource_fusion,43,262.0,full_fusion_legacy_262,corrected_formal_train_only_zscore,,
corrected_fusion_full_multisource_fusion_source_file_seed43_predictions.csv,source_mean_probability,worst_class_recall,1.0,1.0,1.0,1.0,2000,source_recording_stratified_by_class,12,source_file,MultisourceFusionNet,full_multisource_fusion,43,262.0,full_fusion_legacy_262,corrected_formal_train_only_zscore,,
corrected_fusion_full_multisource_fusion_source_file_seed43_predictions.csv,source_majority_vote,accuracy,1.0,1.0,1.0,1.0,2000,source_recording_stratified_by_class,12,source_file,MultisourceFusionNet,full_multisource_fusion,43,262.0,full_fusion_legacy_262,corrected_formal_train_only_zscore,,
corrected_fusion_full_multisource_fusion_source_file_seed43_predictions.csv,source_majority_vote,macro_f1,1.0,1.0,1.0,1.0,2000,source_recording_stratified_by_class,12,source_file,MultisourceFusionNet,full_multisource_fusion,43,262.0,full_fusion_legacy_262,corrected_formal_train_only_zscore,,
corrected_fusion_full_multisource_fusion_source_file_seed43_predictions.csv,source_majority_vote,worst_class_recall,1.0,1.0,1.0,1.0,2000,source_recording_stratified_by_class,12,source_file,MultisourceFusionNet,full_multisource_fusion,43,262.0,full_fusion_legacy_262,corrected_formal_train_only_zscore,,
corrected_fusion_full_multisource_fusion_source_file_seed43_predictions.csv,window_clustered,accuracy,0.99487895716946,0.9948459031657356,0.9920856610800745,0.9976722532588456,2000,source_recording_stratified_by_class,12,source_file,MultisourceFusionNet,full_multisource_fusion,43,262.0,full_fusion_legacy_262,corrected_formal_train_only_zscore,,
corrected_fusion_full_multisource_fusion_source_file_seed43_predictions.csv,window_clustered,macro_f1,0.9950531973946348,0.995026863217084,0.992315860683774,0.9977882481125564,2000,source_recording_stratified_by_class,12,source_file,MultisourceFusionNet,full_multisource_fusion,43,262.0,full_fusion_legacy_262,corrected_formal_train_only_zscore,,
corrected_fusion_full_multisource_fusion_source_file_seed43_predictions.csv,window_clustered,worst_class_recall,0.9925512104283054,0.9907588454376164,0.988826815642458,0.994413407821229,2000,source_recording_stratified_by_class,12,source_file,MultisourceFusionNet,full_multisource_fusion,43,262.0,full_fusion_legacy_262,corrected_formal_train_only_zscore,,
corrected_fusion_full_multisource_fusion_source_file_seed44_predictions.csv,source_mean_probability,accuracy,1.0,1.0,1.0,1.0,2000,source_recording_stratified_by_class,12,source_file,MultisourceFusionNet,full_multisource_fusion,44,262.0,full_fusion_legacy_262,corrected_formal_train_only_zscore,,
corrected_fusion_full_multisource_fusion_source_file_seed44_predictions.csv,source_mean_probability,macro_f1,1.0,1.0,1.0,1.0,2000,source_recording_stratified_by_class,12,source_file,MultisourceFusionNet,full_multisource_fusion,44,262.0,full_fusion_legacy_262,corrected_formal_train_only_zscore,,
corrected_fusion_full_multisource_fusion_source_file_seed44_predictions.csv,source_mean_probability,worst_class_recall,1.0,1.0,1.0,1.0,2000,source_recording_stratified_by_class,12,source_file,MultisourceFusionNet,full_multisource_fusion,44,262.0,full_fusion_legacy_262,corrected_formal_train_only_zscore,,
corrected_fusion_full_multisource_fusion_source_file_seed44_predictions.csv,source_majority_vote,accuracy,1.0,1.0,1.0,1.0,2000,source_recording_stratified_by_class,12,source_file,MultisourceFusionNet,full_multisource_fusion,44,262.0,full_fusion_legacy_262,corrected_formal_train_only_zscore,,
corrected_fusion_full_multisource_fusion_source_file_seed44_predictions.csv,source_majority_vote,macro_f1,1.0,1.0,1.0,1.0,2000,source_recording_stratified_by_class,12,source_file,MultisourceFusionNet,full_multisource_fusion,44,262.0,full_fusion_legacy_262,corrected_formal_train_only_zscore,,
corrected_fusion_full_multisource_fusion_source_file_seed44_predictions.csv,source_majority_vote,worst_class_recall,1.0,1.0,1.0,1.0,2000,source_recording_stratified_by_class,12,source_file,MultisourceFusionNet,full_multisource_fusion,44,262.0,full_fusion_legacy_262,corrected_formal_train_only_zscore,,
corrected_fusion_full_multisource_fusion_source_file_seed44_predictions.csv,window_clustered,accuracy,0.9934823091247672,0.9935267690875232,0.9883612662942272,0.9986033519553073,2000,source_recording_stratified_by_class,12,source_file,MultisourceFusionNet,full_multisource_fusion,44,262.0,full_fusion_legacy_262,corrected_formal_train_only_zscore,,
corrected_fusion_full_multisource_fusion_source_file_seed44_predictions.csv,window_clustered,macro_f1,0.992937550780568,0.992983390541986,0.9870469187106524,0.9987779423936266,2000,source_recording_stratified_by_class,12,source_file,MultisourceFusionNet,full_multisource_fusion,44,262.0,full_fusion_legacy_262,corrected_formal_train_only_zscore,,
corrected_fusion_full_multisource_fusion_source_file_seed44_predictions.csv,window_clustered,worst_class_recall,0.9776536312849162,0.9765935754189944,0.9553072625698324,0.9962756052141528,2000,source_recording_stratified_by_class,12,source_file,MultisourceFusionNet,full_multisource_fusion,44,262.0,full_fusion_legacy_262,corrected_formal_train_only_zscore,,
corrected_fusion_vibration_current_auxiliary_only_cross_condition_seed42_predictions.csv,source_mean_probability,accuracy,1.0,1.0,1.0,1.0,2000,source_recording_stratified_by_class,42,cross_condition,MultisourceFusionNet,vibration_current_auxiliary_only,42,26.0,auxiliary_26,posthoc_exploratory_same_holdout,,
corrected_fusion_vibration_current_auxiliary_only_cross_condition_seed42_predictions.csv,source_mean_probability,macro_f1,1.0,1.0,1.0,1.0,2000,source_recording_stratified_by_class,42,cross_condition,MultisourceFusionNet,vibration_current_auxiliary_only,42,26.0,auxiliary_26,posthoc_exploratory_same_holdout,,
corrected_fusion_vibration_current_auxiliary_only_cross_condition_seed42_predictions.csv,source_mean_probability,worst_class_recall,1.0,1.0,1.0,1.0,2000,source_recording_stratified_by_class,42,cross_condition,MultisourceFusionNet,vibration_current_auxiliary_only,42,26.0,auxiliary_26,posthoc_exploratory_same_holdout,,
corrected_fusion_vibration_current_auxiliary_only_cross_condition_seed42_predictions.csv,source_majority_vote,accuracy,1.0,1.0,1.0,1.0,2000,source_recording_stratified_by_class,42,cross_condition,MultisourceFusionNet,vibration_current_auxiliary_only,42,26.0,auxiliary_26,posthoc_exploratory_same_holdout,,
corrected_fusion_vibration_current_auxiliary_only_cross_condition_seed42_predictions.csv,source_majority_vote,macro_f1,1.0,1.0,1.0,1.0,2000,source_recording_stratified_by_class,42,cross_condition,MultisourceFusionNet,vibration_current_auxiliary_only,42,26.0,auxiliary_26,posthoc_exploratory_same_holdout,,
corrected_fusion_vibration_current_auxiliary_only_cross_condition_seed42_predictions.csv,source_majority_vote,worst_class_recall,1.0,1.0,1.0,1.0,2000,source_recording_stratified_by_class,42,cross_condition,MultisourceFusionNet,vibration_current_auxiliary_only,42,26.0,auxiliary_26,posthoc_exploratory_same_holdout,,
corrected_fusion_vibration_current_auxiliary_only_cross_condition_seed42_predictions.csv,window_clustered,accuracy,0.9924181963288108,0.9924187948922586,0.982974195264698,0.9990689013035382,2000,source_recording_stratified_by_class,42,cross_condition,MultisourceFusionNet,vibration_current_auxiliary_only,42,26.0,auxiliary_26,posthoc_exploratory_same_holdout,,
corrected_fusion_vibration_current_auxiliary_only_cross_condition_seed42_predictions.csv,window_clustered,macro_f1,0.9918891797149472,0.9918455313864686,0.9813847992126208,0.9989530566924,2000,source_recording_stratified_by_class,42,cross_condition,MultisourceFusionNet,vibration_current_auxiliary_only,42,26.0,auxiliary_26,posthoc_exploratory_same_holdout,,
corrected_fusion_vibration_current_auxiliary_only_cross_condition_seed42_predictions.csv,window_clustered,worst_class_recall,0.978584729981378,0.973504189944134,0.9394785847299814,0.9981378026070764,2000,source_recording_stratified_by_class,42,cross_condition,MultisourceFusionNet,vibration_current_auxiliary_only,42,26.0,auxiliary_26,posthoc_exploratory_same_holdout,,
corrected_fusion_vibration_current_auxiliary_only_cross_condition_seed43_predictions.csv,source_mean_probability,accuracy,0.9761904761904762,0.9756666666666668,0.9285714285714286,1.0,2000,source_recording_stratified_by_class,42,cross_condition,MultisourceFusionNet,vibration_current_auxiliary_only,43,26.0,auxiliary_26,posthoc_exploratory_same_holdout,,
corrected_fusion_vibration_current_auxiliary_only_cross_condition_seed43_predictions.csv,source_mean_probability,macro_f1,0.9791304347826086,0.9785425857064632,0.9365079365079364,1.0,2000,source_recording_stratified_by_class,42,cross_condition,MultisourceFusionNet,vibration_current_auxiliary_only,43,26.0,auxiliary_26,posthoc_exploratory_same_holdout,,
corrected_fusion_vibration_current_auxiliary_only_cross_condition_seed43_predictions.csv,source_mean_probability,worst_class_recall,0.9166666666666666,0.9148333333333332,0.75,1.0,2000,source_recording_stratified_by_class,42,cross_condition,MultisourceFusionNet,vibration_current_auxiliary_only,43,26.0,auxiliary_26,posthoc_exploratory_same_holdout,,
corrected_fusion_vibration_current_auxiliary_only_cross_condition_seed43_predictions.csv,source_majority_vote,accuracy,0.9761904761904762,0.9756666666666668,0.9285714285714286,1.0,2000,source_recording_stratified_by_class,42,cross_condition,MultisourceFusionNet,vibration_current_auxiliary_only,43,26.0,auxiliary_26,posthoc_exploratory_same_holdout,,
corrected_fusion_vibration_current_auxiliary_only_cross_condition_seed43_predictions.csv,source_majority_vote,macro_f1,0.9791304347826086,0.9785425857064632,0.9365079365079364,1.0,2000,source_recording_stratified_by_class,42,cross_condition,MultisourceFusionNet,vibration_current_auxiliary_only,43,26.0,auxiliary_26,posthoc_exploratory_same_holdout,,
corrected_fusion_vibration_current_auxiliary_only_cross_condition_seed43_predictions.csv,source_majority_vote,worst_class_recall,0.9166666666666666,0.9148333333333332,0.75,1.0,2000,source_recording_stratified_by_class,42,cross_condition,MultisourceFusionNet,vibration_current_auxiliary_only,43,26.0,auxiliary_26,posthoc_exploratory_same_holdout,,
corrected_fusion_vibration_current_auxiliary_only_cross_condition_seed43_predictions.csv,window_clustered,accuracy,0.9755254056930036,0.9750111066773076,0.9276403298749668,1.0,2000,source_recording_stratified_by_class,42,cross_condition,MultisourceFusionNet,vibration_current_auxiliary_only,43,26.0,auxiliary_26,posthoc_exploratory_same_holdout,,
corrected_fusion_vibration_current_auxiliary_only_cross_condition_seed43_predictions.csv,window_clustered,macro_f1,0.9784393554256868,0.9778568553897172,0.9354919165230536,1.0,2000,source_recording_stratified_by_class,42,cross_condition,MultisourceFusionNet,vibration_current_auxiliary_only,43,26.0,auxiliary_26,posthoc_exploratory_same_holdout,,
corrected_fusion_vibration_current_auxiliary_only_cross_condition_seed43_predictions.csv,window_clustered,worst_class_recall,0.915270018621974,0.9130982309124768,0.7486033519553073,1.0,2000,source_recording_stratified_by_class,42,cross_condition,MultisourceFusionNet,vibration_current_auxiliary_only,43,26.0,auxiliary_26,posthoc_exploratory_same_holdout,,
corrected_fusion_vibration_current_auxiliary_only_cross_condition_seed44_predictions.csv,source_mean_probability,accuracy,0.9761904761904762,0.9761071428571428,0.9285714285714286,1.0,2000,source_recording_stratified_by_class,42,cross_condition,MultisourceFusionNet,vibration_current_auxiliary_only,44,26.0,auxiliary_26,posthoc_exploratory_same_holdout,,
corrected_fusion_vibration_current_auxiliary_only_cross_condition_seed44_predictions.csv,source_mean_probability,macro_f1,0.9791304347826086,0.9789285772407276,0.9365079365079364,1.0,2000,source_recording_stratified_by_class,42,cross_condition,MultisourceFusionNet,vibration_current_auxiliary_only,44,26.0,auxiliary_26,posthoc_exploratory_same_holdout,,
corrected_fusion_vibration_current_auxiliary_only_cross_condition_seed44_predictions.csv,source_mean_probability,worst_class_recall,0.9166666666666666,0.916375,0.75,1.0,2000,source_recording_stratified_by_class,42,cross_condition,MultisourceFusionNet,vibration_current_auxiliary_only,44,26.0,auxiliary_26,posthoc_exploratory_same_holdout,,
corrected_fusion_vibration_current_auxiliary_only_cross_condition_seed44_predictions.csv,source_majority_vote,accuracy,0.9761904761904762,0.9761071428571428,0.9285714285714286,1.0,2000,source_recording_stratified_by_class,42,cross_condition,MultisourceFusionNet,vibration_current_auxiliary_only,44,26.0,auxiliary_26,posthoc_exploratory_same_holdout,,
corrected_fusion_vibration_current_auxiliary_only_cross_condition_seed44_predictions.csv,source_majority_vote,macro_f1,0.9791304347826086,0.9789285772407276,0.9365079365079364,1.0,2000,source_recording_stratified_by_class,42,cross_condition,MultisourceFusionNet,vibration_current_auxiliary_only,44,26.0,auxiliary_26,posthoc_exploratory_same_holdout,,
corrected_fusion_vibration_current_auxiliary_only_cross_condition_seed44_predictions.csv,source_majority_vote,worst_class_recall,0.9166666666666666,0.916375,0.75,1.0,2000,source_recording_stratified_by_class,42,cross_condition,MultisourceFusionNet,vibration_current_auxiliary_only,44,26.0,auxiliary_26,posthoc_exploratory_same_holdout,,
corrected_fusion_vibration_current_auxiliary_only_cross_condition_seed44_predictions.csv,window_clustered,accuracy,0.9724660814046288,0.9724312982176112,0.923510242085661,0.9997339718010108,2000,source_recording_stratified_by_class,42,cross_condition,MultisourceFusionNet,vibration_current_auxiliary_only,44,26.0,auxiliary_26,posthoc_exploratory_same_holdout,,
corrected_fusion_vibration_current_auxiliary_only_cross_condition_seed44_predictions.csv,window_clustered,macro_f1,0.9757672823970932,0.9756091014212982,0.9320537752589076,0.9996506752094756,2000,source_recording_stratified_by_class,42,cross_condition,MultisourceFusionNet,vibration_current_auxiliary_only,44,26.0,auxiliary_26,posthoc_exploratory_same_holdout,,
corrected_fusion_vibration_current_auxiliary_only_cross_condition_seed44_predictions.csv,window_clustered,worst_class_recall,0.9166666666666666,0.9120125698324022,0.75,0.9981378026070764,2000,source_recording_stratified_by_class,42,cross_condition,MultisourceFusionNet,vibration_current_auxiliary_only,44,26.0,auxiliary_26,posthoc_exploratory_same_holdout,,
corrected_fusion_vibration_current_auxiliary_only_cross_load_seed42_predictions.csv,source_mean_probability,accuracy,0.9761904761904762,0.9765595238095238,0.9285714285714286,1.0,2000,source_recording_stratified_by_class,42,cross_load,MultisourceFusionNet,vibration_current_auxiliary_only,42,26.0,auxiliary_26,posthoc_exploratory_same_holdout,,
corrected_fusion_vibration_current_auxiliary_only_cross_load_seed42_predictions.csv,source_mean_probability,macro_f1,0.9791304347826086,0.9793296400426598,0.9365079365079364,1.0,2000,source_recording_stratified_by_class,42,cross_load,MultisourceFusionNet,vibration_current_auxiliary_only,42,26.0,auxiliary_26,posthoc_exploratory_same_holdout,,
corrected_fusion_vibration_current_auxiliary_only_cross_load_seed42_predictions.csv,source_mean_probability,worst_class_recall,0.9166666666666666,0.9179583333333332,0.75,1.0,2000,source_recording_stratified_by_class,42,cross_load,MultisourceFusionNet,vibration_current_auxiliary_only,42,26.0,auxiliary_26,posthoc_exploratory_same_holdout,,
corrected_fusion_vibration_current_auxiliary_only_cross_load_seed42_predictions.csv,source_majority_vote,accuracy,0.9761904761904762,0.9765595238095238,0.9285714285714286,1.0,2000,source_recording_stratified_by_class,42,cross_load,MultisourceFusionNet,vibration_current_auxiliary_only,42,26.0,auxiliary_26,posthoc_exploratory_same_holdout,,
corrected_fusion_vibration_current_auxiliary_only_cross_load_seed42_predictions.csv,source_majority_vote,macro_f1,0.9791304347826086,0.9793296400426598,0.9365079365079364,1.0,2000,source_recording_stratified_by_class,42,cross_load,MultisourceFusionNet,vibration_current_auxiliary_only,42,26.0,auxiliary_26,posthoc_exploratory_same_holdout,,
corrected_fusion_vibration_current_auxiliary_only_cross_load_seed42_predictions.csv,source_majority_vote,worst_class_recall,0.9166666666666666,0.9179583333333332,0.75,1.0,2000,source_recording_stratified_by_class,42,cross_load,MultisourceFusionNet,vibration_current_auxiliary_only,42,26.0,auxiliary_26,posthoc_exploratory_same_holdout,,
corrected_fusion_vibration_current_auxiliary_only_cross_load_seed42_predictions.csv,window_clustered,accuracy,0.9275073157754722,0.9282309124767224,0.8911844905559989,0.9618249534450652,2000,source_recording_stratified_by_class,42,cross_load,MultisourceFusionNet,vibration_current_auxiliary_only,42,26.0,auxiliary_26,posthoc_exploratory_same_holdout,,
corrected_fusion_vibration_current_auxiliary_only_cross_load_seed42_predictions.csv,window_clustered,macro_f1,0.9356081050646026,0.936124516357134,0.9041623557941516,0.9653371178412546,2000,source_recording_stratified_by_class,42,cross_load,MultisourceFusionNet,vibration_current_auxiliary_only,42,26.0,auxiliary_26,posthoc_exploratory_same_holdout,,
corrected_fusion_vibration_current_auxiliary_only_cross_load_seed42_predictions.csv,window_clustered,worst_class_recall,0.8584729981378026,0.8555062849162012,0.7639664804469274,0.9283054003724396,2000,source_recording_stratified_by_class,42,cross_load,MultisourceFusionNet,vibration_current_auxiliary_only,42,26.0,auxiliary_26,posthoc_exploratory_same_holdout,,
corrected_fusion_vibration_current_auxiliary_only_cross_load_seed43_predictions.csv,source_mean_probability,accuracy,0.9523809523809524,0.9531904761904764,0.8809523809523809,1.0,2000,source_recording_stratified_by_class,42,cross_load,MultisourceFusionNet,vibration_current_auxiliary_only,43,26.0,auxiliary_26,posthoc_exploratory_same_holdout,,
corrected_fusion_vibration_current_auxiliary_only_cross_load_seed43_predictions.csv,source_mean_probability,macro_f1,0.958041958041958,0.9583375014534292,0.8911070780399274,1.0,2000,source_recording_stratified_by_class,42,cross_load,MultisourceFusionNet,vibration_current_auxiliary_only,43,26.0,auxiliary_26,posthoc_exploratory_same_holdout,,
corrected_fusion_vibration_current_auxiliary_only_cross_load_seed43_predictions.csv,source_mean_probability,worst_class_recall,0.8333333333333334,0.8361666666666666,0.5833333333333334,1.0,2000,source_recording_stratified_by_class,42,cross_load,MultisourceFusionNet,vibration_current_auxiliary_only,43,26.0,auxiliary_26,posthoc_exploratory_same_holdout,,
corrected_fusion_vibration_current_auxiliary_only_cross_load_seed43_predictions.csv,source_majority_vote,accuracy,0.9523809523809524,0.9531904761904764,0.8809523809523809,1.0,2000,source_recording_stratified_by_class,42,cross_load,MultisourceFusionNet,vibration_current_auxiliary_only,43,26.0,auxiliary_26,posthoc_exploratory_same_holdout,,
corrected_fusion_vibration_current_auxiliary_only_cross_load_seed43_predictions.csv,source_majority_vote,macro_f1,0.958041958041958,0.9583375014534292,0.8911070780399274,1.0,2000,source_recording_stratified_by_class,42,cross_load,MultisourceFusionNet,vibration_current_auxiliary_only,43,26.0,auxiliary_26,posthoc_exploratory_same_holdout,,
corrected_fusion_vibration_current_auxiliary_only_cross_load_seed43_predictions.csv,source_majority_vote,worst_class_recall,0.8333333333333334,0.8361666666666666,0.5833333333333334,1.0,2000,source_recording_stratified_by_class,42,cross_load,MultisourceFusionNet,vibration_current_auxiliary_only,43,26.0,auxiliary_26,posthoc_exploratory_same_holdout,,
corrected_fusion_vibration_current_auxiliary_only_cross_load_seed43_predictions.csv,window_clustered,accuracy,0.9103484969406758,0.910454243149774,0.8621940675711626,0.9542464751263634,2000,source_recording_stratified_by_class,42,cross_load,MultisourceFusionNet,vibration_current_auxiliary_only,43,26.0,auxiliary_26,posthoc_exploratory_same_holdout,,
corrected_fusion_vibration_current_auxiliary_only_cross_load_seed43_predictions.csv,window_clustered,macro_f1,0.9186993705459208,0.9185270313230026,0.8756859801846817,0.9572707335046454,2000,source_recording_stratified_by_class,42,cross_load,MultisourceFusionNet,vibration_current_auxiliary_only,43,26.0,auxiliary_26,posthoc_exploratory_same_holdout,,
corrected_fusion_vibration_current_auxiliary_only_cross_load_seed43_predictions.csv,window_clustered,worst_class_recall,0.7863128491620112,0.7863389199255121,0.6293994413407821,0.9045740223463686,2000,source_recording_stratified_by_class,42,cross_load,MultisourceFusionNet,vibration_current_auxiliary_only,43,26.0,auxiliary_26,posthoc_exploratory_same_holdout,,
corrected_fusion_vibration_current_auxiliary_only_cross_load_seed44_predictions.csv,source_mean_probability,accuracy,0.8809523809523809,0.8820000000000002,0.8095238095238095,0.9523809523809524,2000,source_recording_stratified_by_class,42,cross_load,MultisourceFusionNet,vibration_current_auxiliary_only,44,26.0,auxiliary_26,posthoc_exploratory_same_holdout,,
corrected_fusion_vibration_current_auxiliary_only_cross_load_seed44_predictions.csv,source_mean_probability,macro_f1,0.8911070780399274,0.8901913009197319,0.8125,0.958041958041958,2000,source_recording_stratified_by_class,42,cross_load,MultisourceFusionNet,vibration_current_auxiliary_only,44,26.0,auxiliary_26,posthoc_exploratory_same_holdout,,
corrected_fusion_vibration_current_auxiliary_only_cross_load_seed44_predictions.csv,source_mean_probability,worst_class_recall,0.5833333333333334,0.587,0.3333333333333333,0.8333333333333334,2000,source_recording_stratified_by_class,42,cross_load,MultisourceFusionNet,vibration_current_auxiliary_only,44,26.0,auxiliary_26,posthoc_exploratory_same_holdout,,
corrected_fusion_vibration_current_auxiliary_only_cross_load_seed44_predictions.csv,source_majority_vote,accuracy,0.8571428571428571,0.8565238095238097,0.7857142857142857,0.9285714285714286,2000,source_recording_stratified_by_class,42,cross_load,MultisourceFusionNet,vibration_current_auxiliary_only,44,26.0,auxiliary_26,posthoc_exploratory_same_holdout,,
corrected_fusion_vibration_current_auxiliary_only_cross_load_seed44_predictions.csv,source_majority_vote,macro_f1,0.8666666666666667,0.8633821239570713,0.7818181818181819,0.9365079365079364,2000,source_recording_stratified_by_class,42,cross_load,MultisourceFusionNet,vibration_current_auxiliary_only,44,26.0,auxiliary_26,posthoc_exploratory_same_holdout,,
corrected_fusion_vibration_current_auxiliary_only_cross_load_seed44_predictions.csv,source_majority_vote,worst_class_recall,0.5,0.4978333333333333,0.25,0.75,2000,source_recording_stratified_by_class,42,cross_load,MultisourceFusionNet,vibration_current_auxiliary_only,44,26.0,auxiliary_26,posthoc_exploratory_same_holdout,,
corrected_fusion_vibration_current_auxiliary_only_cross_load_seed44_predictions.csv,window_clustered,accuracy,0.86512370311253,0.8651908087257248,0.8060654429369514,0.921525006650705,2000,source_recording_stratified_by_class,42,cross_load,MultisourceFusionNet,vibration_current_auxiliary_only,44,26.0,auxiliary_26,posthoc_exploratory_same_holdout,,
corrected_fusion_vibration_current_auxiliary_only_cross_load_seed44_predictions.csv,window_clustered,macro_f1,0.8784018884425943,0.8777508470777603,0.8208886669676009,0.9288242906691836,2000,source_recording_stratified_by_class,42,cross_load,MultisourceFusionNet,vibration_current_auxiliary_only,44,26.0,auxiliary_26,posthoc_exploratory_same_holdout,,
corrected_fusion_vibration_current_auxiliary_only_cross_load_seed44_predictions.csv,window_clustered,worst_class_recall,0.6475791433891993,0.6477006517690874,0.4618133147113594,0.8254189944134078,2000,source_recording_stratified_by_class,42,cross_load,MultisourceFusionNet,vibration_current_auxiliary_only,44,26.0,auxiliary_26,posthoc_exploratory_same_holdout,,
corrected_fusion_vibration_current_auxiliary_only_cross_rpm_seed42_predictions.csv,source_mean_probability,accuracy,0.9285714285714286,0.9280178571428572,0.8214285714285714,1.0,2000,source_recording_stratified_by_class,28,cross_rpm,MultisourceFusionNet,vibration_current_auxiliary_only,42,26.0,auxiliary_26,posthoc_exploratory_same_holdout,,
corrected_fusion_vibration_current_auxiliary_only_cross_rpm_seed42_predictions.csv,source_mean_probability,macro_f1,0.9373774509803924,0.9364440321299358,0.8452682186234818,1.0,2000,source_recording_stratified_by_class,28,cross_rpm,MultisourceFusionNet,vibration_current_auxiliary_only,42,26.0,auxiliary_26,posthoc_exploratory_same_holdout,,
corrected_fusion_vibration_current_auxiliary_only_cross_rpm_seed42_predictions.csv,source_mean_probability,worst_class_recall,0.875,0.8209097222222221,0.625,1.0,2000,source_recording_stratified_by_class,28,cross_rpm,MultisourceFusionNet,vibration_current_auxiliary_only,42,26.0,auxiliary_26,posthoc_exploratory_same_holdout,,
corrected_fusion_vibration_current_auxiliary_only_cross_rpm_seed42_predictions.csv,source_majority_vote,accuracy,0.9642857142857144,0.9635357142857144,0.8928571428571429,1.0,2000,source_recording_stratified_by_class,28,cross_rpm,MultisourceFusionNet,vibration_current_auxiliary_only,42,26.0,auxiliary_26,posthoc_exploratory_same_holdout,,
corrected_fusion_vibration_current_auxiliary_only_cross_rpm_seed42_predictions.csv,source_majority_vote,macro_f1,0.9686274509803922,0.967996936794286,0.9058823529411764,1.0,2000,source_recording_stratified_by_class,28,cross_rpm,MultisourceFusionNet,vibration_current_auxiliary_only,42,26.0,auxiliary_26,posthoc_exploratory_same_holdout,,
corrected_fusion_vibration_current_auxiliary_only_cross_rpm_seed42_predictions.csv,source_majority_vote,worst_class_recall,0.8888888888888888,0.8865555555555557,0.6666666666666666,1.0,2000,source_recording_stratified_by_class,28,cross_rpm,MultisourceFusionNet,vibration_current_auxiliary_only,42,26.0,auxiliary_26,posthoc_exploratory_same_holdout,,
corrected_fusion_vibration_current_auxiliary_only_cross_rpm_seed42_predictions.csv,window_clustered,accuracy,0.9020351157222666,0.9014308659217876,0.8140413008778931,0.968874700718276,2000,source_recording_stratified_by_class,28,cross_rpm,MultisourceFusionNet,vibration_current_auxiliary_only,42,26.0,auxiliary_26,posthoc_exploratory_same_holdout,,
corrected_fusion_vibration_current_auxiliary_only_cross_rpm_seed42_predictions.csv,window_clustered,macro_f1,0.9120983266912436,0.9113357814969624,0.8369117536095007,0.9706010770884356,2000,source_recording_stratified_by_class,28,cross_rpm,MultisourceFusionNet,vibration_current_auxiliary_only,42,26.0,auxiliary_26,posthoc_exploratory_same_holdout,,
corrected_fusion_vibration_current_auxiliary_only_cross_rpm_seed42_predictions.csv,window_clustered,worst_class_recall,0.8058659217877095,0.7791609248913719,0.6152234636871509,0.9189944134078212,2000,source_recording_stratified_by_class,28,cross_rpm,MultisourceFusionNet,vibration_current_auxiliary_only,42,26.0,auxiliary_26,posthoc_exploratory_same_holdout,,
corrected_fusion_vibration_current_auxiliary_only_cross_rpm_seed43_predictions.csv,source_mean_probability,accuracy,0.9642857142857144,0.9640892857142856,0.8928571428571429,1.0,2000,source_recording_stratified_by_class,28,cross_rpm,MultisourceFusionNet,vibration_current_auxiliary_only,43,26.0,auxiliary_26,posthoc_exploratory_same_holdout,,
corrected_fusion_vibration_current_auxiliary_only_cross_rpm_seed43_predictions.csv,source_mean_probability,macro_f1,0.9686274509803922,0.9684855415074262,0.9058823529411764,1.0,2000,source_recording_stratified_by_class,28,cross_rpm,MultisourceFusionNet,vibration_current_auxiliary_only,43,26.0,auxiliary_26,posthoc_exploratory_same_holdout,,
corrected_fusion_vibration_current_auxiliary_only_cross_rpm_seed43_predictions.csv,source_mean_probability,worst_class_recall,0.8888888888888888,0.8882777777777778,0.6666666666666666,1.0,2000,source_recording_stratified_by_class,28,cross_rpm,MultisourceFusionNet,vibration_current_auxiliary_only,43,26.0,auxiliary_26,posthoc_exploratory_same_holdout,,
corrected_fusion_vibration_current_auxiliary_only_cross_rpm_seed43_predictions.csv,source_majority_vote,accuracy,0.9642857142857144,0.9640892857142856,0.8928571428571429,1.0,2000,source_recording_stratified_by_class,28,cross_rpm,MultisourceFusionNet,vibration_current_auxiliary_only,43,26.0,auxiliary_26,posthoc_exploratory_same_holdout,,
corrected_fusion_vibration_current_auxiliary_only_cross_rpm_seed43_predictions.csv,source_majority_vote,macro_f1,0.9686274509803922,0.9684855415074262,0.9058823529411764,1.0,2000,source_recording_stratified_by_class,28,cross_rpm,MultisourceFusionNet,vibration_current_auxiliary_only,43,26.0,auxiliary_26,posthoc_exploratory_same_holdout,,
corrected_fusion_vibration_current_auxiliary_only_cross_rpm_seed43_predictions.csv,source_majority_vote,worst_class_recall,0.8888888888888888,0.8882777777777778,0.6666666666666666,1.0,2000,source_recording_stratified_by_class,28,cross_rpm,MultisourceFusionNet,vibration_current_auxiliary_only,43,26.0,auxiliary_26,posthoc_exploratory_same_holdout,,
corrected_fusion_vibration_current_auxiliary_only_cross_rpm_seed43_predictions.csv,window_clustered,accuracy,0.9343575418994412,0.9339609936153234,0.8553471667996808,0.986632083000798,2000,source_recording_stratified_by_class,28,cross_rpm,MultisourceFusionNet,vibration_current_auxiliary_only,43,26.0,auxiliary_26,posthoc_exploratory_same_holdout,,
corrected_fusion_vibration_current_auxiliary_only_cross_rpm_seed43_predictions.csv,window_clustered,macro_f1,0.9430843422500554,0.942722805761948,0.874866139043452,0.987861905632866,2000,source_recording_stratified_by_class,28,cross_rpm,MultisourceFusionNet,vibration_current_auxiliary_only,43,26.0,auxiliary_26,posthoc_exploratory_same_holdout,,
corrected_fusion_vibration_current_auxiliary_only_cross_rpm_seed43_predictions.csv,window_clustered,worst_class_recall,0.8764742396027312,0.8498476268067748,0.6548727498448169,0.973463687150838,2000,source_recording_stratified_by_class,28,cross_rpm,MultisourceFusionNet,vibration_current_auxiliary_only,43,26.0,auxiliary_26,posthoc_exploratory_same_holdout,,
corrected_fusion_vibration_current_auxiliary_only_cross_rpm_seed44_predictions.csv,source_mean_probability,accuracy,0.9642857142857144,0.9638571428571427,0.8928571428571429,1.0,2000,source_recording_stratified_by_class,28,cross_rpm,MultisourceFusionNet,vibration_current_auxiliary_only,44,26.0,auxiliary_26,posthoc_exploratory_same_holdout,,
corrected_fusion_vibration_current_auxiliary_only_cross_rpm_seed44_predictions.csv,source_mean_probability,macro_f1,0.9686274509803922,0.9682767372569812,0.9058823529411764,1.0,2000,source_recording_stratified_by_class,28,cross_rpm,MultisourceFusionNet,vibration_current_auxiliary_only,44,26.0,auxiliary_26,posthoc_exploratory_same_holdout,,
corrected_fusion_vibration_current_auxiliary_only_cross_rpm_seed44_predictions.csv,source_mean_probability,worst_class_recall,0.8888888888888888,0.8875555555555557,0.6666666666666666,1.0,2000,source_recording_stratified_by_class,28,cross_rpm,MultisourceFusionNet,vibration_current_auxiliary_only,44,26.0,auxiliary_26,posthoc_exploratory_same_holdout,,
corrected_fusion_vibration_current_auxiliary_only_cross_rpm_seed44_predictions.csv,source_majority_vote,accuracy,0.9642857142857144,0.9638571428571427,0.8928571428571429,1.0,2000,source_recording_stratified_by_class,28,cross_rpm,MultisourceFusionNet,vibration_current_auxiliary_only,44,26.0,auxiliary_26,posthoc_exploratory_same_holdout,,
corrected_fusion_vibration_current_auxiliary_only_cross_rpm_seed44_predictions.csv,source_majority_vote,macro_f1,0.9686274509803922,0.9682767372569812,0.9058823529411764,1.0,2000,source_recording_stratified_by_class,28,cross_rpm,MultisourceFusionNet,vibration_current_auxiliary_only,44,26.0,auxiliary_26,posthoc_exploratory_same_holdout,,
corrected_fusion_vibration_current_auxiliary_only_cross_rpm_seed44_predictions.csv,source_majority_vote,worst_class_recall,0.8888888888888888,0.8875555555555557,0.6666666666666666,1.0,2000,source_recording_stratified_by_class,28,cross_rpm,MultisourceFusionNet,vibration_current_auxiliary_only,44,26.0,auxiliary_26,posthoc_exploratory_same_holdout,,
corrected_fusion_vibration_current_auxiliary_only_cross_rpm_seed44_predictions.csv,window_clustered,accuracy,0.922585794094174,0.9220059856344772,0.8447675578611332,0.9780576616121308,2000,source_recording_stratified_by_class,28,cross_rpm,MultisourceFusionNet,vibration_current_auxiliary_only,44,26.0,auxiliary_26,posthoc_exploratory_same_holdout,,
corrected_fusion_vibration_current_auxiliary_only_cross_rpm_seed44_predictions.csv,window_clustered,macro_f1,0.92743140324524,0.9268492805608596,0.8600516756476541,0.9774598194140356,2000,source_recording_stratified_by_class,28,cross_rpm,MultisourceFusionNet,vibration_current_auxiliary_only,44,26.0,auxiliary_26,posthoc_exploratory_same_holdout,,
corrected_fusion_vibration_current_auxiliary_only_cross_rpm_seed44_predictions.csv,window_clustered,worst_class_recall,0.8715083798882681,0.8448299470160505,0.6492861576660459,0.9600982641660016,2000,source_recording_stratified_by_class,28,cross_rpm,MultisourceFusionNet,vibration_current_auxiliary_only,44,26.0,auxiliary_26,posthoc_exploratory_same_holdout,,
corrected_fusion_vibration_current_auxiliary_only_cross_rpm_seed45_predictions.csv,source_mean_probability,accuracy,0.9285714285714286,0.9290535714285714,0.8214285714285714,1.0,2000,source_recording_stratified_by_class,28,cross_rpm,MultisourceFusionNet,vibration_current_auxiliary_only,45,26.0,auxiliary_26,posthoc_exploratory_same_holdout,,
corrected_fusion_vibration_current_auxiliary_only_cross_rpm_seed45_predictions.csv,source_mean_probability,macro_f1,0.9375,0.9374337179654711,0.8380566801619433,1.0,2000,source_recording_stratified_by_class,28,cross_rpm,MultisourceFusionNet,vibration_current_auxiliary_only,45,26.0,auxiliary_26,posthoc_exploratory_same_holdout,,
corrected_fusion_vibration_current_auxiliary_only_cross_rpm_seed45_predictions.csv,source_mean_probability,worst_class_recall,0.7777777777777778,0.7792777777777778,0.4444444444444444,1.0,2000,source_recording_stratified_by_class,28,cross_rpm,MultisourceFusionNet,vibration_current_auxiliary_only,45,26.0,auxiliary_26,posthoc_exploratory_same_holdout,,
corrected_fusion_vibration_current_auxiliary_only_cross_rpm_seed45_predictions.csv,source_majority_vote,accuracy,0.9285714285714286,0.9290535714285714,0.8214285714285714,1.0,2000,source_recording_stratified_by_class,28,cross_rpm,MultisourceFusionNet,vibration_current_auxiliary_only,45,26.0,auxiliary_26,posthoc_exploratory_same_holdout,,
corrected_fusion_vibration_current_auxiliary_only_cross_rpm_seed45_predictions.csv,source_majority_vote,macro_f1,0.9375,0.9374337179654711,0.8380566801619433,1.0,2000,source_recording_stratified_by_class,28,cross_rpm,MultisourceFusionNet,vibration_current_auxiliary_only,45,26.0,auxiliary_26,posthoc_exploratory_same_holdout,,
corrected_fusion_vibration_current_auxiliary_only_cross_rpm_seed45_predictions.csv,source_majority_vote,worst_class_recall,0.7777777777777778,0.7792777777777778,0.4444444444444444,1.0,2000,source_recording_stratified_by_class,28,cross_rpm,MultisourceFusionNet,vibration_current_auxiliary_only,45,26.0,auxiliary_26,posthoc_exploratory_same_holdout,,
corrected_fusion_vibration_current_auxiliary_only_cross_rpm_seed45_predictions.csv,window_clustered,accuracy,0.9090183559457302,0.9090007980845968,0.8270051875498803,0.9740622505985634,2000,source_recording_stratified_by_class,28,cross_rpm,MultisourceFusionNet,vibration_current_auxiliary_only,45,26.0,auxiliary_26,posthoc_exploratory_same_holdout,,
corrected_fusion_vibration_current_auxiliary_only_cross_rpm_seed45_predictions.csv,window_clustered,macro_f1,0.9209016347884788,0.92067442536331,0.8493460102754293,0.9765351881923068,2000,source_recording_stratified_by_class,28,cross_rpm,MultisourceFusionNet,vibration_current_auxiliary_only,45,26.0,auxiliary_26,posthoc_exploratory_same_holdout,,
corrected_fusion_vibration_current_auxiliary_only_cross_rpm_seed45_predictions.csv,window_clustered,worst_class_recall,0.8038485412787089,0.7947282355679702,0.5661080074487895,0.9364525139664804,2000,source_recording_stratified_by_class,28,cross_rpm,MultisourceFusionNet,vibration_current_auxiliary_only,45,26.0,auxiliary_26,posthoc_exploratory_same_holdout,,
corrected_fusion_vibration_current_auxiliary_only_cross_rpm_seed46_predictions.csv,source_mean_probability,accuracy,0.8928571428571429,0.8897321428571429,0.7857142857142857,1.0,2000,source_recording_stratified_by_class,28,cross_rpm,MultisourceFusionNet,vibration_current_auxiliary_only,46,26.0,auxiliary_26,posthoc_exploratory_same_holdout,,
corrected_fusion_vibration_current_auxiliary_only_cross_rpm_seed46_predictions.csv,source_mean_probability,macro_f1,0.9054621848739496,0.9012201994993908,0.7966577540106952,1.0,2000,source_recording_stratified_by_class,28,cross_rpm,MultisourceFusionNet,vibration_current_auxiliary_only,46,26.0,auxiliary_26,posthoc_exploratory_same_holdout,,
corrected_fusion_vibration_current_auxiliary_only_cross_rpm_seed46_predictions.csv,source_mean_probability,worst_class_recall,0.75,0.7200069444444446,0.375,1.0,2000,source_recording_stratified_by_class,28,cross_rpm,MultisourceFusionNet,vibration_current_auxiliary_only,46,26.0,auxiliary_26,posthoc_exploratory_same_holdout,,
corrected_fusion_vibration_current_auxiliary_only_cross_rpm_seed46_predictions.csv,source_majority_vote,accuracy,0.8928571428571429,0.8897321428571429,0.7857142857142857,1.0,2000,source_recording_stratified_by_class,28,cross_rpm,MultisourceFusionNet,vibration_current_auxiliary_only,46,26.0,auxiliary_26,posthoc_exploratory_same_holdout,,
corrected_fusion_vibration_current_auxiliary_only_cross_rpm_seed46_predictions.csv,source_majority_vote,macro_f1,0.9054621848739496,0.9012201994993908,0.7966577540106952,1.0,2000,source_recording_stratified_by_class,28,cross_rpm,MultisourceFusionNet,vibration_current_auxiliary_only,46,26.0,auxiliary_26,posthoc_exploratory_same_holdout,,
corrected_fusion_vibration_current_auxiliary_only_cross_rpm_seed46_predictions.csv,source_majority_vote,worst_class_recall,0.75,0.7200069444444446,0.375,1.0,2000,source_recording_stratified_by_class,28,cross_rpm,MultisourceFusionNet,vibration_current_auxiliary_only,46,26.0,auxiliary_26,posthoc_exploratory_same_holdout,,
corrected_fusion_vibration_current_auxiliary_only_cross_rpm_seed46_predictions.csv,window_clustered,accuracy,0.8661213088587391,0.863753691141261,0.7725259377494014,0.9431414604948124,2000,source_recording_stratified_by_class,28,cross_rpm,MultisourceFusionNet,vibration_current_auxiliary_only,46,26.0,auxiliary_26,posthoc_exploratory_same_holdout,,
corrected_fusion_vibration_current_auxiliary_only_cross_rpm_seed46_predictions.csv,window_clustered,macro_f1,0.8772784803368712,0.874621312292398,0.7971438582546461,0.944658572051347,2000,source_recording_stratified_by_class,28,cross_rpm,MultisourceFusionNet,vibration_current_auxiliary_only,46,26.0,auxiliary_26,posthoc_exploratory_same_holdout,,
corrected_fusion_vibration_current_auxiliary_only_cross_rpm_seed46_predictions.csv,window_clustered,worst_class_recall,0.7318435754189944,0.7154637536578877,0.5384020018621974,0.877715704531347,2000,source_recording_stratified_by_class,28,cross_rpm,MultisourceFusionNet,vibration_current_auxiliary_only,46,26.0,auxiliary_26,posthoc_exploratory_same_holdout,,
corrected_fusion_vibration_current_auxiliary_only_source_file_seed42_predictions.csv,source_mean_probability,accuracy,1.0,1.0,1.0,1.0,2000,source_recording_stratified_by_class,12,source_file,MultisourceFusionNet,vibration_current_auxiliary_only,42,26.0,auxiliary_26,posthoc_exploratory_same_holdout,,
corrected_fusion_vibration_current_auxiliary_only_source_file_seed42_predictions.csv,source_mean_probability,macro_f1,1.0,1.0,1.0,1.0,2000,source_recording_stratified_by_class,12,source_file,MultisourceFusionNet,vibration_current_auxiliary_only,42,26.0,auxiliary_26,posthoc_exploratory_same_holdout,,
corrected_fusion_vibration_current_auxiliary_only_source_file_seed42_predictions.csv,source_mean_probability,worst_class_recall,1.0,1.0,1.0,1.0,2000,source_recording_stratified_by_class,12,source_file,MultisourceFusionNet,vibration_current_auxiliary_only,42,26.0,auxiliary_26,posthoc_exploratory_same_holdout,,
corrected_fusion_vibration_current_auxiliary_only_source_file_seed42_predictions.csv,source_majority_vote,accuracy,1.0,1.0,1.0,1.0,2000,source_recording_stratified_by_class,12,source_file,MultisourceFusionNet,vibration_current_auxiliary_only,42,26.0,auxiliary_26,posthoc_exploratory_same_holdout,,
corrected_fusion_vibration_current_auxiliary_only_source_file_seed42_predictions.csv,source_majority_vote,macro_f1,1.0,1.0,1.0,1.0,2000,source_recording_stratified_by_class,12,source_file,MultisourceFusionNet,vibration_current_auxiliary_only,42,26.0,auxiliary_26,posthoc_exploratory_same_holdout,,
corrected_fusion_vibration_current_auxiliary_only_source_file_seed42_predictions.csv,source_majority_vote,worst_class_recall,1.0,1.0,1.0,1.0,2000,source_recording_stratified_by_class,12,source_file,MultisourceFusionNet,vibration_current_auxiliary_only,42,26.0,auxiliary_26,posthoc_exploratory_same_holdout,,
corrected_fusion_vibration_current_auxiliary_only_source_file_seed42_predictions.csv,window_clustered,accuracy,0.9934823091247672,0.9934248137802606,0.988826815642458,0.9976722532588456,2000,source_recording_stratified_by_class,12,source_file,MultisourceFusionNet,vibration_current_auxiliary_only,42,26.0,auxiliary_26,posthoc_exploratory_same_holdout,,
corrected_fusion_vibration_current_auxiliary_only_source_file_seed42_predictions.csv,window_clustered,macro_f1,0.9940048589118872,0.9939521472518736,0.9897007180499714,0.997553528652043,2000,source_recording_stratified_by_class,12,source_file,MultisourceFusionNet,vibration_current_auxiliary_only,42,26.0,auxiliary_26,posthoc_exploratory_same_holdout,,
corrected_fusion_vibration_current_auxiliary_only_source_file_seed42_predictions.csv,window_clustered,worst_class_recall,0.988826815642458,0.9868114525139664,0.9776536312849162,0.994413407821229,2000,source_recording_stratified_by_class,12,source_file,MultisourceFusionNet,vibration_current_auxiliary_only,42,26.0,auxiliary_26,posthoc_exploratory_same_holdout,,
corrected_fusion_vibration_current_auxiliary_only_source_file_seed43_predictions.csv,source_mean_probability,accuracy,1.0,1.0,1.0,1.0,2000,source_recording_stratified_by_class,12,source_file,MultisourceFusionNet,vibration_current_auxiliary_only,43,26.0,auxiliary_26,posthoc_exploratory_same_holdout,,
corrected_fusion_vibration_current_auxiliary_only_source_file_seed43_predictions.csv,source_mean_probability,macro_f1,1.0,1.0,1.0,1.0,2000,source_recording_stratified_by_class,12,source_file,MultisourceFusionNet,vibration_current_auxiliary_only,43,26.0,auxiliary_26,posthoc_exploratory_same_holdout,,
corrected_fusion_vibration_current_auxiliary_only_source_file_seed43_predictions.csv,source_mean_probability,worst_class_recall,1.0,1.0,1.0,1.0,2000,source_recording_stratified_by_class,12,source_file,MultisourceFusionNet,vibration_current_auxiliary_only,43,26.0,auxiliary_26,posthoc_exploratory_same_holdout,,
corrected_fusion_vibration_current_auxiliary_only_source_file_seed43_predictions.csv,source_majority_vote,accuracy,1.0,1.0,1.0,1.0,2000,source_recording_stratified_by_class,12,source_file,MultisourceFusionNet,vibration_current_auxiliary_only,43,26.0,auxiliary_26,posthoc_exploratory_same_holdout,,
corrected_fusion_vibration_current_auxiliary_only_source_file_seed43_predictions.csv,source_majority_vote,macro_f1,1.0,1.0,1.0,1.0,2000,source_recording_stratified_by_class,12,source_file,MultisourceFusionNet,vibration_current_auxiliary_only,43,26.0,auxiliary_26,posthoc_exploratory_same_holdout,,
corrected_fusion_vibration_current_auxiliary_only_source_file_seed43_predictions.csv,source_majority_vote,worst_class_recall,1.0,1.0,1.0,1.0,2000,source_recording_stratified_by_class,12,source_file,MultisourceFusionNet,vibration_current_auxiliary_only,43,26.0,auxiliary_26,posthoc_exploratory_same_holdout,,
corrected_fusion_vibration_current_auxiliary_only_source_file_seed43_predictions.csv,window_clustered,accuracy,0.99487895716946,0.9949574022346368,0.9906890130353816,0.9986033519553073,2000,source_recording_stratified_by_class,12,source_file,MultisourceFusionNet,vibration_current_auxiliary_only,43,26.0,auxiliary_26,posthoc_exploratory_same_holdout,,
corrected_fusion_vibration_current_auxiliary_only_source_file_seed43_predictions.csv,window_clustered,macro_f1,0.9952865036234426,0.9953516427541832,0.9913870461755144,0.9986026997785762,2000,source_recording_stratified_by_class,12,source_file,MultisourceFusionNet,vibration_current_auxiliary_only,43,26.0,auxiliary_26,posthoc_exploratory_same_holdout,,
corrected_fusion_vibration_current_auxiliary_only_source_file_seed43_predictions.csv,window_clustered,worst_class_recall,0.9925512104283054,0.9903370577281192,0.9776536312849162,0.9962756052141528,2000,source_recording_stratified_by_class,12,source_file,MultisourceFusionNet,vibration_current_auxiliary_only,43,26.0,auxiliary_26,posthoc_exploratory_same_holdout,,
corrected_fusion_vibration_current_auxiliary_only_source_file_seed44_predictions.csv,source_mean_probability,accuracy,1.0,1.0,1.0,1.0,2000,source_recording_stratified_by_class,12,source_file,MultisourceFusionNet,vibration_current_auxiliary_only,44,26.0,auxiliary_26,posthoc_exploratory_same_holdout,,
corrected_fusion_vibration_current_auxiliary_only_source_file_seed44_predictions.csv,source_mean_probability,macro_f1,1.0,1.0,1.0,1.0,2000,source_recording_stratified_by_class,12,source_file,MultisourceFusionNet,vibration_current_auxiliary_only,44,26.0,auxiliary_26,posthoc_exploratory_same_holdout,,
corrected_fusion_vibration_current_auxiliary_only_source_file_seed44_predictions.csv,source_mean_probability,worst_class_recall,1.0,1.0,1.0,1.0,2000,source_recording_stratified_by_class,12,source_file,MultisourceFusionNet,vibration_current_auxiliary_only,44,26.0,auxiliary_26,posthoc_exploratory_same_holdout,,
corrected_fusion_vibration_current_auxiliary_only_source_file_seed44_predictions.csv,source_majority_vote,accuracy,1.0,1.0,1.0,1.0,2000,source_recording_stratified_by_class,12,source_file,MultisourceFusionNet,vibration_current_auxiliary_only,44,26.0,auxiliary_26,posthoc_exploratory_same_holdout,,
corrected_fusion_vibration_current_auxiliary_only_source_file_seed44_predictions.csv,source_majority_vote,macro_f1,1.0,1.0,1.0,1.0,2000,source_recording_stratified_by_class,12,source_file,MultisourceFusionNet,vibration_current_auxiliary_only,44,26.0,auxiliary_26,posthoc_exploratory_same_holdout,,
corrected_fusion_vibration_current_auxiliary_only_source_file_seed44_predictions.csv,source_majority_vote,worst_class_recall,1.0,1.0,1.0,1.0,2000,source_recording_stratified_by_class,12,source_file,MultisourceFusionNet,vibration_current_auxiliary_only,44,26.0,auxiliary_26,posthoc_exploratory_same_holdout,,
corrected_fusion_vibration_current_auxiliary_only_source_file_seed44_predictions.csv,window_clustered,accuracy,0.9920856610800745,0.9921256983240224,0.9860335195530726,0.9976722532588456,2000,source_recording_stratified_by_class,12,source_file,MultisourceFusionNet,vibration_current_auxiliary_only,44,26.0,auxiliary_26,posthoc_exploratory_same_holdout,,
corrected_fusion_vibration_current_auxiliary_only_source_file_seed44_predictions.csv,window_clustered,macro_f1,0.9926672110882956,0.9926996468305258,0.9871589806993888,0.9977868333429468,2000,source_recording_stratified_by_class,12,source_file,MultisourceFusionNet,vibration_current_auxiliary_only,44,26.0,auxiliary_26,posthoc_exploratory_same_holdout,,
corrected_fusion_vibration_current_auxiliary_only_source_file_seed44_predictions.csv,window_clustered,worst_class_recall,0.9869646182495344,0.9844925512104282,0.9720670391061452,0.9930167597765364,2000,source_recording_stratified_by_class,12,source_file,MultisourceFusionNet,vibration_current_auxiliary_only,44,26.0,auxiliary_26,posthoc_exploratory_same_holdout,,
corrected_fusion_vibration_current_cross_condition_seed42_predictions.csv,source_mean_probability,accuracy,0.9523809523809524,0.9524761904761906,0.8809523809523809,1.0,2000,source_recording_stratified_by_class,42,cross_condition,MultisourceFusionNet,vibration_current,42,0.0,no_scalars,corrected_formal_train_only_zscore,,
corrected_fusion_vibration_current_cross_condition_seed42_predictions.csv,source_mean_probability,macro_f1,0.9583333333333331,0.9582173390402337,0.8941798941798942,1.0,2000,source_recording_stratified_by_class,42,cross_condition,MultisourceFusionNet,vibration_current,42,0.0,no_scalars,corrected_formal_train_only_zscore,,
corrected_fusion_vibration_current_cross_condition_seed42_predictions.csv,source_mean_probability,worst_class_recall,0.9166666666666666,0.8741666666666666,0.6666666666666666,1.0,2000,source_recording_stratified_by_class,42,cross_condition,MultisourceFusionNet,vibration_current,42,0.0,no_scalars,corrected_formal_train_only_zscore,,
corrected_fusion_vibration_current_cross_condition_seed42_predictions.csv,source_majority_vote,accuracy,0.9523809523809524,0.9524761904761906,0.8809523809523809,1.0,2000,source_recording_stratified_by_class,42,cross_condition,MultisourceFusionNet,vibration_current,42,0.0,no_scalars,corrected_formal_train_only_zscore,,
corrected_fusion_vibration_current_cross_condition_seed42_predictions.csv,source_majority_vote,macro_f1,0.9583333333333331,0.9582173390402337,0.8941798941798942,1.0,2000,source_recording_stratified_by_class,42,cross_condition,MultisourceFusionNet,vibration_current,42,0.0,no_scalars,corrected_formal_train_only_zscore,,
corrected_fusion_vibration_current_cross_condition_seed42_predictions.csv,source_majority_vote,worst_class_recall,0.9166666666666666,0.8741666666666666,0.6666666666666666,1.0,2000,source_recording_stratified_by_class,42,cross_condition,MultisourceFusionNet,vibration_current,42,0.0,no_scalars,corrected_formal_train_only_zscore,,
corrected_fusion_vibration_current_cross_condition_seed42_predictions.csv,window_clustered,accuracy,0.941074753923916,0.9414757249268424,0.86512370311253,0.9952114924181964,2000,source_recording_stratified_by_class,42,cross_condition,MultisourceFusionNet,vibration_current,42,0.0,no_scalars,corrected_formal_train_only_zscore,,
corrected_fusion_vibration_current_cross_condition_seed42_predictions.csv,window_clustered,macro_f1,0.948718468616391,0.9488361495903008,0.88230065881553,0.9958107218893708,2000,source_recording_stratified_by_class,42,cross_condition,MultisourceFusionNet,vibration_current,42,0.0,no_scalars,corrected_formal_train_only_zscore,,
corrected_fusion_vibration_current_cross_condition_seed42_predictions.csv,window_clustered,worst_class_recall,0.9003724394785847,0.8623847765363127,0.6666666666666666,0.983705772811918,2000,source_recording_stratified_by_class,42,cross_condition,MultisourceFusionNet,vibration_current,42,0.0,no_scalars,corrected_formal_train_only_zscore,,
corrected_fusion_vibration_current_cross_condition_seed43_predictions.csv,source_mean_probability,accuracy,0.9285714285714286,0.9290238095238096,0.8571428571428571,1.0,2000,source_recording_stratified_by_class,42,cross_condition,MultisourceFusionNet,vibration_current,43,0.0,no_scalars,corrected_formal_train_only_zscore,,
corrected_fusion_vibration_current_cross_condition_seed43_predictions.csv,source_mean_probability,macro_f1,0.9382971014492754,0.9383027324657164,0.8730357142857142,1.0,2000,source_recording_stratified_by_class,42,cross_condition,MultisourceFusionNet,vibration_current,43,0.0,no_scalars,corrected_formal_train_only_zscore,,
corrected_fusion_vibration_current_cross_condition_seed43_predictions.csv,source_mean_probability,worst_class_recall,0.9166666666666666,0.849,0.6666666666666666,1.0,2000,source_recording_stratified_by_class,42,cross_condition,MultisourceFusionNet,vibration_current,43,0.0,no_scalars,corrected_formal_train_only_zscore,,
corrected_fusion_vibration_current_cross_condition_seed43_predictions.csv,source_majority_vote,accuracy,0.9285714285714286,0.9290238095238096,0.8571428571428571,1.0,2000,source_recording_stratified_by_class,42,cross_condition,MultisourceFusionNet,vibration_current,43,0.0,no_scalars,corrected_formal_train_only_zscore,,
corrected_fusion_vibration_current_cross_condition_seed43_predictions.csv,source_majority_vote,macro_f1,0.9382971014492754,0.9383027324657164,0.8730357142857142,1.0,2000,source_recording_stratified_by_class,42,cross_condition,MultisourceFusionNet,vibration_current,43,0.0,no_scalars,corrected_formal_train_only_zscore,,
corrected_fusion_vibration_current_cross_condition_seed43_predictions.csv,source_majority_vote,worst_class_recall,0.9166666666666666,0.849,0.6666666666666666,1.0,2000,source_recording_stratified_by_class,42,cross_condition,MultisourceFusionNet,vibration_current,43,0.0,no_scalars,corrected_formal_train_only_zscore,,
corrected_fusion_vibration_current_cross_condition_seed43_predictions.csv,window_clustered,accuracy,0.929369513168396,0.9297954243149776,0.8571395317903697,0.9998669859005056,2000,source_recording_stratified_by_class,42,cross_condition,MultisourceFusionNet,vibration_current,43,0.0,no_scalars,corrected_formal_train_only_zscore,,
corrected_fusion_vibration_current_cross_condition_seed43_predictions.csv,window_clustered,macro_f1,0.938970200828344,0.9389680367296735,0.8730648639988084,0.999883612656636,2000,source_recording_stratified_by_class,42,cross_condition,MultisourceFusionNet,vibration_current,43,0.0,no_scalars,corrected_formal_train_only_zscore,,
corrected_fusion_vibration_current_cross_condition_seed43_predictions.csv,window_clustered,worst_class_recall,0.9166666666666666,0.8503712756052141,0.6666666666666666,0.999534450651769,2000,source_recording_stratified_by_class,42,cross_condition,MultisourceFusionNet,vibration_current,43,0.0,no_scalars,corrected_formal_train_only_zscore,,
corrected_fusion_vibration_current_cross_condition_seed44_predictions.csv,source_mean_probability,accuracy,0.9285714285714286,0.929154761904762,0.8571428571428571,1.0,2000,source_recording_stratified_by_class,42,cross_condition,MultisourceFusionNet,vibration_current,44,0.0,no_scalars,corrected_formal_train_only_zscore,,
corrected_fusion_vibration_current_cross_condition_seed44_predictions.csv,source_mean_probability,macro_f1,0.9386253842775582,0.9384488671158298,0.8733409610983982,1.0,2000,source_recording_stratified_by_class,42,cross_condition,MultisourceFusionNet,vibration_current,44,0.0,no_scalars,corrected_formal_train_only_zscore,,
corrected_fusion_vibration_current_cross_condition_seed44_predictions.csv,source_mean_probability,worst_class_recall,0.8333333333333334,0.814875,0.5833333333333334,1.0,2000,source_recording_stratified_by_class,42,cross_condition,MultisourceFusionNet,vibration_current,44,0.0,no_scalars,corrected_formal_train_only_zscore,,
corrected_fusion_vibration_current_cross_condition_seed44_predictions.csv,source_majority_vote,accuracy,0.9285714285714286,0.929154761904762,0.8571428571428571,1.0,2000,source_recording_stratified_by_class,42,cross_condition,MultisourceFusionNet,vibration_current,44,0.0,no_scalars,corrected_formal_train_only_zscore,,
corrected_fusion_vibration_current_cross_condition_seed44_predictions.csv,source_majority_vote,macro_f1,0.9386253842775582,0.9384488671158298,0.8733409610983982,1.0,2000,source_recording_stratified_by_class,42,cross_condition,MultisourceFusionNet,vibration_current,44,0.0,no_scalars,corrected_formal_train_only_zscore,,
corrected_fusion_vibration_current_cross_condition_seed44_predictions.csv,source_majority_vote,worst_class_recall,0.8333333333333334,0.814875,0.5833333333333334,1.0,2000,source_recording_stratified_by_class,42,cross_condition,MultisourceFusionNet,vibration_current,44,0.0,no_scalars,corrected_formal_train_only_zscore,,
corrected_fusion_vibration_current_cross_condition_seed44_predictions.csv,window_clustered,accuracy,0.926975259377494,0.927495277999468,0.8539438680500133,0.9901769087523276,2000,source_recording_stratified_by_class,42,cross_condition,MultisourceFusionNet,vibration_current,44,0.0,no_scalars,corrected_formal_train_only_zscore,,
corrected_fusion_vibration_current_cross_condition_seed44_predictions.csv,window_clustered,macro_f1,0.9373123979906844,0.9371499646211684,0.871108284272187,0.9914022532413124,2000,source_recording_stratified_by_class,42,cross_condition,MultisourceFusionNet,vibration_current,44,0.0,no_scalars,corrected_formal_train_only_zscore,,
corrected_fusion_vibration_current_cross_condition_seed44_predictions.csv,window_clustered,worst_class_recall,0.8333333333333334,0.815145484171322,0.5833333333333334,0.9656191806331468,2000,source_recording_stratified_by_class,42,cross_condition,MultisourceFusionNet,vibration_current,44,0.0,no_scalars,corrected_formal_train_only_zscore,,
corrected_fusion_vibration_current_cross_load_seed42_predictions.csv,source_mean_probability,accuracy,0.8333333333333334,0.8329404761904764,0.7142857142857143,0.9285714285714286,2000,source_recording_stratified_by_class,42,cross_load,MultisourceFusionNet,vibration_current,42,0.0,no_scalars,corrected_formal_train_only_zscore,,
corrected_fusion_vibration_current_cross_load_seed42_predictions.csv,source_mean_probability,macro_f1,0.8184315684315684,0.8171713104772346,0.6939794195840392,0.9272909698996656,2000,source_recording_stratified_by_class,42,cross_load,MultisourceFusionNet,vibration_current,42,0.0,no_scalars,corrected_formal_train_only_zscore,,
corrected_fusion_vibration_current_cross_load_seed42_predictions.csv,source_mean_probability,worst_class_recall,0.6666666666666666,0.6319166666666668,0.3333333333333333,0.8333333333333334,2000,source_recording_stratified_by_class,42,cross_load,MultisourceFusionNet,vibration_current,42,0.0,no_scalars,corrected_formal_train_only_zscore,,
corrected_fusion_vibration_current_cross_load_seed42_predictions.csv,source_majority_vote,accuracy,0.8095238095238095,0.8084404761904762,0.6904761904761905,0.9047619047619048,2000,source_recording_stratified_by_class,42,cross_load,MultisourceFusionNet,vibration_current,42,0.0,no_scalars,corrected_formal_train_only_zscore,,
corrected_fusion_vibration_current_cross_load_seed42_predictions.csv,source_majority_vote,macro_f1,0.7851592851592851,0.781557640529521,0.6546428571428572,0.8979616036137776,2000,source_recording_stratified_by_class,42,cross_load,MultisourceFusionNet,vibration_current,42,0.0,no_scalars,corrected_formal_train_only_zscore,,
corrected_fusion_vibration_current_cross_load_seed42_predictions.csv,source_majority_vote,worst_class_recall,0.6666666666666666,0.5660416666666668,0.3333333333333333,0.8333333333333334,2000,source_recording_stratified_by_class,42,cross_load,MultisourceFusionNet,vibration_current,42,0.0,no_scalars,corrected_formal_train_only_zscore,,
corrected_fusion_vibration_current_cross_load_seed42_predictions.csv,window_clustered,accuracy,0.8071295557329077,0.8064720670391061,0.7249201915403033,0.8829475924447991,2000,source_recording_stratified_by_class,42,cross_load,MultisourceFusionNet,vibration_current,42,0.0,no_scalars,corrected_formal_train_only_zscore,,
corrected_fusion_vibration_current_cross_load_seed42_predictions.csv,window_clustered,macro_f1,0.7945111048166367,0.7931725490606,0.7074113808936306,0.8754896276123123,2000,source_recording_stratified_by_class,42,cross_load,MultisourceFusionNet,vibration_current,42,0.0,no_scalars,corrected_formal_train_only_zscore,,
corrected_fusion_vibration_current_cross_load_seed42_predictions.csv,window_clustered,worst_class_recall,0.6964618249534451,0.6489618249534451,0.4874068901303538,0.7863128491620112,2000,source_recording_stratified_by_class,42,cross_load,MultisourceFusionNet,vibration_current,42,0.0,no_scalars,corrected_formal_train_only_zscore,,
corrected_fusion_vibration_current_cross_load_seed43_predictions.csv,source_mean_probability,accuracy,0.7857142857142857,0.7855476190476192,0.6666666666666666,0.8809523809523809,2000,source_recording_stratified_by_class,42,cross_load,MultisourceFusionNet,vibration_current,43,0.0,no_scalars,corrected_formal_train_only_zscore,,
corrected_fusion_vibration_current_cross_load_seed43_predictions.csv,source_mean_probability,macro_f1,0.8078341013824885,0.8049149879178518,0.6937229437229437,0.8960269865067467,2000,source_recording_stratified_by_class,42,cross_load,MultisourceFusionNet,vibration_current,43,0.0,no_scalars,corrected_formal_train_only_zscore,,
corrected_fusion_vibration_current_cross_load_seed43_predictions.csv,source_mean_probability,worst_class_recall,0.5,0.4905833333333333,0.25,0.75,2000,source_recording_stratified_by_class,42,cross_load,MultisourceFusionNet,vibration_current,43,0.0,no_scalars,corrected_formal_train_only_zscore,,
corrected_fusion_vibration_current_cross_load_seed43_predictions.csv,source_majority_vote,accuracy,0.7857142857142857,0.7855476190476192,0.6666666666666666,0.8809523809523809,2000,source_recording_stratified_by_class,42,cross_load,MultisourceFusionNet,vibration_current,43,0.0,no_scalars,corrected_formal_train_only_zscore,,
corrected_fusion_vibration_current_cross_load_seed43_predictions.csv,source_majority_vote,macro_f1,0.8078341013824885,0.8049149879178518,0.6937229437229437,0.8960269865067467,2000,source_recording_stratified_by_class,42,cross_load,MultisourceFusionNet,vibration_current,43,0.0,no_scalars,corrected_formal_train_only_zscore,,
corrected_fusion_vibration_current_cross_load_seed43_predictions.csv,source_majority_vote,worst_class_recall,0.5,0.4905833333333333,0.25,0.75,2000,source_recording_stratified_by_class,42,cross_load,MultisourceFusionNet,vibration_current,43,0.0,no_scalars,corrected_formal_train_only_zscore,,
corrected_fusion_vibration_current_cross_load_seed43_predictions.csv,window_clustered,accuracy,0.7958233572758713,0.7964841713221601,0.7158818834796489,0.8693868050013301,2000,source_recording_stratified_by_class,42,cross_load,MultisourceFusionNet,vibration_current,43,0.0,no_scalars,corrected_formal_train_only_zscore,,
corrected_fusion_vibration_current_cross_load_seed43_predictions.csv,window_clustered,macro_f1,0.8082166465465269,0.8073195236734294,0.7289953156269819,0.8777014121742422,2000,source_recording_stratified_by_class,42,cross_load,MultisourceFusionNet,vibration_current,43,0.0,no_scalars,corrected_formal_train_only_zscore,,
corrected_fusion_vibration_current_cross_load_seed43_predictions.csv,window_clustered,worst_class_recall,0.5595903165735568,0.5573743016759777,0.3602653631284916,0.7407006517690874,2000,source_recording_stratified_by_class,42,cross_load,MultisourceFusionNet,vibration_current,43,0.0,no_scalars,corrected_formal_train_only_zscore,,
corrected_fusion_vibration_current_cross_load_seed44_predictions.csv,source_mean_probability,accuracy,0.9761904761904762,0.976345238095238,0.9285714285714286,1.0,2000,source_recording_stratified_by_class,42,cross_load,MultisourceFusionNet,vibration_current,44,0.0,no_scalars,corrected_formal_train_only_zscore,,
corrected_fusion_vibration_current_cross_load_seed44_predictions.csv,source_mean_probability,macro_f1,0.9791304347826086,0.9791368054793432,0.9365079365079364,1.0,2000,source_recording_stratified_by_class,42,cross_load,MultisourceFusionNet,vibration_current,44,0.0,no_scalars,corrected_formal_train_only_zscore,,
corrected_fusion_vibration_current_cross_load_seed44_predictions.csv,source_mean_probability,worst_class_recall,0.9166666666666666,0.9172083333333332,0.75,1.0,2000,source_recording_stratified_by_class,42,cross_load,MultisourceFusionNet,vibration_current,44,0.0,no_scalars,corrected_formal_train_only_zscore,,
corrected_fusion_vibration_current_cross_load_seed44_predictions.csv,source_majority_vote,accuracy,0.9523809523809524,0.9536309523809524,0.8809523809523809,1.0,2000,source_recording_stratified_by_class,42,cross_load,MultisourceFusionNet,vibration_current,44,0.0,no_scalars,corrected_formal_train_only_zscore,,
corrected_fusion_vibration_current_cross_load_seed44_predictions.csv,source_majority_vote,macro_f1,0.958041958041958,0.9587568868615978,0.8911070780399274,1.0,2000,source_recording_stratified_by_class,42,cross_load,MultisourceFusionNet,vibration_current,44,0.0,no_scalars,corrected_formal_train_only_zscore,,
corrected_fusion_vibration_current_cross_load_seed44_predictions.csv,source_majority_vote,worst_class_recall,0.8333333333333334,0.8377083333333333,0.5833333333333334,1.0,2000,source_recording_stratified_by_class,42,cross_load,MultisourceFusionNet,vibration_current,44,0.0,no_scalars,corrected_formal_train_only_zscore,,
corrected_fusion_vibration_current_cross_load_seed44_predictions.csv,window_clustered,accuracy,0.8876030859271082,0.8886435222133545,0.838121840915137,0.9368183027400904,2000,source_recording_stratified_by_class,42,cross_load,MultisourceFusionNet,vibration_current,44,0.0,no_scalars,corrected_formal_train_only_zscore,,
corrected_fusion_vibration_current_cross_load_seed44_predictions.csv,window_clustered,macro_f1,0.8831932560051945,0.884011340683804,0.8305288227437385,0.9334461546163276,2000,source_recording_stratified_by_class,42,cross_load,MultisourceFusionNet,vibration_current,44,0.0,no_scalars,corrected_formal_train_only_zscore,,
corrected_fusion_vibration_current_cross_load_seed44_predictions.csv,window_clustered,worst_class_recall,0.771415270018622,0.7686666666666667,0.649895251396648,0.883147113594041,2000,source_recording_stratified_by_class,42,cross_load,MultisourceFusionNet,vibration_current,44,0.0,no_scalars,corrected_formal_train_only_zscore,,
corrected_fusion_vibration_current_cross_rpm_seed42_predictions.csv,source_mean_probability,accuracy,0.5714285714285714,0.5735535714285713,0.4285714285714285,0.7142857142857143,2000,source_recording_stratified_by_class,28,cross_rpm,MultisourceFusionNet,vibration_current,42,0.0,no_scalars,corrected_formal_train_only_zscore,,
corrected_fusion_vibration_current_cross_rpm_seed42_predictions.csv,source_mean_probability,macro_f1,0.5169856459330143,0.5015934927052808,0.3137962962962963,0.7017799707602337,2000,source_recording_stratified_by_class,28,cross_rpm,MultisourceFusionNet,vibration_current,42,0.0,no_scalars,corrected_formal_train_only_zscore,,
corrected_fusion_vibration_current_cross_rpm_seed42_predictions.csv,source_mean_probability,worst_class_recall,0.25,0.1433611111111111,0.0,0.4458333333333257,2000,source_recording_stratified_by_class,28,cross_rpm,MultisourceFusionNet,vibration_current,42,0.0,no_scalars,corrected_formal_train_only_zscore,,
corrected_fusion_vibration_current_cross_rpm_seed42_predictions.csv,source_majority_vote,accuracy,0.5714285714285714,0.5735535714285713,0.4285714285714285,0.7142857142857143,2000,source_recording_stratified_by_class,28,cross_rpm,MultisourceFusionNet,vibration_current,42,0.0,no_scalars,corrected_formal_train_only_zscore,,
corrected_fusion_vibration_current_cross_rpm_seed42_predictions.csv,source_majority_vote,macro_f1,0.5188405797101449,0.5031470891668646,0.3138888888888889,0.7027777777777777,2000,source_recording_stratified_by_class,28,cross_rpm,MultisourceFusionNet,vibration_current,42,0.0,no_scalars,corrected_formal_train_only_zscore,,
corrected_fusion_vibration_current_cross_rpm_seed42_predictions.csv,source_majority_vote,worst_class_recall,0.25,0.1433611111111111,0.0,0.4458333333333257,2000,source_recording_stratified_by_class,28,cross_rpm,MultisourceFusionNet,vibration_current,42,0.0,no_scalars,corrected_formal_train_only_zscore,,
corrected_fusion_vibration_current_cross_rpm_seed42_predictions.csv,window_clustered,accuracy,0.5833998403830806,0.5850007980845969,0.4903880686352753,0.6809806464485235,2000,source_recording_stratified_by_class,28,cross_rpm,MultisourceFusionNet,vibration_current,42,0.0,no_scalars,corrected_formal_train_only_zscore,,
corrected_fusion_vibration_current_cross_rpm_seed42_predictions.csv,window_clustered,macro_f1,0.5599468134874344,0.5554780815226752,0.4408606385694077,0.6717240079919223,2000,source_recording_stratified_by_class,28,cross_rpm,MultisourceFusionNet,vibration_current,42,0.0,no_scalars,corrected_formal_train_only_zscore,,
corrected_fusion_vibration_current_cross_rpm_seed42_predictions.csv,window_clustered,worst_class_recall,0.2451117318435754,0.2315851567349472,0.1256983240223463,0.3463687150837989,2000,source_recording_stratified_by_class,28,cross_rpm,MultisourceFusionNet,vibration_current,42,0.0,no_scalars,corrected_formal_train_only_zscore,,
corrected_fusion_vibration_current_cross_rpm_seed43_predictions.csv,source_mean_probability,accuracy,0.8214285714285714,0.8219285714285715,0.6785714285714286,0.9642857142857144,2000,source_recording_stratified_by_class,28,cross_rpm,MultisourceFusionNet,vibration_current,43,0.0,no_scalars,corrected_formal_train_only_zscore,,
corrected_fusion_vibration_current_cross_rpm_seed43_predictions.csv,source_mean_probability,macro_f1,0.8315319548872181,0.8248772705747094,0.6733170995670995,0.9476190476190476,2000,source_recording_stratified_by_class,28,cross_rpm,MultisourceFusionNet,vibration_current,43,0.0,no_scalars,corrected_formal_train_only_zscore,,
corrected_fusion_vibration_current_cross_rpm_seed43_predictions.csv,source_mean_probability,worst_class_recall,0.75,0.6128611111111111,0.25,0.875,2000,source_recording_stratified_by_class,28,cross_rpm,MultisourceFusionNet,vibration_current,43,0.0,no_scalars,corrected_formal_train_only_zscore,,
corrected_fusion_vibration_current_cross_rpm_seed43_predictions.csv,source_majority_vote,accuracy,0.8214285714285714,0.8219285714285715,0.6785714285714286,0.9642857142857144,2000,source_recording_stratified_by_class,28,cross_rpm,MultisourceFusionNet,vibration_current,43,0.0,no_scalars,corrected_formal_train_only_zscore,,
corrected_fusion_vibration_current_cross_rpm_seed43_predictions.csv,source_majority_vote,macro_f1,0.8315319548872181,0.8248772705747094,0.6733170995670995,0.9476190476190476,2000,source_recording_stratified_by_class,28,cross_rpm,MultisourceFusionNet,vibration_current,43,0.0,no_scalars,corrected_formal_train_only_zscore,,
corrected_fusion_vibration_current_cross_rpm_seed43_predictions.csv,source_majority_vote,worst_class_recall,0.75,0.6128611111111111,0.25,0.875,2000,source_recording_stratified_by_class,28,cross_rpm,MultisourceFusionNet,vibration_current,43,0.0,no_scalars,corrected_formal_train_only_zscore,,
corrected_fusion_vibration_current_cross_rpm_seed43_predictions.csv,window_clustered,accuracy,0.786512370311253,0.7873887669592977,0.6739774541101357,0.8974561053471667,2000,source_recording_stratified_by_class,28,cross_rpm,MultisourceFusionNet,vibration_current,43,0.0,no_scalars,corrected_formal_train_only_zscore,,
corrected_fusion_vibration_current_cross_rpm_seed43_predictions.csv,window_clustered,macro_f1,0.8026641511533563,0.800143445487073,0.6961571198204094,0.8983188229129846,2000,source_recording_stratified_by_class,28,cross_rpm,MultisourceFusionNet,vibration_current,43,0.0,no_scalars,corrected_formal_train_only_zscore,,
corrected_fusion_vibration_current_cross_rpm_seed43_predictions.csv,window_clustered,worst_class_recall,0.6536312849162011,0.6070364680322781,0.3952164804469273,0.797486033519553,2000,source_recording_stratified_by_class,28,cross_rpm,MultisourceFusionNet,vibration_current,43,0.0,no_scalars,corrected_formal_train_only_zscore,,
corrected_fusion_vibration_current_cross_rpm_seed44_predictions.csv,source_mean_probability,accuracy,0.75,0.7512321428571429,0.6071428571428571,0.8928571428571429,2000,source_recording_stratified_by_class,28,cross_rpm,MultisourceFusionNet,vibration_current,44,0.0,no_scalars,corrected_formal_train_only_zscore,,
corrected_fusion_vibration_current_cross_rpm_seed44_predictions.csv,source_mean_probability,macro_f1,0.7650186071238703,0.7617243388171706,0.6117052881758764,0.8978997975708503,2000,source_recording_stratified_by_class,28,cross_rpm,MultisourceFusionNet,vibration_current,44,0.0,no_scalars,corrected_formal_train_only_zscore,,
corrected_fusion_vibration_current_cross_rpm_seed44_predictions.csv,source_mean_probability,worst_class_recall,0.375,0.3719930555555555,0.0,0.6666666666666666,2000,source_recording_stratified_by_class,28,cross_rpm,MultisourceFusionNet,vibration_current,44,0.0,no_scalars,corrected_formal_train_only_zscore,,
corrected_fusion_vibration_current_cross_rpm_seed44_predictions.csv,source_majority_vote,accuracy,0.75,0.7512321428571429,0.6071428571428571,0.8928571428571429,2000,source_recording_stratified_by_class,28,cross_rpm,MultisourceFusionNet,vibration_current,44,0.0,no_scalars,corrected_formal_train_only_zscore,,
corrected_fusion_vibration_current_cross_rpm_seed44_predictions.csv,source_majority_vote,macro_f1,0.7672459893048129,0.7629875513663384,0.6179687500000001,0.8978997975708503,2000,source_recording_stratified_by_class,28,cross_rpm,MultisourceFusionNet,vibration_current,44,0.0,no_scalars,corrected_formal_train_only_zscore,,
corrected_fusion_vibration_current_cross_rpm_seed44_predictions.csv,source_majority_vote,worst_class_recall,0.375,0.3719930555555555,0.0,0.6666666666666666,2000,source_recording_stratified_by_class,28,cross_rpm,MultisourceFusionNet,vibration_current,44,0.0,no_scalars,corrected_formal_train_only_zscore,,
corrected_fusion_vibration_current_cross_rpm_seed44_predictions.csv,window_clustered,accuracy,0.7408220271348763,0.7417646648044692,0.6466181165203512,0.8320031923383878,2000,source_recording_stratified_by_class,28,cross_rpm,MultisourceFusionNet,vibration_current,44,0.0,no_scalars,corrected_formal_train_only_zscore,,
corrected_fusion_vibration_current_cross_rpm_seed44_predictions.csv,window_clustered,macro_f1,0.7366434955217692,0.7356495950103229,0.6431191669442958,0.8271813691717617,2000,source_recording_stratified_by_class,28,cross_rpm,MultisourceFusionNet,vibration_current,44,0.0,no_scalars,corrected_formal_train_only_zscore,,
corrected_fusion_vibration_current_cross_rpm_seed44_predictions.csv,window_clustered,worst_class_recall,0.4085195530726257,0.4079927839851024,0.231092877094972,0.6124476256983239,2000,source_recording_stratified_by_class,28,cross_rpm,MultisourceFusionNet,vibration_current,44,0.0,no_scalars,corrected_formal_train_only_zscore,,
corrected_fusion_vibration_current_cross_rpm_seed45_predictions.csv,source_mean_probability,accuracy,0.8571428571428571,0.8564642857142858,0.75,0.9285714285714286,2000,source_recording_stratified_by_class,28,cross_rpm,MultisourceFusionNet,vibration_current,45,0.0,no_scalars,corrected_formal_train_only_zscore,,
corrected_fusion_vibration_current_cross_rpm_seed45_predictions.csv,source_mean_probability,macro_f1,0.7777777777777778,0.7656201909491868,0.6351586687306502,0.9182072829131652,2000,source_recording_stratified_by_class,28,cross_rpm,MultisourceFusionNet,vibration_current,45,0.0,no_scalars,corrected_formal_train_only_zscore,,
corrected_fusion_vibration_current_cross_rpm_seed45_predictions.csv,source_mean_probability,worst_class_recall,0.25,0.2445277777777777,0.0,0.75,2000,source_recording_stratified_by_class,28,cross_rpm,MultisourceFusionNet,vibration_current,45,0.0,no_scalars,corrected_formal_train_only_zscore,,
corrected_fusion_vibration_current_cross_rpm_seed45_predictions.csv,source_majority_vote,accuracy,0.8571428571428571,0.8564642857142858,0.75,0.9285714285714286,2000,source_recording_stratified_by_class,28,cross_rpm,MultisourceFusionNet,vibration_current,45,0.0,no_scalars,corrected_formal_train_only_zscore,,
corrected_fusion_vibration_current_cross_rpm_seed45_predictions.csv,source_majority_vote,macro_f1,0.7777777777777778,0.7656201909491868,0.6351586687306502,0.9182072829131652,2000,source_recording_stratified_by_class,28,cross_rpm,MultisourceFusionNet,vibration_current,45,0.0,no_scalars,corrected_formal_train_only_zscore,,
corrected_fusion_vibration_current_cross_rpm_seed45_predictions.csv,source_majority_vote,worst_class_recall,0.25,0.2445277777777777,0.0,0.75,2000,source_recording_stratified_by_class,28,cross_rpm,MultisourceFusionNet,vibration_current,45,0.0,no_scalars,corrected_formal_train_only_zscore,,
corrected_fusion_vibration_current_cross_rpm_seed45_predictions.csv,window_clustered,accuracy,0.8256185155626496,0.8258849760574621,0.7396099361532322,0.8898743016759776,2000,source_recording_stratified_by_class,28,cross_rpm,MultisourceFusionNet,vibration_current,45,0.0,no_scalars,corrected_formal_train_only_zscore,,
corrected_fusion_vibration_current_cross_rpm_seed45_predictions.csv,window_clustered,macro_f1,0.7791652851963213,0.7781076934345595,0.6927884558307952,0.8514073443711002,2000,source_recording_stratified_by_class,28,cross_rpm,MultisourceFusionNet,vibration_current,45,0.0,no_scalars,corrected_formal_train_only_zscore,,
corrected_fusion_vibration_current_cross_rpm_seed45_predictions.csv,window_clustered,worst_class_recall,0.3715083798882682,0.3700896958410924,0.2206703910614525,0.5223463687150838,2000,source_recording_stratified_by_class,28,cross_rpm,MultisourceFusionNet,vibration_current,45,0.0,no_scalars,corrected_formal_train_only_zscore,,
corrected_fusion_vibration_current_cross_rpm_seed46_predictions.csv,source_mean_probability,accuracy,0.6428571428571429,0.6421607142857142,0.5,0.7857142857142857,2000,source_recording_stratified_by_class,28,cross_rpm,MultisourceFusionNet,vibration_current,46,0.0,no_scalars,corrected_formal_train_only_zscore,,
corrected_fusion_vibration_current_cross_rpm_seed46_predictions.csv,source_mean_probability,macro_f1,0.6694899303594956,0.6557407474497271,0.478173285048285,0.8132426123283321,2000,source_recording_stratified_by_class,28,cross_rpm,MultisourceFusionNet,vibration_current,46,0.0,no_scalars,corrected_formal_train_only_zscore,,
corrected_fusion_vibration_current_cross_rpm_seed46_predictions.csv,source_mean_probability,worst_class_recall,0.375,0.3294027777777777,0.0,0.625,2000,source_recording_stratified_by_class,28,cross_rpm,MultisourceFusionNet,vibration_current,46,0.0,no_scalars,corrected_formal_train_only_zscore,,
corrected_fusion_vibration_current_cross_rpm_seed46_predictions.csv,source_majority_vote,accuracy,0.6428571428571429,0.6421607142857142,0.5,0.7857142857142857,2000,source_recording_stratified_by_class,28,cross_rpm,MultisourceFusionNet,vibration_current,46,0.0,no_scalars,corrected_formal_train_only_zscore,,
corrected_fusion_vibration_current_cross_rpm_seed46_predictions.csv,source_majority_vote,macro_f1,0.6694899303594956,0.6557407474497271,0.478173285048285,0.8132426123283321,2000,source_recording_stratified_by_class,28,cross_rpm,MultisourceFusionNet,vibration_current,46,0.0,no_scalars,corrected_formal_train_only_zscore,,
corrected_fusion_vibration_current_cross_rpm_seed46_predictions.csv,source_majority_vote,worst_class_recall,0.375,0.3294027777777777,0.0,0.625,2000,source_recording_stratified_by_class,28,cross_rpm,MultisourceFusionNet,vibration_current,46,0.0,no_scalars,corrected_formal_train_only_zscore,,
corrected_fusion_vibration_current_cross_rpm_seed46_predictions.csv,window_clustered,accuracy,0.6388667198723065,0.6385458898643257,0.5432861133280128,0.7394303671189146,2000,source_recording_stratified_by_class,28,cross_rpm,MultisourceFusionNet,vibration_current,46,0.0,no_scalars,corrected_formal_train_only_zscore,,
corrected_fusion_vibration_current_cross_rpm_seed46_predictions.csv,window_clustered,macro_f1,0.6622969106991301,0.6579175535304096,0.5638810905685553,0.7531799467036558,2000,source_recording_stratified_by_class,28,cross_rpm,MultisourceFusionNet,vibration_current,46,0.0,no_scalars,corrected_formal_train_only_zscore,,
corrected_fusion_vibration_current_cross_rpm_seed46_predictions.csv,window_clustered,worst_class_recall,0.4832402234636871,0.4223721679081316,0.2562713376784606,0.5858938547486033,2000,source_recording_stratified_by_class,28,cross_rpm,MultisourceFusionNet,vibration_current,46,0.0,no_scalars,corrected_formal_train_only_zscore,,
corrected_fusion_vibration_current_rpm_load_cross_condition_seed42_predictions.csv,source_mean_probability,accuracy,1.0,1.0,1.0,1.0,2000,source_recording_stratified_by_class,42,cross_condition,MultisourceFusionNet,vibration_current_rpm_load,42,28.0,auxiliary_context_28,posthoc_exploratory_same_holdout,,
corrected_fusion_vibration_current_rpm_load_cross_condition_seed42_predictions.csv,source_mean_probability,macro_f1,1.0,1.0,1.0,1.0,2000,source_recording_stratified_by_class,42,cross_condition,MultisourceFusionNet,vibration_current_rpm_load,42,28.0,auxiliary_context_28,posthoc_exploratory_same_holdout,,
corrected_fusion_vibration_current_rpm_load_cross_condition_seed42_predictions.csv,source_mean_probability,worst_class_recall,1.0,1.0,1.0,1.0,2000,source_recording_stratified_by_class,42,cross_condition,MultisourceFusionNet,vibration_current_rpm_load,42,28.0,auxiliary_context_28,posthoc_exploratory_same_holdout,,
corrected_fusion_vibration_current_rpm_load_cross_condition_seed42_predictions.csv,source_majority_vote,accuracy,1.0,1.0,1.0,1.0,2000,source_recording_stratified_by_class,42,cross_condition,MultisourceFusionNet,vibration_current_rpm_load,42,28.0,auxiliary_context_28,posthoc_exploratory_same_holdout,,
corrected_fusion_vibration_current_rpm_load_cross_condition_seed42_predictions.csv,source_majority_vote,macro_f1,1.0,1.0,1.0,1.0,2000,source_recording_stratified_by_class,42,cross_condition,MultisourceFusionNet,vibration_current_rpm_load,42,28.0,auxiliary_context_28,posthoc_exploratory_same_holdout,,
corrected_fusion_vibration_current_rpm_load_cross_condition_seed42_predictions.csv,source_majority_vote,worst_class_recall,1.0,1.0,1.0,1.0,2000,source_recording_stratified_by_class,42,cross_condition,MultisourceFusionNet,vibration_current_rpm_load,42,28.0,auxiliary_context_28,posthoc_exploratory_same_holdout,,
corrected_fusion_vibration_current_rpm_load_cross_condition_seed42_predictions.csv,window_clustered,accuracy,0.9986698590050546,0.998676842245278,0.9972067039106144,0.9997339718010108,2000,source_recording_stratified_by_class,42,cross_condition,MultisourceFusionNet,vibration_current_rpm_load,42,28.0,auxiliary_context_28,posthoc_exploratory_same_holdout,,
corrected_fusion_vibration_current_rpm_load_cross_condition_seed42_predictions.csv,window_clustered,macro_f1,0.9984264998739512,0.9984355214725013,0.9965538840252096,0.9997672252754338,2000,source_recording_stratified_by_class,42,cross_condition,MultisourceFusionNet,vibration_current_rpm_load,42,28.0,auxiliary_context_28,posthoc_exploratory_same_holdout,,
corrected_fusion_vibration_current_rpm_load_cross_condition_seed42_predictions.csv,window_clustered,worst_class_recall,0.9934823091247672,0.9933745344506518,0.984171322160149,0.9990689013035382,2000,source_recording_stratified_by_class,42,cross_condition,MultisourceFusionNet,vibration_current_rpm_load,42,28.0,auxiliary_context_28,posthoc_exploratory_same_holdout,,
corrected_fusion_vibration_current_rpm_load_cross_condition_seed43_predictions.csv,source_mean_probability,accuracy,1.0,1.0,1.0,1.0,2000,source_recording_stratified_by_class,42,cross_condition,MultisourceFusionNet,vibration_current_rpm_load,43,28.0,auxiliary_context_28,posthoc_exploratory_same_holdout,,
corrected_fusion_vibration_current_rpm_load_cross_condition_seed43_predictions.csv,source_mean_probability,macro_f1,1.0,1.0,1.0,1.0,2000,source_recording_stratified_by_class,42,cross_condition,MultisourceFusionNet,vibration_current_rpm_load,43,28.0,auxiliary_context_28,posthoc_exploratory_same_holdout,,
corrected_fusion_vibration_current_rpm_load_cross_condition_seed43_predictions.csv,source_mean_probability,worst_class_recall,1.0,1.0,1.0,1.0,2000,source_recording_stratified_by_class,42,cross_condition,MultisourceFusionNet,vibration_current_rpm_load,43,28.0,auxiliary_context_28,posthoc_exploratory_same_holdout,,
corrected_fusion_vibration_current_rpm_load_cross_condition_seed43_predictions.csv,source_majority_vote,accuracy,1.0,1.0,1.0,1.0,2000,source_recording_stratified_by_class,42,cross_condition,MultisourceFusionNet,vibration_current_rpm_load,43,28.0,auxiliary_context_28,posthoc_exploratory_same_holdout,,
corrected_fusion_vibration_current_rpm_load_cross_condition_seed43_predictions.csv,source_majority_vote,macro_f1,1.0,1.0,1.0,1.0,2000,source_recording_stratified_by_class,42,cross_condition,MultisourceFusionNet,vibration_current_rpm_load,43,28.0,auxiliary_context_28,posthoc_exploratory_same_holdout,,
corrected_fusion_vibration_current_rpm_load_cross_condition_seed43_predictions.csv,source_majority_vote,worst_class_recall,1.0,1.0,1.0,1.0,2000,source_recording_stratified_by_class,42,cross_condition,MultisourceFusionNet,vibration_current_rpm_load,43,28.0,auxiliary_context_28,posthoc_exploratory_same_holdout,,
corrected_fusion_vibration_current_rpm_load_cross_condition_seed43_predictions.csv,window_clustered,accuracy,0.9965416334131418,0.9965001330140996,0.9928172386272944,0.9992019154030328,2000,source_recording_stratified_by_class,42,cross_condition,MultisourceFusionNet,vibration_current_rpm_load,43,28.0,auxiliary_context_28,posthoc_exploratory_same_holdout,,
corrected_fusion_vibration_current_rpm_load_cross_condition_seed43_predictions.csv,window_clustered,macro_f1,0.9960979408497964,0.9960456267800962,0.9923162995005554,0.9989530007908708,2000,source_recording_stratified_by_class,42,cross_condition,MultisourceFusionNet,vibration_current_rpm_load,43,28.0,auxiliary_context_28,posthoc_exploratory_same_holdout,,
corrected_fusion_vibration_current_rpm_load_cross_condition_seed43_predictions.csv,window_clustered,worst_class_recall,0.98975791433892,0.9886454841713224,0.9767225325884544,0.9962756052141528,2000,source_recording_stratified_by_class,42,cross_condition,MultisourceFusionNet,vibration_current_rpm_load,43,28.0,auxiliary_context_28,posthoc_exploratory_same_holdout,,
corrected_fusion_vibration_current_rpm_load_cross_condition_seed44_predictions.csv,source_mean_probability,accuracy,0.9761904761904762,0.9755,0.9285714285714286,1.0,2000,source_recording_stratified_by_class,42,cross_condition,MultisourceFusionNet,vibration_current_rpm_load,44,28.0,auxiliary_context_28,posthoc_exploratory_same_holdout,,
corrected_fusion_vibration_current_rpm_load_cross_condition_seed44_predictions.csv,source_mean_probability,macro_f1,0.9698996655518394,0.9698079642908356,0.9142857142857144,1.0,2000,source_recording_stratified_by_class,42,cross_condition,MultisourceFusionNet,vibration_current_rpm_load,44,28.0,auxiliary_context_28,posthoc_exploratory_same_holdout,,
corrected_fusion_vibration_current_rpm_load_cross_condition_seed44_predictions.csv,source_mean_probability,worst_class_recall,0.9166666666666666,0.91425,0.75,1.0,2000,source_recording_stratified_by_class,42,cross_condition,MultisourceFusionNet,vibration_current_rpm_load,44,28.0,auxiliary_context_28,posthoc_exploratory_same_holdout,,
corrected_fusion_vibration_current_rpm_load_cross_condition_seed44_predictions.csv,source_majority_vote,accuracy,0.9761904761904762,0.9755,0.9285714285714286,1.0,2000,source_recording_stratified_by_class,42,cross_condition,MultisourceFusionNet,vibration_current_rpm_load,44,28.0,auxiliary_context_28,posthoc_exploratory_same_holdout,,
corrected_fusion_vibration_current_rpm_load_cross_condition_seed44_predictions.csv,source_majority_vote,macro_f1,0.9698996655518394,0.9698079642908356,0.9142857142857144,1.0,2000,source_recording_stratified_by_class,42,cross_condition,MultisourceFusionNet,vibration_current_rpm_load,44,28.0,auxiliary_context_28,posthoc_exploratory_same_holdout,,
corrected_fusion_vibration_current_rpm_load_cross_condition_seed44_predictions.csv,source_majority_vote,worst_class_recall,0.9166666666666666,0.91425,0.75,1.0,2000,source_recording_stratified_by_class,42,cross_condition,MultisourceFusionNet,vibration_current_rpm_load,44,28.0,auxiliary_context_28,posthoc_exploratory_same_holdout,,
corrected_fusion_vibration_current_rpm_load_cross_condition_seed44_predictions.csv,window_clustered,accuracy,0.9735301942005852,0.9731620111731843,0.939072891726523,0.994413407821229,2000,source_recording_stratified_by_class,42,cross_condition,MultisourceFusionNet,vibration_current_rpm_load,44,28.0,auxiliary_context_28,posthoc_exploratory_same_holdout,,
corrected_fusion_vibration_current_rpm_load_cross_condition_seed44_predictions.csv,window_clustered,macro_f1,0.9706071864917176,0.9704861331150344,0.9301740436108332,0.9950057003319056,2000,source_recording_stratified_by_class,42,cross_condition,MultisourceFusionNet,vibration_current_rpm_load,44,28.0,auxiliary_context_28,posthoc_exploratory_same_holdout,,
corrected_fusion_vibration_current_rpm_load_cross_condition_seed44_predictions.csv,window_clustered,worst_class_recall,0.931098696461825,0.9265940409683426,0.8151769087523277,0.9860335195530726,2000,source_recording_stratified_by_class,42,cross_condition,MultisourceFusionNet,vibration_current_rpm_load,44,28.0,auxiliary_context_28,posthoc_exploratory_same_holdout,,
corrected_fusion_vibration_current_rpm_load_cross_load_seed42_predictions.csv,source_mean_probability,accuracy,0.9523809523809524,0.9526904761904764,0.8809523809523809,1.0,2000,source_recording_stratified_by_class,42,cross_load,MultisourceFusionNet,vibration_current_rpm_load,42,28.0,auxiliary_context_28,posthoc_exploratory_same_holdout,,
corrected_fusion_vibration_current_rpm_load_cross_load_seed42_predictions.csv,source_mean_probability,macro_f1,0.958041958041958,0.957937273082792,0.8911070780399274,1.0,2000,source_recording_stratified_by_class,42,cross_load,MultisourceFusionNet,vibration_current_rpm_load,42,28.0,auxiliary_context_28,posthoc_exploratory_same_holdout,,
corrected_fusion_vibration_current_rpm_load_cross_load_seed42_predictions.csv,source_mean_probability,worst_class_recall,0.8333333333333334,0.8344166666666666,0.5833333333333334,1.0,2000,source_recording_stratified_by_class,42,cross_load,MultisourceFusionNet,vibration_current_rpm_load,42,28.0,auxiliary_context_28,posthoc_exploratory_same_holdout,,
corrected_fusion_vibration_current_rpm_load_cross_load_seed42_predictions.csv,source_majority_vote,accuracy,0.9523809523809524,0.9526904761904764,0.8809523809523809,1.0,2000,source_recording_stratified_by_class,42,cross_load,MultisourceFusionNet,vibration_current_rpm_load,42,28.0,auxiliary_context_28,posthoc_exploratory_same_holdout,,
corrected_fusion_vibration_current_rpm_load_cross_load_seed42_predictions.csv,source_majority_vote,macro_f1,0.958041958041958,0.957937273082792,0.8911070780399274,1.0,2000,source_recording_stratified_by_class,42,cross_load,MultisourceFusionNet,vibration_current_rpm_load,42,28.0,auxiliary_context_28,posthoc_exploratory_same_holdout,,
corrected_fusion_vibration_current_rpm_load_cross_load_seed42_predictions.csv,source_majority_vote,worst_class_recall,0.8333333333333334,0.8344166666666666,0.5833333333333334,1.0,2000,source_recording_stratified_by_class,42,cross_load,MultisourceFusionNet,vibration_current_rpm_load,42,28.0,auxiliary_context_28,posthoc_exploratory_same_holdout,,
corrected_fusion_vibration_current_rpm_load_cross_load_seed42_predictions.csv,window_clustered,accuracy,0.9361532322426176,0.936158153764299,0.8995677041766427,0.9676775738228252,2000,source_recording_stratified_by_class,42,cross_load,MultisourceFusionNet,vibration_current_rpm_load,42,28.0,auxiliary_context_28,posthoc_exploratory_same_holdout,,
corrected_fusion_vibration_current_rpm_load_cross_load_seed42_predictions.csv,window_clustered,macro_f1,0.941839169698816,0.941814944168655,0.9089911307517478,0.9701849356761364,2000,source_recording_stratified_by_class,42,cross_load,MultisourceFusionNet,vibration_current_rpm_load,42,28.0,auxiliary_context_28,posthoc_exploratory_same_holdout,,
corrected_fusion_vibration_current_rpm_load_cross_load_seed42_predictions.csv,window_clustered,worst_class_recall,0.840782122905028,0.8401520018621974,0.7285265363128491,0.9357658286778398,2000,source_recording_stratified_by_class,42,cross_load,MultisourceFusionNet,vibration_current_rpm_load,42,28.0,auxiliary_context_28,posthoc_exploratory_same_holdout,,
corrected_fusion_vibration_current_rpm_load_cross_load_seed43_predictions.csv,source_mean_probability,accuracy,1.0,1.0,1.0,1.0,2000,source_recording_stratified_by_class,42,cross_load,MultisourceFusionNet,vibration_current_rpm_load,43,28.0,auxiliary_context_28,posthoc_exploratory_same_holdout,,
corrected_fusion_vibration_current_rpm_load_cross_load_seed43_predictions.csv,source_mean_probability,macro_f1,1.0,1.0,1.0,1.0,2000,source_recording_stratified_by_class,42,cross_load,MultisourceFusionNet,vibration_current_rpm_load,43,28.0,auxiliary_context_28,posthoc_exploratory_same_holdout,,
corrected_fusion_vibration_current_rpm_load_cross_load_seed43_predictions.csv,source_mean_probability,worst_class_recall,1.0,1.0,1.0,1.0,2000,source_recording_stratified_by_class,42,cross_load,MultisourceFusionNet,vibration_current_rpm_load,43,28.0,auxiliary_context_28,posthoc_exploratory_same_holdout,,
corrected_fusion_vibration_current_rpm_load_cross_load_seed43_predictions.csv,source_majority_vote,accuracy,1.0,1.0,1.0,1.0,2000,source_recording_stratified_by_class,42,cross_load,MultisourceFusionNet,vibration_current_rpm_load,43,28.0,auxiliary_context_28,posthoc_exploratory_same_holdout,,
corrected_fusion_vibration_current_rpm_load_cross_load_seed43_predictions.csv,source_majority_vote,macro_f1,1.0,1.0,1.0,1.0,2000,source_recording_stratified_by_class,42,cross_load,MultisourceFusionNet,vibration_current_rpm_load,43,28.0,auxiliary_context_28,posthoc_exploratory_same_holdout,,
corrected_fusion_vibration_current_rpm_load_cross_load_seed43_predictions.csv,source_majority_vote,worst_class_recall,1.0,1.0,1.0,1.0,2000,source_recording_stratified_by_class,42,cross_load,MultisourceFusionNet,vibration_current_rpm_load,43,28.0,auxiliary_context_28,posthoc_exploratory_same_holdout,,
corrected_fusion_vibration_current_rpm_load_cross_load_seed43_predictions.csv,window_clustered,accuracy,0.9523809523809524,0.9523467012503326,0.9223164405426976,0.9793861399308328,2000,source_recording_stratified_by_class,42,cross_load,MultisourceFusionNet,vibration_current_rpm_load,43,28.0,auxiliary_context_28,posthoc_exploratory_same_holdout,,
corrected_fusion_vibration_current_rpm_load_cross_load_seed43_predictions.csv,window_clustered,macro_f1,0.9529348124271386,0.952974517646501,0.9221070347568524,0.9803859758353412,2000,source_recording_stratified_by_class,42,cross_load,MultisourceFusionNet,vibration_current_rpm_load,43,28.0,auxiliary_context_28,posthoc_exploratory_same_holdout,,
corrected_fusion_vibration_current_rpm_load_cross_load_seed43_predictions.csv,window_clustered,worst_class_recall,0.8957169459962756,0.8924515828677839,0.8039804469273742,0.9576466480446928,2000,source_recording_stratified_by_class,42,cross_load,MultisourceFusionNet,vibration_current_rpm_load,43,28.0,auxiliary_context_28,posthoc_exploratory_same_holdout,,
corrected_fusion_vibration_current_rpm_load_cross_load_seed44_predictions.csv,source_mean_probability,accuracy,0.9523809523809524,0.9522976190476192,0.8809523809523809,1.0,2000,source_recording_stratified_by_class,42,cross_load,MultisourceFusionNet,vibration_current_rpm_load,44,28.0,auxiliary_context_28,posthoc_exploratory_same_holdout,,
corrected_fusion_vibration_current_rpm_load_cross_load_seed44_predictions.csv,source_mean_probability,macro_f1,0.949066332218506,0.9497495941027572,0.8785714285714286,1.0,2000,source_recording_stratified_by_class,42,cross_load,MultisourceFusionNet,vibration_current_rpm_load,44,28.0,auxiliary_context_28,posthoc_exploratory_same_holdout,,
corrected_fusion_vibration_current_rpm_load_cross_load_seed44_predictions.csv,source_mean_probability,worst_class_recall,0.9166666666666666,0.874125,0.6666666666666666,1.0,2000,source_recording_stratified_by_class,42,cross_load,MultisourceFusionNet,vibration_current_rpm_load,44,28.0,auxiliary_context_28,posthoc_exploratory_same_holdout,,
corrected_fusion_vibration_current_rpm_load_cross_load_seed44_predictions.csv,source_majority_vote,accuracy,0.9523809523809524,0.9522976190476192,0.8809523809523809,1.0,2000,source_recording_stratified_by_class,42,cross_load,MultisourceFusionNet,vibration_current_rpm_load,44,28.0,auxiliary_context_28,posthoc_exploratory_same_holdout,,
corrected_fusion_vibration_current_rpm_load_cross_load_seed44_predictions.csv,source_majority_vote,macro_f1,0.949066332218506,0.9497495941027572,0.8785714285714286,1.0,2000,source_recording_stratified_by_class,42,cross_load,MultisourceFusionNet,vibration_current_rpm_load,44,28.0,auxiliary_context_28,posthoc_exploratory_same_holdout,,
corrected_fusion_vibration_current_rpm_load_cross_load_seed44_predictions.csv,source_majority_vote,worst_class_recall,0.9166666666666666,0.874125,0.6666666666666666,1.0,2000,source_recording_stratified_by_class,42,cross_load,MultisourceFusionNet,vibration_current_rpm_load,44,28.0,auxiliary_context_28,posthoc_exploratory_same_holdout,,
corrected_fusion_vibration_current_rpm_load_cross_load_seed44_predictions.csv,window_clustered,accuracy,0.8933226922053737,0.894301808991753,0.840782122905028,0.941084729981378,2000,source_recording_stratified_by_class,42,cross_load,MultisourceFusionNet,vibration_current_rpm_load,44,28.0,auxiliary_context_28,posthoc_exploratory_same_holdout,,
corrected_fusion_vibration_current_rpm_load_cross_load_seed44_predictions.csv,window_clustered,macro_f1,0.8877704384821141,0.8891572153522055,0.8338461796864373,0.9393147479216476,2000,source_recording_stratified_by_class,42,cross_load,MultisourceFusionNet,vibration_current_rpm_load,44,28.0,auxiliary_context_28,posthoc_exploratory_same_holdout,,
corrected_fusion_vibration_current_rpm_load_cross_load_seed44_predictions.csv,window_clustered,worst_class_recall,0.8375232774674115,0.8193289106145251,0.7015828677839852,0.907832867783985,2000,source_recording_stratified_by_class,42,cross_load,MultisourceFusionNet,vibration_current_rpm_load,44,28.0,auxiliary_context_28,posthoc_exploratory_same_holdout,,
corrected_fusion_vibration_current_rpm_load_cross_rpm_seed42_predictions.csv,source_mean_probability,accuracy,0.8928571428571429,0.8943214285714286,0.7857142857142857,1.0,2000,source_recording_stratified_by_class,28,cross_rpm,MultisourceFusionNet,vibration_current_rpm_load,42,28.0,auxiliary_context_28,posthoc_exploratory_same_holdout,,
corrected_fusion_vibration_current_rpm_load_cross_rpm_seed42_predictions.csv,source_mean_probability,macro_f1,0.9054621848739496,0.905244902455823,0.8100726938502674,1.0,2000,source_recording_stratified_by_class,28,cross_rpm,MultisourceFusionNet,vibration_current_rpm_load,42,28.0,auxiliary_context_28,posthoc_exploratory_same_holdout,,
corrected_fusion_vibration_current_rpm_load_cross_rpm_seed42_predictions.csv,source_mean_probability,worst_class_recall,0.75,0.7297708333333334,0.4444444444444444,1.0,2000,source_recording_stratified_by_class,28,cross_rpm,MultisourceFusionNet,vibration_current_rpm_load,42,28.0,auxiliary_context_28,posthoc_exploratory_same_holdout,,
corrected_fusion_vibration_current_rpm_load_cross_rpm_seed42_predictions.csv,source_majority_vote,accuracy,0.8928571428571429,0.8943214285714286,0.7857142857142857,1.0,2000,source_recording_stratified_by_class,28,cross_rpm,MultisourceFusionNet,vibration_current_rpm_load,42,28.0,auxiliary_context_28,posthoc_exploratory_same_holdout,,
corrected_fusion_vibration_current_rpm_load_cross_rpm_seed42_predictions.csv,source_majority_vote,macro_f1,0.9054621848739496,0.905244902455823,0.8100726938502674,1.0,2000,source_recording_stratified_by_class,28,cross_rpm,MultisourceFusionNet,vibration_current_rpm_load,42,28.0,auxiliary_context_28,posthoc_exploratory_same_holdout,,
corrected_fusion_vibration_current_rpm_load_cross_rpm_seed42_predictions.csv,source_majority_vote,worst_class_recall,0.75,0.7297708333333334,0.4444444444444444,1.0,2000,source_recording_stratified_by_class,28,cross_rpm,MultisourceFusionNet,vibration_current_rpm_load,42,28.0,auxiliary_context_28,posthoc_exploratory_same_holdout,,
corrected_fusion_vibration_current_rpm_load_cross_rpm_seed42_predictions.csv,window_clustered,accuracy,0.8703112529928172,0.8712684557063048,0.7778980446927375,0.9481344772545888,2000,source_recording_stratified_by_class,28,cross_rpm,MultisourceFusionNet,vibration_current_rpm_load,42,28.0,auxiliary_context_28,posthoc_exploratory_same_holdout,,
corrected_fusion_vibration_current_rpm_load_cross_rpm_seed42_predictions.csv,window_clustered,macro_f1,0.8818537582899935,0.8818163166664165,0.7991502682278606,0.9506576536856406,2000,source_recording_stratified_by_class,28,cross_rpm,MultisourceFusionNet,vibration_current_rpm_load,42,28.0,auxiliary_context_28,posthoc_exploratory_same_holdout,,
corrected_fusion_vibration_current_rpm_load_cross_rpm_seed42_predictions.csv,window_clustered,worst_class_recall,0.696927374301676,0.6883263112973309,0.4769029329608938,0.8789629888268156,2000,source_recording_stratified_by_class,28,cross_rpm,MultisourceFusionNet,vibration_current_rpm_load,42,28.0,auxiliary_context_28,posthoc_exploratory_same_holdout,,
corrected_fusion_vibration_current_rpm_load_cross_rpm_seed43_predictions.csv,source_mean_probability,accuracy,0.8571428571428571,0.8575,0.7142857142857143,0.9642857142857144,2000,source_recording_stratified_by_class,28,cross_rpm,MultisourceFusionNet,vibration_current_rpm_load,43,28.0,auxiliary_context_28,posthoc_exploratory_same_holdout,,
corrected_fusion_vibration_current_rpm_load_cross_rpm_seed43_predictions.csv,source_mean_probability,macro_f1,0.870412267471091,0.8684341231991748,0.7444444444444445,0.9666666666666668,2000,source_recording_stratified_by_class,28,cross_rpm,MultisourceFusionNet,vibration_current_rpm_load,43,28.0,auxiliary_context_28,posthoc_exploratory_same_holdout,,
corrected_fusion_vibration_current_rpm_load_cross_rpm_seed43_predictions.csv,source_mean_probability,worst_class_recall,0.625,0.6158819444444444,0.25,0.875,2000,source_recording_stratified_by_class,28,cross_rpm,MultisourceFusionNet,vibration_current_rpm_load,43,28.0,auxiliary_context_28,posthoc_exploratory_same_holdout,,
corrected_fusion_vibration_current_rpm_load_cross_rpm_seed43_predictions.csv,source_majority_vote,accuracy,0.8571428571428571,0.8575,0.7142857142857143,0.9642857142857144,2000,source_recording_stratified_by_class,28,cross_rpm,MultisourceFusionNet,vibration_current_rpm_load,43,28.0,auxiliary_context_28,posthoc_exploratory_same_holdout,,
corrected_fusion_vibration_current_rpm_load_cross_rpm_seed43_predictions.csv,source_majority_vote,macro_f1,0.8720462543991956,0.8693929409971825,0.751798128342246,0.9666666666666668,2000,source_recording_stratified_by_class,28,cross_rpm,MultisourceFusionNet,vibration_current_rpm_load,43,28.0,auxiliary_context_28,posthoc_exploratory_same_holdout,,
corrected_fusion_vibration_current_rpm_load_cross_rpm_seed43_predictions.csv,source_majority_vote,worst_class_recall,0.625,0.6158819444444444,0.25,0.875,2000,source_recording_stratified_by_class,28,cross_rpm,MultisourceFusionNet,vibration_current_rpm_load,43,28.0,auxiliary_context_28,posthoc_exploratory_same_holdout,,
corrected_fusion_vibration_current_rpm_load_cross_rpm_seed43_predictions.csv,window_clustered,accuracy,0.8701117318435754,0.871229449321628,0.7737430167597765,0.9503192338387868,2000,source_recording_stratified_by_class,28,cross_rpm,MultisourceFusionNet,vibration_current_rpm_load,43,28.0,auxiliary_context_28,posthoc_exploratory_same_holdout,,
corrected_fusion_vibration_current_rpm_load_cross_rpm_seed43_predictions.csv,window_clustered,macro_f1,0.8820303259660285,0.8821395033938318,0.7973250313035978,0.952035464764147,2000,source_recording_stratified_by_class,28,cross_rpm,MultisourceFusionNet,vibration_current_rpm_load,43,28.0,auxiliary_context_28,posthoc_exploratory_same_holdout,,
corrected_fusion_vibration_current_rpm_load_cross_rpm_seed43_predictions.csv,window_clustered,worst_class_recall,0.6997206703910615,0.6914865323224262,0.4846194134078212,0.8652409217877094,2000,source_recording_stratified_by_class,28,cross_rpm,MultisourceFusionNet,vibration_current_rpm_load,43,28.0,auxiliary_context_28,posthoc_exploratory_same_holdout,,
corrected_fusion_vibration_current_rpm_load_cross_rpm_seed44_predictions.csv,source_mean_probability,accuracy,0.9642857142857144,0.9644642857142856,0.8928571428571429,1.0,2000,source_recording_stratified_by_class,28,cross_rpm,MultisourceFusionNet,vibration_current_rpm_load,44,28.0,auxiliary_context_28,posthoc_exploratory_same_holdout,,
corrected_fusion_vibration_current_rpm_load_cross_rpm_seed44_predictions.csv,source_mean_probability,macro_f1,0.9705882352941176,0.970579233765031,0.9105263157894736,1.0,2000,source_recording_stratified_by_class,28,cross_rpm,MultisourceFusionNet,vibration_current_rpm_load,44,28.0,auxiliary_context_28,posthoc_exploratory_same_holdout,,
corrected_fusion_vibration_current_rpm_load_cross_rpm_seed44_predictions.csv,source_mean_probability,worst_class_recall,0.8888888888888888,0.8894444444444446,0.6666666666666666,1.0,2000,source_recording_stratified_by_class,28,cross_rpm,MultisourceFusionNet,vibration_current_rpm_load,44,28.0,auxiliary_context_28,posthoc_exploratory_same_holdout,,
corrected_fusion_vibration_current_rpm_load_cross_rpm_seed44_predictions.csv,source_majority_vote,accuracy,0.9642857142857144,0.9644642857142856,0.8928571428571429,1.0,2000,source_recording_stratified_by_class,28,cross_rpm,MultisourceFusionNet,vibration_current_rpm_load,44,28.0,auxiliary_context_28,posthoc_exploratory_same_holdout,,
corrected_fusion_vibration_current_rpm_load_cross_rpm_seed44_predictions.csv,source_majority_vote,macro_f1,0.9705882352941176,0.970579233765031,0.9105263157894736,1.0,2000,source_recording_stratified_by_class,28,cross_rpm,MultisourceFusionNet,vibration_current_rpm_load,44,28.0,auxiliary_context_28,posthoc_exploratory_same_holdout,,
corrected_fusion_vibration_current_rpm_load_cross_rpm_seed44_predictions.csv,source_majority_vote,worst_class_recall,0.8888888888888888,0.8894444444444446,0.6666666666666666,1.0,2000,source_recording_stratified_by_class,28,cross_rpm,MultisourceFusionNet,vibration_current_rpm_load,44,28.0,auxiliary_context_28,posthoc_exploratory_same_holdout,,
corrected_fusion_vibration_current_rpm_load_cross_rpm_seed44_predictions.csv,window_clustered,accuracy,0.9337589784517158,0.9338884676775736,0.8537460095770152,0.986836592178771,2000,source_recording_stratified_by_class,28,cross_rpm,MultisourceFusionNet,vibration_current_rpm_load,44,28.0,auxiliary_context_28,posthoc_exploratory_same_holdout,,
corrected_fusion_vibration_current_rpm_load_cross_rpm_seed44_predictions.csv,window_clustered,macro_f1,0.9429224616610016,0.942903924887888,0.8771290977476333,0.9863525800973818,2000,source_recording_stratified_by_class,28,cross_rpm,MultisourceFusionNet,vibration_current_rpm_load,44,28.0,auxiliary_context_28,posthoc_exploratory_same_holdout,,
corrected_fusion_vibration_current_rpm_load_cross_rpm_seed44_predictions.csv,window_clustered,worst_class_recall,0.8839230291744258,0.855895284650173,0.6623215394165115,0.965782122905028,2000,source_recording_stratified_by_class,28,cross_rpm,MultisourceFusionNet,vibration_current_rpm_load,44,28.0,auxiliary_context_28,posthoc_exploratory_same_holdout,,
corrected_fusion_vibration_current_rpm_load_cross_rpm_seed45_predictions.csv,source_mean_probability,accuracy,1.0,1.0,1.0,1.0,2000,source_recording_stratified_by_class,28,cross_rpm,MultisourceFusionNet,vibration_current_rpm_load,45,28.0,auxiliary_context_28,posthoc_exploratory_same_holdout,,
corrected_fusion_vibration_current_rpm_load_cross_rpm_seed45_predictions.csv,source_mean_probability,macro_f1,1.0,1.0,1.0,1.0,2000,source_recording_stratified_by_class,28,cross_rpm,MultisourceFusionNet,vibration_current_rpm_load,45,28.0,auxiliary_context_28,posthoc_exploratory_same_holdout,,
corrected_fusion_vibration_current_rpm_load_cross_rpm_seed45_predictions.csv,source_mean_probability,worst_class_recall,1.0,1.0,1.0,1.0,2000,source_recording_stratified_by_class,28,cross_rpm,MultisourceFusionNet,vibration_current_rpm_load,45,28.0,auxiliary_context_28,posthoc_exploratory_same_holdout,,
corrected_fusion_vibration_current_rpm_load_cross_rpm_seed45_predictions.csv,source_majority_vote,accuracy,1.0,1.0,1.0,1.0,2000,source_recording_stratified_by_class,28,cross_rpm,MultisourceFusionNet,vibration_current_rpm_load,45,28.0,auxiliary_context_28,posthoc_exploratory_same_holdout,,
corrected_fusion_vibration_current_rpm_load_cross_rpm_seed45_predictions.csv,source_majority_vote,macro_f1,1.0,1.0,1.0,1.0,2000,source_recording_stratified_by_class,28,cross_rpm,MultisourceFusionNet,vibration_current_rpm_load,45,28.0,auxiliary_context_28,posthoc_exploratory_same_holdout,,
corrected_fusion_vibration_current_rpm_load_cross_rpm_seed45_predictions.csv,source_majority_vote,worst_class_recall,1.0,1.0,1.0,1.0,2000,source_recording_stratified_by_class,28,cross_rpm,MultisourceFusionNet,vibration_current_rpm_load,45,28.0,auxiliary_context_28,posthoc_exploratory_same_holdout,,
corrected_fusion_vibration_current_rpm_load_cross_rpm_seed45_predictions.csv,window_clustered,accuracy,0.9315642458100558,0.9313335993615324,0.8944533120510774,0.9664854349561054,2000,source_recording_stratified_by_class,28,cross_rpm,MultisourceFusionNet,vibration_current_rpm_load,45,28.0,auxiliary_context_28,posthoc_exploratory_same_holdout,,
corrected_fusion_vibration_current_rpm_load_cross_rpm_seed45_predictions.csv,window_clustered,macro_f1,0.9336390056776488,0.93351210884267,0.8984716391161671,0.9655578822272164,2000,source_recording_stratified_by_class,28,cross_rpm,MultisourceFusionNet,vibration_current_rpm_load,45,28.0,auxiliary_context_28,posthoc_exploratory_same_holdout,,
corrected_fusion_vibration_current_rpm_load_cross_rpm_seed45_predictions.csv,window_clustered,worst_class_recall,0.8079608938547486,0.8073344473264167,0.6829085195530726,0.9322625698324022,2000,source_recording_stratified_by_class,28,cross_rpm,MultisourceFusionNet,vibration_current_rpm_load,45,28.0,auxiliary_context_28,posthoc_exploratory_same_holdout,,
corrected_fusion_vibration_current_rpm_load_cross_rpm_seed46_predictions.csv,source_mean_probability,accuracy,0.9285714285714286,0.9279642857142858,0.8214285714285714,1.0,2000,source_recording_stratified_by_class,28,cross_rpm,MultisourceFusionNet,vibration_current_rpm_load,46,28.0,auxiliary_context_28,posthoc_exploratory_same_holdout,,
corrected_fusion_vibration_current_rpm_load_cross_rpm_seed46_predictions.csv,source_mean_probability,macro_f1,0.9373774509803924,0.9362750547590524,0.8452682186234818,1.0,2000,source_recording_stratified_by_class,28,cross_rpm,MultisourceFusionNet,vibration_current_rpm_load,46,28.0,auxiliary_context_28,posthoc_exploratory_same_holdout,,
corrected_fusion_vibration_current_rpm_load_cross_rpm_seed46_predictions.csv,source_mean_probability,worst_class_recall,0.875,0.8197569444444445,0.625,1.0,2000,source_recording_stratified_by_class,28,cross_rpm,MultisourceFusionNet,vibration_current_rpm_load,46,28.0,auxiliary_context_28,posthoc_exploratory_same_holdout,,
corrected_fusion_vibration_current_rpm_load_cross_rpm_seed46_predictions.csv,source_majority_vote,accuracy,0.9285714285714286,0.9279642857142858,0.8214285714285714,1.0,2000,source_recording_stratified_by_class,28,cross_rpm,MultisourceFusionNet,vibration_current_rpm_load,46,28.0,auxiliary_context_28,posthoc_exploratory_same_holdout,,
corrected_fusion_vibration_current_rpm_load_cross_rpm_seed46_predictions.csv,source_majority_vote,macro_f1,0.9373774509803924,0.9362750547590524,0.8452682186234818,1.0,2000,source_recording_stratified_by_class,28,cross_rpm,MultisourceFusionNet,vibration_current_rpm_load,46,28.0,auxiliary_context_28,posthoc_exploratory_same_holdout,,
corrected_fusion_vibration_current_rpm_load_cross_rpm_seed46_predictions.csv,source_majority_vote,worst_class_recall,0.875,0.8197569444444445,0.625,1.0,2000,source_recording_stratified_by_class,28,cross_rpm,MultisourceFusionNet,vibration_current_rpm_load,46,28.0,auxiliary_context_28,posthoc_exploratory_same_holdout,,
corrected_fusion_vibration_current_rpm_load_cross_rpm_seed46_predictions.csv,window_clustered,accuracy,0.8980446927374302,0.8987467079010375,0.8110484836392657,0.9628940542697526,2000,source_recording_stratified_by_class,28,cross_rpm,MultisourceFusionNet,vibration_current_rpm_load,46,28.0,auxiliary_context_28,posthoc_exploratory_same_holdout,,
corrected_fusion_vibration_current_rpm_load_cross_rpm_seed46_predictions.csv,window_clustered,macro_f1,0.9070019694294258,0.9074911440559388,0.834170750454675,0.9641065254309182,2000,source_recording_stratified_by_class,28,cross_rpm,MultisourceFusionNet,vibration_current_rpm_load,46,28.0,auxiliary_context_28,posthoc_exploratory_same_holdout,,
corrected_fusion_vibration_current_rpm_load_cross_rpm_seed46_predictions.csv,window_clustered,worst_class_recall,0.8233240223463687,0.7954273022523721,0.6530105524518932,0.9259776536312848,2000,source_recording_stratified_by_class,28,cross_rpm,MultisourceFusionNet,vibration_current_rpm_load,46,28.0,auxiliary_context_28,posthoc_exploratory_same_holdout,,
corrected_fusion_vibration_current_rpm_load_only_cross_condition_seed42_predictions.csv,source_mean_probability,accuracy,0.9761904761904762,0.9753095238095238,0.9285714285714286,1.0,2000,source_recording_stratified_by_class,42,cross_condition,MultisourceFusionNet,vibration_current_rpm_load_only,42,2.0,context_2,corrected_formal_train_only_zscore,,
corrected_fusion_vibration_current_rpm_load_only_cross_condition_seed42_predictions.csv,source_mean_probability,macro_f1,0.9791304347826087,0.9782129719215968,0.9365079365079364,1.0,2000,source_recording_stratified_by_class,42,cross_condition,MultisourceFusionNet,vibration_current_rpm_load_only,42,2.0,context_2,corrected_formal_train_only_zscore,,
corrected_fusion_vibration_current_rpm_load_only_cross_condition_seed42_predictions.csv,source_mean_probability,worst_class_recall,0.9166666666666666,0.9135833333333334,0.75,1.0,2000,source_recording_stratified_by_class,42,cross_condition,MultisourceFusionNet,vibration_current_rpm_load_only,42,2.0,context_2,corrected_formal_train_only_zscore,,
corrected_fusion_vibration_current_rpm_load_only_cross_condition_seed42_predictions.csv,source_majority_vote,accuracy,0.9761904761904762,0.9753095238095238,0.9285714285714286,1.0,2000,source_recording_stratified_by_class,42,cross_condition,MultisourceFusionNet,vibration_current_rpm_load_only,42,2.0,context_2,corrected_formal_train_only_zscore,,
corrected_fusion_vibration_current_rpm_load_only_cross_condition_seed42_predictions.csv,source_majority_vote,macro_f1,0.9791304347826087,0.9782129719215968,0.9365079365079364,1.0,2000,source_recording_stratified_by_class,42,cross_condition,MultisourceFusionNet,vibration_current_rpm_load_only,42,2.0,context_2,corrected_formal_train_only_zscore,,
corrected_fusion_vibration_current_rpm_load_only_cross_condition_seed42_predictions.csv,source_majority_vote,worst_class_recall,0.9166666666666666,0.9135833333333334,0.75,1.0,2000,source_recording_stratified_by_class,42,cross_condition,MultisourceFusionNet,vibration_current_rpm_load_only,42,2.0,context_2,corrected_formal_train_only_zscore,,
corrected_fusion_vibration_current_rpm_load_only_cross_condition_seed42_predictions.csv,window_clustered,accuracy,0.9678105879223198,0.9671092045756848,0.919376828943868,0.9964086193136472,2000,source_recording_stratified_by_class,42,cross_condition,MultisourceFusionNet,vibration_current_rpm_load_only,42,2.0,context_2,corrected_formal_train_only_zscore,,
corrected_fusion_vibration_current_rpm_load_only_cross_condition_seed42_predictions.csv,window_clustered,macro_f1,0.9700128839114908,0.9693669298152964,0.9266552537867228,0.9957189829045268,2000,source_recording_stratified_by_class,42,cross_condition,MultisourceFusionNet,vibration_current_rpm_load_only,42,2.0,context_2,corrected_formal_train_only_zscore,,
corrected_fusion_vibration_current_rpm_load_only_cross_condition_seed42_predictions.csv,window_clustered,worst_class_recall,0.931098696461825,0.915417364990689,0.7937616387337058,0.98975791433892,2000,source_recording_stratified_by_class,42,cross_condition,MultisourceFusionNet,vibration_current_rpm_load_only,42,2.0,context_2,corrected_formal_train_only_zscore,,
corrected_fusion_vibration_current_rpm_load_only_cross_condition_seed43_predictions.csv,source_mean_probability,accuracy,0.9285714285714286,0.9280357142857144,0.8333333333333334,1.0,2000,source_recording_stratified_by_class,42,cross_condition,MultisourceFusionNet,vibration_current_rpm_load_only,43,2.0,context_2,corrected_formal_train_only_zscore,,
corrected_fusion_vibration_current_rpm_load_only_cross_condition_seed43_predictions.csv,source_mean_probability,macro_f1,0.9382971014492754,0.937488770992632,0.857833354668032,1.0,2000,source_recording_stratified_by_class,42,cross_condition,MultisourceFusionNet,vibration_current_rpm_load_only,43,2.0,context_2,corrected_formal_train_only_zscore,,
corrected_fusion_vibration_current_rpm_load_only_cross_condition_seed43_predictions.csv,source_mean_probability,worst_class_recall,0.9166666666666666,0.848875,0.6666666666666666,1.0,2000,source_recording_stratified_by_class,42,cross_condition,MultisourceFusionNet,vibration_current_rpm_load_only,43,2.0,context_2,corrected_formal_train_only_zscore,,
corrected_fusion_vibration_current_rpm_load_only_cross_condition_seed43_predictions.csv,source_majority_vote,accuracy,0.9285714285714286,0.9280357142857144,0.8333333333333334,1.0,2000,source_recording_stratified_by_class,42,cross_condition,MultisourceFusionNet,vibration_current_rpm_load_only,43,2.0,context_2,corrected_formal_train_only_zscore,,
corrected_fusion_vibration_current_rpm_load_only_cross_condition_seed43_predictions.csv,source_majority_vote,macro_f1,0.9382971014492754,0.937488770992632,0.857833354668032,1.0,2000,source_recording_stratified_by_class,42,cross_condition,MultisourceFusionNet,vibration_current_rpm_load_only,43,2.0,context_2,corrected_formal_train_only_zscore,,
corrected_fusion_vibration_current_rpm_load_only_cross_condition_seed43_predictions.csv,source_majority_vote,worst_class_recall,0.9166666666666666,0.848875,0.6666666666666666,1.0,2000,source_recording_stratified_by_class,42,cross_condition,MultisourceFusionNet,vibration_current_rpm_load_only,43,2.0,context_2,corrected_formal_train_only_zscore,,
corrected_fusion_vibration_current_rpm_load_only_cross_condition_seed43_predictions.csv,window_clustered,accuracy,0.9334929502527268,0.9330511439212558,0.8543495610534717,0.9922851822293164,2000,source_recording_stratified_by_class,42,cross_condition,MultisourceFusionNet,vibration_current_rpm_load_only,43,2.0,context_2,corrected_formal_train_only_zscore,,
corrected_fusion_vibration_current_rpm_load_only_cross_condition_seed43_predictions.csv,window_clustered,macro_f1,0.9417642206349456,0.9411439259082576,0.8735684106678623,0.9919491517001694,2000,source_recording_stratified_by_class,42,cross_condition,MultisourceFusionNet,vibration_current_rpm_load_only,43,2.0,context_2,corrected_formal_train_only_zscore,,
corrected_fusion_vibration_current_rpm_load_only_cross_condition_seed43_predictions.csv,window_clustered,worst_class_recall,0.9166666666666666,0.8619560055865921,0.6666666666666666,0.9692737430167596,2000,source_recording_stratified_by_class,42,cross_condition,MultisourceFusionNet,vibration_current_rpm_load_only,43,2.0,context_2,corrected_formal_train_only_zscore,,
corrected_fusion_vibration_current_rpm_load_only_cross_condition_seed44_predictions.csv,source_mean_probability,accuracy,0.9285714285714286,0.929011904761905,0.8571428571428571,1.0,2000,source_recording_stratified_by_class,42,cross_condition,MultisourceFusionNet,vibration_current_rpm_load_only,44,2.0,context_2,corrected_formal_train_only_zscore,,
corrected_fusion_vibration_current_rpm_load_only_cross_condition_seed44_predictions.csv,source_mean_probability,macro_f1,0.9365079365079364,0.9361236429379944,0.8666666666666667,1.0,2000,source_recording_stratified_by_class,42,cross_condition,MultisourceFusionNet,vibration_current_rpm_load_only,44,2.0,context_2,corrected_formal_train_only_zscore,,
corrected_fusion_vibration_current_rpm_load_only_cross_condition_seed44_predictions.csv,source_mean_probability,worst_class_recall,0.75,0.7515416666666668,0.5,1.0,2000,source_recording_stratified_by_class,42,cross_condition,MultisourceFusionNet,vibration_current_rpm_load_only,44,2.0,context_2,corrected_formal_train_only_zscore,,
corrected_fusion_vibration_current_rpm_load_only_cross_condition_seed44_predictions.csv,source_majority_vote,accuracy,0.9523809523809524,0.9527142857142856,0.8809523809523809,1.0,2000,source_recording_stratified_by_class,42,cross_condition,MultisourceFusionNet,vibration_current_rpm_load_only,44,2.0,context_2,corrected_formal_train_only_zscore,,
corrected_fusion_vibration_current_rpm_load_only_cross_condition_seed44_predictions.csv,source_majority_vote,macro_f1,0.958041958041958,0.9579426019801108,0.8911070780399274,1.0,2000,source_recording_stratified_by_class,42,cross_condition,MultisourceFusionNet,vibration_current_rpm_load_only,44,2.0,context_2,corrected_formal_train_only_zscore,,
corrected_fusion_vibration_current_rpm_load_only_cross_condition_seed44_predictions.csv,source_majority_vote,worst_class_recall,0.8333333333333334,0.8345,0.5833333333333334,1.0,2000,source_recording_stratified_by_class,42,cross_condition,MultisourceFusionNet,vibration_current_rpm_load_only,44,2.0,context_2,corrected_formal_train_only_zscore,,
corrected_fusion_vibration_current_rpm_load_only_cross_condition_seed44_predictions.csv,window_clustered,accuracy,0.9451981910082468,0.9455161612130886,0.8929169992019154,0.99414737962224,2000,source_recording_stratified_by_class,42,cross_condition,MultisourceFusionNet,vibration_current_rpm_load_only,44,2.0,context_2,corrected_formal_train_only_zscore,,
corrected_fusion_vibration_current_rpm_load_only_cross_condition_seed44_predictions.csv,window_clustered,macro_f1,0.9507821648501048,0.9507677592277728,0.9021846977642464,0.9932194067300218,2000,source_recording_stratified_by_class,42,cross_condition,MultisourceFusionNet,vibration_current_rpm_load_only,44,2.0,context_2,corrected_formal_train_only_zscore,,
corrected_fusion_vibration_current_rpm_load_only_cross_condition_seed44_predictions.csv,window_clustered,worst_class_recall,0.8165735567970205,0.8175889199255121,0.6382565176908752,0.9860335195530726,2000,source_recording_stratified_by_class,42,cross_condition,MultisourceFusionNet,vibration_current_rpm_load_only,44,2.0,context_2,corrected_formal_train_only_zscore,,
corrected_fusion_vibration_current_rpm_load_only_cross_load_seed42_predictions.csv,source_mean_probability,accuracy,0.7380952380952381,0.7381904761904762,0.6190476190476191,0.8571428571428571,2000,source_recording_stratified_by_class,42,cross_load,MultisourceFusionNet,vibration_current_rpm_load_only,42,2.0,context_2,corrected_formal_train_only_zscore,,
corrected_fusion_vibration_current_rpm_load_only_cross_load_seed42_predictions.csv,source_mean_probability,macro_f1,0.7294372294372293,0.7196684796606936,0.560863406981828,0.8515605833446913,2000,source_recording_stratified_by_class,42,cross_load,MultisourceFusionNet,vibration_current_rpm_load_only,42,2.0,context_2,corrected_formal_train_only_zscore,,
corrected_fusion_vibration_current_rpm_load_only_cross_load_seed42_predictions.csv,source_mean_probability,worst_class_recall,0.5,0.4296666666666666,0.1666666666666666,0.6666666666666666,2000,source_recording_stratified_by_class,42,cross_load,MultisourceFusionNet,vibration_current_rpm_load_only,42,2.0,context_2,corrected_formal_train_only_zscore,,
corrected_fusion_vibration_current_rpm_load_only_cross_load_seed42_predictions.csv,source_majority_vote,accuracy,0.7142857142857143,0.714654761904762,0.5952380952380952,0.8333333333333334,2000,source_recording_stratified_by_class,42,cross_load,MultisourceFusionNet,vibration_current_rpm_load_only,42,2.0,context_2,corrected_formal_train_only_zscore,,
corrected_fusion_vibration_current_rpm_load_only_cross_load_seed42_predictions.csv,source_majority_vote,macro_f1,0.682422969187675,0.6714400431866389,0.505019305019305,0.8113306982872199,2000,source_recording_stratified_by_class,42,cross_load,MultisourceFusionNet,vibration_current_rpm_load_only,42,2.0,context_2,corrected_formal_train_only_zscore,,
corrected_fusion_vibration_current_rpm_load_only_cross_load_seed42_predictions.csv,source_majority_vote,worst_class_recall,0.3333333333333333,0.3074583333333334,0.0,0.6666666666666666,2000,source_recording_stratified_by_class,42,cross_load,MultisourceFusionNet,vibration_current_rpm_load_only,42,2.0,context_2,corrected_formal_train_only_zscore,,
corrected_fusion_vibration_current_rpm_load_only_cross_load_seed42_predictions.csv,window_clustered,accuracy,0.7391593508911944,0.7391495743548817,0.6473762968874701,0.8274807129555732,2000,source_recording_stratified_by_class,42,cross_load,MultisourceFusionNet,vibration_current_rpm_load_only,42,2.0,context_2,corrected_formal_train_only_zscore,,
corrected_fusion_vibration_current_rpm_load_only_cross_load_seed42_predictions.csv,window_clustered,macro_f1,0.7289541942014588,0.7242663463804836,0.609839918396319,0.8221826067672356,2000,source_recording_stratified_by_class,42,cross_load,MultisourceFusionNet,vibration_current_rpm_load_only,42,2.0,context_2,corrected_formal_train_only_zscore,,
corrected_fusion_vibration_current_rpm_load_only_cross_load_seed42_predictions.csv,window_clustered,worst_class_recall,0.505586592178771,0.4755372439478585,0.2253258845437616,0.6727188081936686,2000,source_recording_stratified_by_class,42,cross_load,MultisourceFusionNet,vibration_current_rpm_load_only,42,2.0,context_2,corrected_formal_train_only_zscore,,
corrected_fusion_vibration_current_rpm_load_only_cross_load_seed43_predictions.csv,source_mean_probability,accuracy,0.9761904761904762,0.974702380952381,0.9285714285714286,1.0,2000,source_recording_stratified_by_class,42,cross_load,MultisourceFusionNet,vibration_current_rpm_load_only,43,2.0,context_2,corrected_formal_train_only_zscore,,
corrected_fusion_vibration_current_rpm_load_only_cross_load_seed43_predictions.csv,source_mean_probability,macro_f1,0.9791304347826086,0.9776882766338932,0.9365079365079364,1.0,2000,source_recording_stratified_by_class,42,cross_load,MultisourceFusionNet,vibration_current_rpm_load_only,43,2.0,context_2,corrected_formal_train_only_zscore,,
corrected_fusion_vibration_current_rpm_load_only_cross_load_seed43_predictions.csv,source_mean_probability,worst_class_recall,0.9166666666666666,0.9114583333333331,0.75,1.0,2000,source_recording_stratified_by_class,42,cross_load,MultisourceFusionNet,vibration_current_rpm_load_only,43,2.0,context_2,corrected_formal_train_only_zscore,,
corrected_fusion_vibration_current_rpm_load_only_cross_load_seed43_predictions.csv,source_majority_vote,accuracy,0.9761904761904762,0.974702380952381,0.9285714285714286,1.0,2000,source_recording_stratified_by_class,42,cross_load,MultisourceFusionNet,vibration_current_rpm_load_only,43,2.0,context_2,corrected_formal_train_only_zscore,,
corrected_fusion_vibration_current_rpm_load_only_cross_load_seed43_predictions.csv,source_majority_vote,macro_f1,0.9791304347826086,0.9776882766338932,0.9365079365079364,1.0,2000,source_recording_stratified_by_class,42,cross_load,MultisourceFusionNet,vibration_current_rpm_load_only,43,2.0,context_2,corrected_formal_train_only_zscore,,
corrected_fusion_vibration_current_rpm_load_only_cross_load_seed43_predictions.csv,source_majority_vote,worst_class_recall,0.9166666666666666,0.9114583333333331,0.75,1.0,2000,source_recording_stratified_by_class,42,cross_load,MultisourceFusionNet,vibration_current_rpm_load_only,43,2.0,context_2,corrected_formal_train_only_zscore,,
corrected_fusion_vibration_current_rpm_load_only_cross_load_seed43_predictions.csv,window_clustered,accuracy,0.889731311519021,0.8884533785581272,0.8426409949454642,0.9321661346102686,2000,source_recording_stratified_by_class,42,cross_load,MultisourceFusionNet,vibration_current_rpm_load_only,43,2.0,context_2,corrected_formal_train_only_zscore,,
corrected_fusion_vibration_current_rpm_load_only_cross_load_seed43_predictions.csv,window_clustered,macro_f1,0.8882495848730148,0.8866992257702415,0.8380449888033191,0.9319144908962363,2000,source_recording_stratified_by_class,42,cross_load,MultisourceFusionNet,vibration_current_rpm_load_only,43,2.0,context_2,corrected_formal_train_only_zscore,,
corrected_fusion_vibration_current_rpm_load_only_cross_load_seed43_predictions.csv,window_clustered,worst_class_recall,0.7797951582867784,0.7691969273743017,0.6550162942271881,0.874324953445065,2000,source_recording_stratified_by_class,42,cross_load,MultisourceFusionNet,vibration_current_rpm_load_only,43,2.0,context_2,corrected_formal_train_only_zscore,,
corrected_fusion_vibration_current_rpm_load_only_cross_load_seed44_predictions.csv,source_mean_probability,accuracy,0.9761904761904762,0.9762738095238096,0.9285714285714286,1.0,2000,source_recording_stratified_by_class,42,cross_load,MultisourceFusionNet,vibration_current_rpm_load_only,44,2.0,context_2,corrected_formal_train_only_zscore,,
corrected_fusion_vibration_current_rpm_load_only_cross_load_seed44_predictions.csv,source_mean_probability,macro_f1,0.9791304347826086,0.9790647016581444,0.9365079365079364,1.0,2000,source_recording_stratified_by_class,42,cross_load,MultisourceFusionNet,vibration_current_rpm_load_only,44,2.0,context_2,corrected_formal_train_only_zscore,,
corrected_fusion_vibration_current_rpm_load_only_cross_load_seed44_predictions.csv,source_mean_probability,worst_class_recall,0.9166666666666666,0.9169583333333332,0.75,1.0,2000,source_recording_stratified_by_class,42,cross_load,MultisourceFusionNet,vibration_current_rpm_load_only,44,2.0,context_2,corrected_formal_train_only_zscore,,
corrected_fusion_vibration_current_rpm_load_only_cross_load_seed44_predictions.csv,source_majority_vote,accuracy,0.9523809523809524,0.9531785714285717,0.8809523809523809,1.0,2000,source_recording_stratified_by_class,42,cross_load,MultisourceFusionNet,vibration_current_rpm_load_only,44,2.0,context_2,corrected_formal_train_only_zscore,,
corrected_fusion_vibration_current_rpm_load_only_cross_load_seed44_predictions.csv,source_majority_vote,macro_f1,0.958041958041958,0.9583138632932078,0.8911070780399274,1.0,2000,source_recording_stratified_by_class,42,cross_load,MultisourceFusionNet,vibration_current_rpm_load_only,44,2.0,context_2,corrected_formal_train_only_zscore,,
corrected_fusion_vibration_current_rpm_load_only_cross_load_seed44_predictions.csv,source_majority_vote,worst_class_recall,0.8333333333333334,0.836125,0.5833333333333334,1.0,2000,source_recording_stratified_by_class,42,cross_load,MultisourceFusionNet,vibration_current_rpm_load_only,44,2.0,context_2,corrected_formal_train_only_zscore,,
corrected_fusion_vibration_current_rpm_load_only_cross_load_seed44_predictions.csv,window_clustered,accuracy,0.879489225857941,0.8793361931364724,0.830403697791966,0.9253857408885342,2000,source_recording_stratified_by_class,42,cross_load,MultisourceFusionNet,vibration_current_rpm_load_only,44,2.0,context_2,corrected_formal_train_only_zscore,,
corrected_fusion_vibration_current_rpm_load_only_cross_load_seed44_predictions.csv,window_clustered,macro_f1,0.875561978328671,0.8753110568031581,0.8235859126311298,0.9235912461187342,2000,source_recording_stratified_by_class,42,cross_load,MultisourceFusionNet,vibration_current_rpm_load_only,44,2.0,context_2,corrected_formal_train_only_zscore,,
corrected_fusion_vibration_current_rpm_load_only_cross_load_seed44_predictions.csv,window_clustered,worst_class_recall,0.7388268156424581,0.7362106610800745,0.6028747672253258,0.8570879888268156,2000,source_recording_stratified_by_class,42,cross_load,MultisourceFusionNet,vibration_current_rpm_load_only,44,2.0,context_2,corrected_formal_train_only_zscore,,
corrected_fusion_vibration_current_rpm_load_only_cross_rpm_seed42_predictions.csv,source_mean_probability,accuracy,0.7857142857142857,0.7844464285714285,0.6428571428571429,0.8937499999999952,2000,source_recording_stratified_by_class,28,cross_rpm,MultisourceFusionNet,vibration_current_rpm_load_only,42,2.0,context_2,corrected_formal_train_only_zscore,,
corrected_fusion_vibration_current_rpm_load_only_cross_rpm_seed42_predictions.csv,source_mean_probability,macro_f1,0.7859231411862991,0.776958022567995,0.6125983044733044,0.90797017820286,2000,source_recording_stratified_by_class,28,cross_rpm,MultisourceFusionNet,vibration_current_rpm_load_only,42,2.0,context_2,corrected_formal_train_only_zscore,,
corrected_fusion_vibration_current_rpm_load_only_cross_rpm_seed42_predictions.csv,source_mean_probability,worst_class_recall,0.5,0.4644791666666666,0.125,0.75,2000,source_recording_stratified_by_class,28,cross_rpm,MultisourceFusionNet,vibration_current_rpm_load_only,42,2.0,context_2,corrected_formal_train_only_zscore,,
corrected_fusion_vibration_current_rpm_load_only_cross_rpm_seed42_predictions.csv,source_majority_vote,accuracy,0.7857142857142857,0.7844464285714285,0.6428571428571429,0.8937499999999952,2000,source_recording_stratified_by_class,28,cross_rpm,MultisourceFusionNet,vibration_current_rpm_load_only,42,2.0,context_2,corrected_formal_train_only_zscore,,
corrected_fusion_vibration_current_rpm_load_only_cross_rpm_seed42_predictions.csv,source_majority_vote,macro_f1,0.7859231411862991,0.776958022567995,0.6125983044733044,0.90797017820286,2000,source_recording_stratified_by_class,28,cross_rpm,MultisourceFusionNet,vibration_current_rpm_load_only,42,2.0,context_2,corrected_formal_train_only_zscore,,
corrected_fusion_vibration_current_rpm_load_only_cross_rpm_seed42_predictions.csv,source_majority_vote,worst_class_recall,0.5,0.4644791666666666,0.125,0.75,2000,source_recording_stratified_by_class,28,cross_rpm,MultisourceFusionNet,vibration_current_rpm_load_only,42,2.0,context_2,corrected_formal_train_only_zscore,,
corrected_fusion_vibration_current_rpm_load_only_cross_rpm_seed42_predictions.csv,window_clustered,accuracy,0.7386272944932163,0.7386498403830806,0.6468475658419792,0.8204309656823623,2000,source_recording_stratified_by_class,28,cross_rpm,MultisourceFusionNet,vibration_current_rpm_load_only,42,2.0,context_2,corrected_formal_train_only_zscore,,
corrected_fusion_vibration_current_rpm_load_only_cross_rpm_seed42_predictions.csv,window_clustered,macro_f1,0.7368487968215018,0.7351023452039873,0.6466238119386628,0.8172835304481438,2000,source_recording_stratified_by_class,28,cross_rpm,MultisourceFusionNet,vibration_current_rpm_load_only,42,2.0,context_2,corrected_formal_train_only_zscore,,
corrected_fusion_vibration_current_rpm_load_only_cross_rpm_seed42_predictions.csv,window_clustered,worst_class_recall,0.4713687150837989,0.4646639897579143,0.3149441340782123,0.627810754189944,2000,source_recording_stratified_by_class,28,cross_rpm,MultisourceFusionNet,vibration_current_rpm_load_only,42,2.0,context_2,corrected_formal_train_only_zscore,,
corrected_fusion_vibration_current_rpm_load_only_cross_rpm_seed43_predictions.csv,source_mean_probability,accuracy,0.6428571428571429,0.6425,0.5,0.7857142857142857,2000,source_recording_stratified_by_class,28,cross_rpm,MultisourceFusionNet,vibration_current_rpm_load_only,43,2.0,context_2,corrected_formal_train_only_zscore,,
corrected_fusion_vibration_current_rpm_load_only_cross_rpm_seed43_predictions.csv,source_mean_probability,macro_f1,0.586111111111111,0.5706260412140214,0.3870223383212934,0.7547807820834134,2000,source_recording_stratified_by_class,28,cross_rpm,MultisourceFusionNet,vibration_current_rpm_load_only,43,2.0,context_2,corrected_formal_train_only_zscore,,
corrected_fusion_vibration_current_rpm_load_only_cross_rpm_seed43_predictions.csv,source_mean_probability,worst_class_recall,0.25,0.1879513888888888,0.0,0.5,2000,source_recording_stratified_by_class,28,cross_rpm,MultisourceFusionNet,vibration_current_rpm_load_only,43,2.0,context_2,corrected_formal_train_only_zscore,,
corrected_fusion_vibration_current_rpm_load_only_cross_rpm_seed43_predictions.csv,source_majority_vote,accuracy,0.6428571428571429,0.6425,0.5,0.7857142857142857,2000,source_recording_stratified_by_class,28,cross_rpm,MultisourceFusionNet,vibration_current_rpm_load_only,43,2.0,context_2,corrected_formal_train_only_zscore,,
corrected_fusion_vibration_current_rpm_load_only_cross_rpm_seed43_predictions.csv,source_majority_vote,macro_f1,0.5879336349924585,0.5726584066076913,0.3925438596491227,0.7547807820834134,2000,source_recording_stratified_by_class,28,cross_rpm,MultisourceFusionNet,vibration_current_rpm_load_only,43,2.0,context_2,corrected_formal_train_only_zscore,,
corrected_fusion_vibration_current_rpm_load_only_cross_rpm_seed43_predictions.csv,source_majority_vote,worst_class_recall,0.25,0.1879513888888888,0.0,0.5,2000,source_recording_stratified_by_class,28,cross_rpm,MultisourceFusionNet,vibration_current_rpm_load_only,43,2.0,context_2,corrected_formal_train_only_zscore,,
corrected_fusion_vibration_current_rpm_load_only_cross_rpm_seed43_predictions.csv,window_clustered,accuracy,0.6775738228252195,0.6772443136472466,0.5833798882681563,0.765567637669593,2000,source_recording_stratified_by_class,28,cross_rpm,MultisourceFusionNet,vibration_current_rpm_load_only,43,2.0,context_2,corrected_formal_train_only_zscore,,
corrected_fusion_vibration_current_rpm_load_only_cross_rpm_seed43_predictions.csv,window_clustered,macro_f1,0.623118930013966,0.6196867482345597,0.5230940957440445,0.7205110566716083,2000,source_recording_stratified_by_class,28,cross_rpm,MultisourceFusionNet,vibration_current_rpm_load_only,43,2.0,context_2,corrected_formal_train_only_zscore,,
corrected_fusion_vibration_current_rpm_load_only_cross_rpm_seed43_predictions.csv,window_clustered,worst_class_recall,0.2793296089385474,0.2684814944134078,0.1340782122905028,0.4518680167597763,2000,source_recording_stratified_by_class,28,cross_rpm,MultisourceFusionNet,vibration_current_rpm_load_only,43,2.0,context_2,corrected_formal_train_only_zscore,,
corrected_fusion_vibration_current_rpm_load_only_cross_rpm_seed44_predictions.csv,source_mean_probability,accuracy,0.8571428571428571,0.8559285714285714,0.7142857142857143,0.9642857142857144,2000,source_recording_stratified_by_class,28,cross_rpm,MultisourceFusionNet,vibration_current_rpm_load_only,44,2.0,context_2,corrected_formal_train_only_zscore,,
corrected_fusion_vibration_current_rpm_load_only_cross_rpm_seed44_predictions.csv,source_mean_probability,macro_f1,0.8281045751633986,0.8177601375673259,0.6266694078947369,0.9686274509803922,2000,source_recording_stratified_by_class,28,cross_rpm,MultisourceFusionNet,vibration_current_rpm_load_only,44,2.0,context_2,corrected_formal_train_only_zscore,,
corrected_fusion_vibration_current_rpm_load_only_cross_rpm_seed44_predictions.csv,source_mean_probability,worst_class_recall,0.5,0.4870069444444445,0.0,0.875,2000,source_recording_stratified_by_class,28,cross_rpm,MultisourceFusionNet,vibration_current_rpm_load_only,44,2.0,context_2,corrected_formal_train_only_zscore,,
corrected_fusion_vibration_current_rpm_load_only_cross_rpm_seed44_predictions.csv,source_majority_vote,accuracy,0.8571428571428571,0.8559285714285714,0.7142857142857143,0.9642857142857144,2000,source_recording_stratified_by_class,28,cross_rpm,MultisourceFusionNet,vibration_current_rpm_load_only,44,2.0,context_2,corrected_formal_train_only_zscore,,
corrected_fusion_vibration_current_rpm_load_only_cross_rpm_seed44_predictions.csv,source_majority_vote,macro_f1,0.8281045751633986,0.8177601375673259,0.6266694078947369,0.9686274509803922,2000,source_recording_stratified_by_class,28,cross_rpm,MultisourceFusionNet,vibration_current_rpm_load_only,44,2.0,context_2,corrected_formal_train_only_zscore,,
corrected_fusion_vibration_current_rpm_load_only_cross_rpm_seed44_predictions.csv,source_majority_vote,worst_class_recall,0.5,0.4870069444444445,0.0,0.875,2000,source_recording_stratified_by_class,28,cross_rpm,MultisourceFusionNet,vibration_current_rpm_load_only,44,2.0,context_2,corrected_formal_train_only_zscore,,
corrected_fusion_vibration_current_rpm_load_only_cross_rpm_seed44_predictions.csv,window_clustered,accuracy,0.7791300877893057,0.778395550678372,0.6719872306464485,0.8701266959297684,2000,source_recording_stratified_by_class,28,cross_rpm,MultisourceFusionNet,vibration_current_rpm_load_only,44,2.0,context_2,corrected_formal_train_only_zscore,,
corrected_fusion_vibration_current_rpm_load_only_cross_rpm_seed44_predictions.csv,window_clustered,macro_f1,0.7604580871059781,0.7557574297977685,0.6292216669285503,0.8672512301029687,2000,source_recording_stratified_by_class,28,cross_rpm,MultisourceFusionNet,vibration_current_rpm_load_only,44,2.0,context_2,corrected_formal_train_only_zscore,,
corrected_fusion_vibration_current_rpm_load_only_cross_rpm_seed44_predictions.csv,window_clustered,worst_class_recall,0.4874301675977653,0.4745296787709497,0.1675977653631284,0.7402409217877094,2000,source_recording_stratified_by_class,28,cross_rpm,MultisourceFusionNet,vibration_current_rpm_load_only,44,2.0,context_2,corrected_formal_train_only_zscore,,
corrected_fusion_vibration_current_rpm_load_only_cross_rpm_seed45_predictions.csv,source_mean_probability,accuracy,0.7857142857142857,0.7863214285714286,0.6428571428571429,0.8928571428571429,2000,source_recording_stratified_by_class,28,cross_rpm,MultisourceFusionNet,vibration_current_rpm_load_only,45,2.0,context_2,corrected_formal_train_only_zscore,,
corrected_fusion_vibration_current_rpm_load_only_cross_rpm_seed45_predictions.csv,source_mean_probability,macro_f1,0.7176470588235294,0.7084246401288508,0.5371600877192984,0.8871176178804854,2000,source_recording_stratified_by_class,28,cross_rpm,MultisourceFusionNet,vibration_current_rpm_load_only,45,2.0,context_2,corrected_formal_train_only_zscore,,
corrected_fusion_vibration_current_rpm_load_only_cross_rpm_seed45_predictions.csv,source_mean_probability,worst_class_recall,0.25,0.2528541666666667,0.0,0.75,2000,source_recording_stratified_by_class,28,cross_rpm,MultisourceFusionNet,vibration_current_rpm_load_only,45,2.0,context_2,corrected_formal_train_only_zscore,,
corrected_fusion_vibration_current_rpm_load_only_cross_rpm_seed45_predictions.csv,source_majority_vote,accuracy,0.75,0.7494642857142857,0.6071428571428571,0.8928571428571429,2000,source_recording_stratified_by_class,28,cross_rpm,MultisourceFusionNet,vibration_current_rpm_load_only,45,2.0,context_2,corrected_formal_train_only_zscore,,
corrected_fusion_vibration_current_rpm_load_only_cross_rpm_seed45_predictions.csv,source_majority_vote,macro_f1,0.6882352941176471,0.6769962587080793,0.4887254901960784,0.8576680672268908,2000,source_recording_stratified_by_class,28,cross_rpm,MultisourceFusionNet,vibration_current_rpm_load_only,45,2.0,context_2,corrected_formal_train_only_zscore,,
corrected_fusion_vibration_current_rpm_load_only_cross_rpm_seed45_predictions.csv,source_majority_vote,worst_class_recall,0.25,0.2496736111111111,0.0,0.6687499999999886,2000,source_recording_stratified_by_class,28,cross_rpm,MultisourceFusionNet,vibration_current_rpm_load_only,45,2.0,context_2,corrected_formal_train_only_zscore,,
corrected_fusion_vibration_current_rpm_load_only_cross_rpm_seed45_predictions.csv,window_clustered,accuracy,0.7440143655227454,0.7437188747007183,0.6418595371109338,0.8306115323224262,2000,source_recording_stratified_by_class,28,cross_rpm,MultisourceFusionNet,vibration_current_rpm_load_only,45,2.0,context_2,corrected_formal_train_only_zscore,,
corrected_fusion_vibration_current_rpm_load_only_cross_rpm_seed45_predictions.csv,window_clustered,macro_f1,0.7116398339387173,0.7103261091563564,0.6184520943950171,0.7977007692641727,2000,source_recording_stratified_by_class,28,cross_rpm,MultisourceFusionNet,vibration_current_rpm_load_only,45,2.0,context_2,corrected_formal_train_only_zscore,,
corrected_fusion_vibration_current_rpm_load_only_cross_rpm_seed45_predictions.csv,window_clustered,worst_class_recall,0.38268156424581,0.3842114757914339,0.276536312849162,0.5558659217877095,2000,source_recording_stratified_by_class,28,cross_rpm,MultisourceFusionNet,vibration_current_rpm_load_only,45,2.0,context_2,corrected_formal_train_only_zscore,,
corrected_fusion_vibration_current_rpm_load_only_cross_rpm_seed46_predictions.csv,source_mean_probability,accuracy,0.7142857142857143,0.713875,0.5714285714285714,0.8571428571428571,2000,source_recording_stratified_by_class,28,cross_rpm,MultisourceFusionNet,vibration_current_rpm_load_only,46,2.0,context_2,corrected_formal_train_only_zscore,,
corrected_fusion_vibration_current_rpm_load_only_cross_rpm_seed46_predictions.csv,source_mean_probability,macro_f1,0.7351190476190476,0.7247016163455238,0.5445261437908496,0.8720462543991956,2000,source_recording_stratified_by_class,28,cross_rpm,MultisourceFusionNet,vibration_current_rpm_load_only,46,2.0,context_2,corrected_formal_train_only_zscore,,
corrected_fusion_vibration_current_rpm_load_only_cross_rpm_seed46_predictions.csv,source_mean_probability,worst_class_recall,0.5,0.4431736111111111,0.125,0.75,2000,source_recording_stratified_by_class,28,cross_rpm,MultisourceFusionNet,vibration_current_rpm_load_only,46,2.0,context_2,corrected_formal_train_only_zscore,,
corrected_fusion_vibration_current_rpm_load_only_cross_rpm_seed46_predictions.csv,source_majority_vote,accuracy,0.7142857142857143,0.713875,0.5714285714285714,0.8571428571428571,2000,source_recording_stratified_by_class,28,cross_rpm,MultisourceFusionNet,vibration_current_rpm_load_only,46,2.0,context_2,corrected_formal_train_only_zscore,,
corrected_fusion_vibration_current_rpm_load_only_cross_rpm_seed46_predictions.csv,source_majority_vote,macro_f1,0.7351190476190476,0.7247016163455238,0.5445261437908496,0.8720462543991956,2000,source_recording_stratified_by_class,28,cross_rpm,MultisourceFusionNet,vibration_current_rpm_load_only,46,2.0,context_2,corrected_formal_train_only_zscore,,
corrected_fusion_vibration_current_rpm_load_only_cross_rpm_seed46_predictions.csv,source_majority_vote,worst_class_recall,0.5,0.4431736111111111,0.125,0.75,2000,source_recording_stratified_by_class,28,cross_rpm,MultisourceFusionNet,vibration_current_rpm_load_only,46,2.0,context_2,corrected_formal_train_only_zscore,,
corrected_fusion_vibration_current_rpm_load_only_cross_rpm_seed46_predictions.csv,window_clustered,accuracy,0.7102952913008779,0.7096591181165204,0.6059407422186752,0.8134577015163607,2000,source_recording_stratified_by_class,28,cross_rpm,MultisourceFusionNet,vibration_current_rpm_load_only,46,2.0,context_2,corrected_formal_train_only_zscore,,
corrected_fusion_vibration_current_rpm_load_only_cross_rpm_seed46_predictions.csv,window_clustered,macro_f1,0.7298681588330166,0.7258531114771424,0.6218457821989889,0.8256926216313508,2000,source_recording_stratified_by_class,28,cross_rpm,MultisourceFusionNet,vibration_current_rpm_load_only,46,2.0,context_2,corrected_formal_train_only_zscore,,
corrected_fusion_vibration_current_rpm_load_only_cross_rpm_seed46_predictions.csv,window_clustered,worst_class_recall,0.5153631284916201,0.4895930710738672,0.2898801210428305,0.6739350558659215,2000,source_recording_stratified_by_class,28,cross_rpm,MultisourceFusionNet,vibration_current_rpm_load_only,46,2.0,context_2,corrected_formal_train_only_zscore,,
corrected_fusion_vibration_current_rpm_load_only_source_file_seed42_predictions.csv,source_mean_probability,accuracy,0.9166666666666666,0.9170833333333333,0.75,1.0,2000,source_recording_stratified_by_class,12,source_file,MultisourceFusionNet,vibration_current_rpm_load_only,42,2.0,context_2,corrected_formal_train_only_zscore,,
corrected_fusion_vibration_current_rpm_load_only_source_file_seed42_predictions.csv,source_mean_probability,macro_f1,0.9285714285714286,0.9271315476190476,0.7666666666666666,1.0,2000,source_recording_stratified_by_class,12,source_file,MultisourceFusionNet,vibration_current_rpm_load_only,42,2.0,context_2,corrected_formal_train_only_zscore,,
corrected_fusion_vibration_current_rpm_load_only_source_file_seed42_predictions.csv,source_mean_probability,worst_class_recall,0.75,0.75125,0.25,1.0,2000,source_recording_stratified_by_class,12,source_file,MultisourceFusionNet,vibration_current_rpm_load_only,42,2.0,context_2,corrected_formal_train_only_zscore,,
corrected_fusion_vibration_current_rpm_load_only_source_file_seed42_predictions.csv,source_majority_vote,accuracy,0.9166666666666666,0.9170833333333333,0.75,1.0,2000,source_recording_stratified_by_class,12,source_file,MultisourceFusionNet,vibration_current_rpm_load_only,42,2.0,context_2,corrected_formal_train_only_zscore,,
corrected_fusion_vibration_current_rpm_load_only_source_file_seed42_predictions.csv,source_majority_vote,macro_f1,0.9285714285714286,0.9271315476190476,0.7666666666666666,1.0,2000,source_recording_stratified_by_class,12,source_file,MultisourceFusionNet,vibration_current_rpm_load_only,42,2.0,context_2,corrected_formal_train_only_zscore,,
corrected_fusion_vibration_current_rpm_load_only_source_file_seed42_predictions.csv,source_majority_vote,worst_class_recall,0.75,0.75125,0.25,1.0,2000,source_recording_stratified_by_class,12,source_file,MultisourceFusionNet,vibration_current_rpm_load_only,42,2.0,context_2,corrected_formal_train_only_zscore,,
corrected_fusion_vibration_current_rpm_load_only_source_file_seed42_predictions.csv,window_clustered,accuracy,0.8635940409683427,0.8644648510242087,0.7281191806331471,0.9823324022346368,2000,source_recording_stratified_by_class,12,source_file,MultisourceFusionNet,vibration_current_rpm_load_only,42,2.0,context_2,corrected_formal_train_only_zscore,,
corrected_fusion_vibration_current_rpm_load_only_source_file_seed42_predictions.csv,window_clustered,macro_f1,0.8815795542528827,0.879469201986115,0.7498282343014495,0.9810613688759978,2000,source_recording_stratified_by_class,12,source_file,MultisourceFusionNet,vibration_current_rpm_load_only,42,2.0,context_2,corrected_formal_train_only_zscore,,
corrected_fusion_vibration_current_rpm_load_only_source_file_seed42_predictions.csv,window_clustered,worst_class_recall,0.6452513966480447,0.6440595903165736,0.25,0.9459962756052142,2000,source_recording_stratified_by_class,12,source_file,MultisourceFusionNet,vibration_current_rpm_load_only,42,2.0,context_2,corrected_formal_train_only_zscore,,
corrected_fusion_vibration_current_rpm_load_only_source_file_seed43_predictions.csv,source_mean_probability,accuracy,0.75,0.7499583333333334,0.5833333333333334,0.9166666666666666,2000,source_recording_stratified_by_class,12,source_file,MultisourceFusionNet,vibration_current_rpm_load_only,43,2.0,context_2,corrected_formal_train_only_zscore,,
corrected_fusion_vibration_current_rpm_load_only_source_file_seed43_predictions.csv,source_mean_probability,macro_f1,0.7857142857142858,0.7773617514430016,0.6111111111111112,0.9285714285714286,2000,source_recording_stratified_by_class,12,source_file,MultisourceFusionNet,vibration_current_rpm_load_only,43,2.0,context_2,corrected_formal_train_only_zscore,,
corrected_fusion_vibration_current_rpm_load_only_source_file_seed43_predictions.csv,source_mean_probability,worst_class_recall,0.5,0.4186666666666666,0.0,0.75,2000,source_recording_stratified_by_class,12,source_file,MultisourceFusionNet,vibration_current_rpm_load_only,43,2.0,context_2,corrected_formal_train_only_zscore,,
corrected_fusion_vibration_current_rpm_load_only_source_file_seed43_predictions.csv,source_majority_vote,accuracy,0.8333333333333334,0.8329166666666667,0.6666666666666666,1.0,2000,source_recording_stratified_by_class,12,source_file,MultisourceFusionNet,vibration_current_rpm_load_only,43,2.0,context_2,corrected_formal_train_only_zscore,,
corrected_fusion_vibration_current_rpm_load_only_source_file_seed43_predictions.csv,source_majority_vote,macro_f1,0.8541666666666666,0.8474422258297258,0.65,1.0,2000,source_recording_stratified_by_class,12,source_file,MultisourceFusionNet,vibration_current_rpm_load_only,43,2.0,context_2,corrected_formal_train_only_zscore,,
corrected_fusion_vibration_current_rpm_load_only_source_file_seed43_predictions.csv,source_majority_vote,worst_class_recall,0.6666666666666666,0.56275,0.0,1.0,2000,source_recording_stratified_by_class,12,source_file,MultisourceFusionNet,vibration_current_rpm_load_only,43,2.0,context_2,corrected_formal_train_only_zscore,,
corrected_fusion_vibration_current_rpm_load_only_source_file_seed43_predictions.csv,window_clustered,accuracy,0.7816573556797021,0.7818915270018622,0.6084380819366854,0.9413524208566107,2000,source_recording_stratified_by_class,12,source_file,MultisourceFusionNet,vibration_current_rpm_load_only,43,2.0,context_2,corrected_formal_train_only_zscore,,
corrected_fusion_vibration_current_rpm_load_only_source_file_seed43_predictions.csv,window_clustered,macro_f1,0.8067079179175294,0.8028347143371631,0.6486329512616915,0.9405100035404588,2000,source_recording_stratified_by_class,12,source_file,MultisourceFusionNet,vibration_current_rpm_load_only,43,2.0,context_2,corrected_formal_train_only_zscore,,
corrected_fusion_vibration_current_rpm_load_only_source_file_seed43_predictions.csv,window_clustered,worst_class_recall,0.6298882681564246,0.5605493482309125,0.2290502793296089,0.8798882681564246,2000,source_recording_stratified_by_class,12,source_file,MultisourceFusionNet,vibration_current_rpm_load_only,43,2.0,context_2,corrected_formal_train_only_zscore,,
corrected_fusion_vibration_current_rpm_load_only_source_file_seed44_predictions.csv,source_mean_probability,accuracy,0.8333333333333334,0.8326250000000001,0.6666666666666666,1.0,2000,source_recording_stratified_by_class,12,source_file,MultisourceFusionNet,vibration_current_rpm_load_only,44,2.0,context_2,corrected_formal_train_only_zscore,,
corrected_fusion_vibration_current_rpm_load_only_source_file_seed44_predictions.csv,source_mean_probability,macro_f1,0.8541666666666666,0.8467056547619047,0.65,1.0,2000,source_recording_stratified_by_class,12,source_file,MultisourceFusionNet,vibration_current_rpm_load_only,44,2.0,context_2,corrected_formal_train_only_zscore,,
corrected_fusion_vibration_current_rpm_load_only_source_file_seed44_predictions.csv,source_mean_probability,worst_class_recall,0.5,0.497875,0.0,1.0,2000,source_recording_stratified_by_class,12,source_file,MultisourceFusionNet,vibration_current_rpm_load_only,44,2.0,context_2,corrected_formal_train_only_zscore,,
corrected_fusion_vibration_current_rpm_load_only_source_file_seed44_predictions.csv,source_majority_vote,accuracy,0.8333333333333334,0.8326250000000001,0.6666666666666666,1.0,2000,source_recording_stratified_by_class,12,source_file,MultisourceFusionNet,vibration_current_rpm_load_only,44,2.0,context_2,corrected_formal_train_only_zscore,,
corrected_fusion_vibration_current_rpm_load_only_source_file_seed44_predictions.csv,source_majority_vote,macro_f1,0.8541666666666666,0.8467056547619047,0.65,1.0,2000,source_recording_stratified_by_class,12,source_file,MultisourceFusionNet,vibration_current_rpm_load_only,44,2.0,context_2,corrected_formal_train_only_zscore,,
corrected_fusion_vibration_current_rpm_load_only_source_file_seed44_predictions.csv,source_majority_vote,worst_class_recall,0.5,0.497875,0.0,1.0,2000,source_recording_stratified_by_class,12,source_file,MultisourceFusionNet,vibration_current_rpm_load_only,44,2.0,context_2,corrected_formal_train_only_zscore,,
corrected_fusion_vibration_current_rpm_load_only_source_file_seed44_predictions.csv,window_clustered,accuracy,0.8291433891992551,0.8285253724394785,0.6671322160148976,0.9893040037243948,2000,source_recording_stratified_by_class,12,source_file,MultisourceFusionNet,vibration_current_rpm_load_only,44,2.0,context_2,corrected_formal_train_only_zscore,,
corrected_fusion_vibration_current_rpm_load_only_source_file_seed44_predictions.csv,window_clustered,macro_f1,0.8482202536499006,0.8419486323945462,0.6582635926935239,0.9890075016389424,2000,source_recording_stratified_by_class,12,source_file,MultisourceFusionNet,vibration_current_rpm_load_only,44,2.0,context_2,corrected_formal_train_only_zscore,,
corrected_fusion_vibration_current_rpm_load_only_source_file_seed44_predictions.csv,window_clustered,worst_class_recall,0.520949720670391,0.516862895716946,0.0418994413407821,0.9739292364990688,2000,source_recording_stratified_by_class,12,source_file,MultisourceFusionNet,vibration_current_rpm_load_only,44,2.0,context_2,corrected_formal_train_only_zscore,,
corrected_fusion_vibration_current_rpm_load_source_file_seed42_predictions.csv,source_mean_probability,accuracy,1.0,1.0,1.0,1.0,2000,source_recording_stratified_by_class,12,source_file,MultisourceFusionNet,vibration_current_rpm_load,42,28.0,auxiliary_context_28,posthoc_exploratory_same_holdout,,
corrected_fusion_vibration_current_rpm_load_source_file_seed42_predictions.csv,source_mean_probability,macro_f1,1.0,1.0,1.0,1.0,2000,source_recording_stratified_by_class,12,source_file,MultisourceFusionNet,vibration_current_rpm_load,42,28.0,auxiliary_context_28,posthoc_exploratory_same_holdout,,
corrected_fusion_vibration_current_rpm_load_source_file_seed42_predictions.csv,source_mean_probability,worst_class_recall,1.0,1.0,1.0,1.0,2000,source_recording_stratified_by_class,12,source_file,MultisourceFusionNet,vibration_current_rpm_load,42,28.0,auxiliary_context_28,posthoc_exploratory_same_holdout,,
corrected_fusion_vibration_current_rpm_load_source_file_seed42_predictions.csv,source_majority_vote,accuracy,1.0,1.0,1.0,1.0,2000,source_recording_stratified_by_class,12,source_file,MultisourceFusionNet,vibration_current_rpm_load,42,28.0,auxiliary_context_28,posthoc_exploratory_same_holdout,,
corrected_fusion_vibration_current_rpm_load_source_file_seed42_predictions.csv,source_majority_vote,macro_f1,1.0,1.0,1.0,1.0,2000,source_recording_stratified_by_class,12,source_file,MultisourceFusionNet,vibration_current_rpm_load,42,28.0,auxiliary_context_28,posthoc_exploratory_same_holdout,,
corrected_fusion_vibration_current_rpm_load_source_file_seed42_predictions.csv,source_majority_vote,worst_class_recall,1.0,1.0,1.0,1.0,2000,source_recording_stratified_by_class,12,source_file,MultisourceFusionNet,vibration_current_rpm_load,42,28.0,auxiliary_context_28,posthoc_exploratory_same_holdout,,
corrected_fusion_vibration_current_rpm_load_source_file_seed42_predictions.csv,window_clustered,accuracy,0.9916201117318436,0.9916899441340784,0.9864990689013036,0.9962756052141528,2000,source_recording_stratified_by_class,12,source_file,MultisourceFusionNet,vibration_current_rpm_load,42,28.0,auxiliary_context_28,posthoc_exploratory_same_holdout,,
corrected_fusion_vibration_current_rpm_load_source_file_seed42_predictions.csv,window_clustered,macro_f1,0.9919622417336216,0.9920312497303684,0.9871849687307062,0.9964482520326776,2000,source_recording_stratified_by_class,12,source_file,MultisourceFusionNet,vibration_current_rpm_load,42,28.0,auxiliary_context_28,posthoc_exploratory_same_holdout,,
corrected_fusion_vibration_current_rpm_load_source_file_seed42_predictions.csv,window_clustered,worst_class_recall,0.9795158286778398,0.9792355679702052,0.9608938547486032,0.988826815642458,2000,source_recording_stratified_by_class,12,source_file,MultisourceFusionNet,vibration_current_rpm_load,42,28.0,auxiliary_context_28,posthoc_exploratory_same_holdout,,
corrected_fusion_vibration_current_rpm_load_source_file_seed43_predictions.csv,source_mean_probability,accuracy,1.0,1.0,1.0,1.0,2000,source_recording_stratified_by_class,12,source_file,MultisourceFusionNet,vibration_current_rpm_load,43,28.0,auxiliary_context_28,posthoc_exploratory_same_holdout,,
corrected_fusion_vibration_current_rpm_load_source_file_seed43_predictions.csv,source_mean_probability,macro_f1,1.0,1.0,1.0,1.0,2000,source_recording_stratified_by_class,12,source_file,MultisourceFusionNet,vibration_current_rpm_load,43,28.0,auxiliary_context_28,posthoc_exploratory_same_holdout,,
corrected_fusion_vibration_current_rpm_load_source_file_seed43_predictions.csv,source_mean_probability,worst_class_recall,1.0,1.0,1.0,1.0,2000,source_recording_stratified_by_class,12,source_file,MultisourceFusionNet,vibration_current_rpm_load,43,28.0,auxiliary_context_28,posthoc_exploratory_same_holdout,,
corrected_fusion_vibration_current_rpm_load_source_file_seed43_predictions.csv,source_majority_vote,accuracy,1.0,1.0,1.0,1.0,2000,source_recording_stratified_by_class,12,source_file,MultisourceFusionNet,vibration_current_rpm_load,43,28.0,auxiliary_context_28,posthoc_exploratory_same_holdout,,
corrected_fusion_vibration_current_rpm_load_source_file_seed43_predictions.csv,source_majority_vote,macro_f1,1.0,1.0,1.0,1.0,2000,source_recording_stratified_by_class,12,source_file,MultisourceFusionNet,vibration_current_rpm_load,43,28.0,auxiliary_context_28,posthoc_exploratory_same_holdout,,
corrected_fusion_vibration_current_rpm_load_source_file_seed43_predictions.csv,source_majority_vote,worst_class_recall,1.0,1.0,1.0,1.0,2000,source_recording_stratified_by_class,12,source_file,MultisourceFusionNet,vibration_current_rpm_load,43,28.0,auxiliary_context_28,posthoc_exploratory_same_holdout,,
corrected_fusion_vibration_current_rpm_load_source_file_seed43_predictions.csv,window_clustered,accuracy,0.9930167597765364,0.9930221135940408,0.9883496275605214,0.9976722532588456,2000,source_recording_stratified_by_class,12,source_file,MultisourceFusionNet,vibration_current_rpm_load,43,28.0,auxiliary_context_28,posthoc_exploratory_same_holdout,,
corrected_fusion_vibration_current_rpm_load_source_file_seed43_predictions.csv,window_clustered,macro_f1,0.9935379945430808,0.9935449794448282,0.9892243415550462,0.997553528652043,2000,source_recording_stratified_by_class,12,source_file,MultisourceFusionNet,vibration_current_rpm_load,43,28.0,auxiliary_context_28,posthoc_exploratory_same_holdout,,
corrected_fusion_vibration_current_rpm_load_source_file_seed43_predictions.csv,window_clustered,worst_class_recall,0.9869646182495344,0.9855097765363128,0.9776536312849162,0.994413407821229,2000,source_recording_stratified_by_class,12,source_file,MultisourceFusionNet,vibration_current_rpm_load,43,28.0,auxiliary_context_28,posthoc_exploratory_same_holdout,,
corrected_fusion_vibration_current_rpm_load_source_file_seed44_predictions.csv,source_mean_probability,accuracy,1.0,1.0,1.0,1.0,2000,source_recording_stratified_by_class,12,source_file,MultisourceFusionNet,vibration_current_rpm_load,44,28.0,auxiliary_context_28,posthoc_exploratory_same_holdout,,
corrected_fusion_vibration_current_rpm_load_source_file_seed44_predictions.csv,source_mean_probability,macro_f1,1.0,1.0,1.0,1.0,2000,source_recording_stratified_by_class,12,source_file,MultisourceFusionNet,vibration_current_rpm_load,44,28.0,auxiliary_context_28,posthoc_exploratory_same_holdout,,
corrected_fusion_vibration_current_rpm_load_source_file_seed44_predictions.csv,source_mean_probability,worst_class_recall,1.0,1.0,1.0,1.0,2000,source_recording_stratified_by_class,12,source_file,MultisourceFusionNet,vibration_current_rpm_load,44,28.0,auxiliary_context_28,posthoc_exploratory_same_holdout,,
corrected_fusion_vibration_current_rpm_load_source_file_seed44_predictions.csv,source_majority_vote,accuracy,1.0,1.0,1.0,1.0,2000,source_recording_stratified_by_class,12,source_file,MultisourceFusionNet,vibration_current_rpm_load,44,28.0,auxiliary_context_28,posthoc_exploratory_same_holdout,,
corrected_fusion_vibration_current_rpm_load_source_file_seed44_predictions.csv,source_majority_vote,macro_f1,1.0,1.0,1.0,1.0,2000,source_recording_stratified_by_class,12,source_file,MultisourceFusionNet,vibration_current_rpm_load,44,28.0,auxiliary_context_28,posthoc_exploratory_same_holdout,,
corrected_fusion_vibration_current_rpm_load_source_file_seed44_predictions.csv,source_majority_vote,worst_class_recall,1.0,1.0,1.0,1.0,2000,source_recording_stratified_by_class,12,source_file,MultisourceFusionNet,vibration_current_rpm_load,44,28.0,auxiliary_context_28,posthoc_exploratory_same_holdout,,
corrected_fusion_vibration_current_rpm_load_source_file_seed44_predictions.csv,window_clustered,accuracy,0.98975791433892,0.9899743947858474,0.9804469273743016,0.9976722532588456,2000,source_recording_stratified_by_class,12,source_file,MultisourceFusionNet,vibration_current_rpm_load,44,28.0,auxiliary_context_28,posthoc_exploratory_same_holdout,,
corrected_fusion_vibration_current_rpm_load_source_file_seed44_predictions.csv,window_clustered,macro_f1,0.9903298620907196,0.9905226941885452,0.9814622552174604,0.9977868373001916,2000,source_recording_stratified_by_class,12,source_file,MultisourceFusionNet,vibration_current_rpm_load,44,28.0,auxiliary_context_28,posthoc_exploratory_same_holdout,,
corrected_fusion_vibration_current_rpm_load_source_file_seed44_predictions.csv,window_clustered,worst_class_recall,0.9757914338919924,0.9746359404096834,0.9385474860335196,0.994413407821229,2000,source_recording_stratified_by_class,12,source_file,MultisourceFusionNet,vibration_current_rpm_load,44,28.0,auxiliary_context_28,posthoc_exploratory_same_holdout,,
corrected_fusion_vibration_current_source_file_seed42_predictions.csv,source_mean_probability,accuracy,0.9166666666666666,0.915875,0.75,1.0,2000,source_recording_stratified_by_class,12,source_file,MultisourceFusionNet,vibration_current,42,0.0,no_scalars,corrected_formal_train_only_zscore,,
corrected_fusion_vibration_current_source_file_seed42_predictions.csv,source_mean_probability,macro_f1,0.9285714285714286,0.9261184523809524,0.7666666666666666,1.0,2000,source_recording_stratified_by_class,12,source_file,MultisourceFusionNet,vibration_current,42,0.0,no_scalars,corrected_formal_train_only_zscore,,
corrected_fusion_vibration_current_source_file_seed42_predictions.csv,source_mean_probability,worst_class_recall,0.75,0.747625,0.25,1.0,2000,source_recording_stratified_by_class,12,source_file,MultisourceFusionNet,vibration_current,42,0.0,no_scalars,corrected_formal_train_only_zscore,,
corrected_fusion_vibration_current_source_file_seed42_predictions.csv,source_majority_vote,accuracy,0.9166666666666666,0.915875,0.75,1.0,2000,source_recording_stratified_by_class,12,source_file,MultisourceFusionNet,vibration_current,42,0.0,no_scalars,corrected_formal_train_only_zscore,,
corrected_fusion_vibration_current_source_file_seed42_predictions.csv,source_majority_vote,macro_f1,0.9285714285714286,0.9261184523809524,0.7666666666666666,1.0,2000,source_recording_stratified_by_class,12,source_file,MultisourceFusionNet,vibration_current,42,0.0,no_scalars,corrected_formal_train_only_zscore,,
corrected_fusion_vibration_current_source_file_seed42_predictions.csv,source_majority_vote,worst_class_recall,0.75,0.747625,0.25,1.0,2000,source_recording_stratified_by_class,12,source_file,MultisourceFusionNet,vibration_current,42,0.0,no_scalars,corrected_formal_train_only_zscore,,
corrected_fusion_vibration_current_source_file_seed42_predictions.csv,window_clustered,accuracy,0.8836126629422719,0.8831766759776536,0.7458100558659218,0.994413407821229,2000,source_recording_stratified_by_class,12,source_file,MultisourceFusionNet,vibration_current,42,0.0,no_scalars,corrected_formal_train_only_zscore,,
corrected_fusion_vibration_current_source_file_seed42_predictions.csv,window_clustered,macro_f1,0.8993062552227422,0.8965998783080986,0.7645485588084839,0.9939569020708712,2000,source_recording_stratified_by_class,12,source_file,MultisourceFusionNet,vibration_current,42,0.0,no_scalars,corrected_formal_train_only_zscore,,
corrected_fusion_vibration_current_source_file_seed42_predictions.csv,window_clustered,worst_class_recall,0.6689944134078212,0.6667758379888269,0.2625698324022346,0.9832402234636872,2000,source_recording_stratified_by_class,12,source_file,MultisourceFusionNet,vibration_current,42,0.0,no_scalars,corrected_formal_train_only_zscore,,
corrected_fusion_vibration_current_source_file_seed43_predictions.csv,source_mean_probability,accuracy,0.9166666666666666,0.9182916666666666,0.75,1.0,2000,source_recording_stratified_by_class,12,source_file,MultisourceFusionNet,vibration_current,43,0.0,no_scalars,corrected_formal_train_only_zscore,,
corrected_fusion_vibration_current_source_file_seed43_predictions.csv,source_mean_probability,macro_f1,0.9285714285714286,0.92835,0.7666666666666666,1.0,2000,source_recording_stratified_by_class,12,source_file,MultisourceFusionNet,vibration_current,43,0.0,no_scalars,corrected_formal_train_only_zscore,,
corrected_fusion_vibration_current_source_file_seed43_predictions.csv,source_mean_probability,worst_class_recall,0.75,0.754875,0.25,1.0,2000,source_recording_stratified_by_class,12,source_file,MultisourceFusionNet,vibration_current,43,0.0,no_scalars,corrected_formal_train_only_zscore,,
corrected_fusion_vibration_current_source_file_seed43_predictions.csv,source_majority_vote,accuracy,0.9166666666666666,0.9182916666666666,0.75,1.0,2000,source_recording_stratified_by_class,12,source_file,MultisourceFusionNet,vibration_current,43,0.0,no_scalars,corrected_formal_train_only_zscore,,
corrected_fusion_vibration_current_source_file_seed43_predictions.csv,source_majority_vote,macro_f1,0.9285714285714286,0.92835,0.7666666666666666,1.0,2000,source_recording_stratified_by_class,12,source_file,MultisourceFusionNet,vibration_current,43,0.0,no_scalars,corrected_formal_train_only_zscore,,
corrected_fusion_vibration_current_source_file_seed43_predictions.csv,source_majority_vote,worst_class_recall,0.75,0.754875,0.25,1.0,2000,source_recording_stratified_by_class,12,source_file,MultisourceFusionNet,vibration_current,43,0.0,no_scalars,corrected_formal_train_only_zscore,,
corrected_fusion_vibration_current_source_file_seed43_predictions.csv,window_clustered,accuracy,0.8864059590316573,0.8875956703910615,0.7490689013035382,0.9990689013035382,2000,source_recording_stratified_by_class,12,source_file,MultisourceFusionNet,vibration_current,43,0.0,no_scalars,corrected_formal_train_only_zscore,,
corrected_fusion_vibration_current_source_file_seed43_predictions.csv,window_clustered,macro_f1,0.9018354951377195,0.9005514306971327,0.7659935944888083,0.9990688980746824,2000,source_recording_stratified_by_class,12,source_file,MultisourceFusionNet,vibration_current,43,0.0,no_scalars,corrected_formal_train_only_zscore,,
corrected_fusion_vibration_current_source_file_seed43_predictions.csv,window_clustered,worst_class_recall,0.6620111731843575,0.6653521880819366,0.25,0.9962756052141528,2000,source_recording_stratified_by_class,12,source_file,MultisourceFusionNet,vibration_current,43,0.0,no_scalars,corrected_formal_train_only_zscore,,
corrected_fusion_vibration_current_source_file_seed44_predictions.csv,source_mean_probability,accuracy,0.9166666666666666,0.9181666666666668,0.75,1.0,2000,source_recording_stratified_by_class,12,source_file,MultisourceFusionNet,vibration_current,44,0.0,no_scalars,corrected_formal_train_only_zscore,,
corrected_fusion_vibration_current_source_file_seed44_predictions.csv,source_mean_probability,macro_f1,0.9285714285714286,0.928147023809524,0.7666666666666666,1.0,2000,source_recording_stratified_by_class,12,source_file,MultisourceFusionNet,vibration_current,44,0.0,no_scalars,corrected_formal_train_only_zscore,,
corrected_fusion_vibration_current_source_file_seed44_predictions.csv,source_mean_probability,worst_class_recall,0.75,0.7545,0.25,1.0,2000,source_recording_stratified_by_class,12,source_file,MultisourceFusionNet,vibration_current,44,0.0,no_scalars,corrected_formal_train_only_zscore,,
corrected_fusion_vibration_current_source_file_seed44_predictions.csv,source_majority_vote,accuracy,0.9166666666666666,0.9181666666666668,0.75,1.0,2000,source_recording_stratified_by_class,12,source_file,MultisourceFusionNet,vibration_current,44,0.0,no_scalars,corrected_formal_train_only_zscore,,
corrected_fusion_vibration_current_source_file_seed44_predictions.csv,source_majority_vote,macro_f1,0.9285714285714286,0.928147023809524,0.7666666666666666,1.0,2000,source_recording_stratified_by_class,12,source_file,MultisourceFusionNet,vibration_current,44,0.0,no_scalars,corrected_formal_train_only_zscore,,
corrected_fusion_vibration_current_source_file_seed44_predictions.csv,source_majority_vote,worst_class_recall,0.75,0.7545,0.25,1.0,2000,source_recording_stratified_by_class,12,source_file,MultisourceFusionNet,vibration_current,44,0.0,no_scalars,corrected_formal_train_only_zscore,,
corrected_fusion_vibration_current_source_file_seed44_predictions.csv,window_clustered,accuracy,0.8798882681564246,0.8810006983240223,0.7411545623836127,0.9920856610800745,2000,source_recording_stratified_by_class,12,source_file,MultisourceFusionNet,vibration_current,44,0.0,no_scalars,corrected_formal_train_only_zscore,,
corrected_fusion_vibration_current_source_file_seed44_predictions.csv,window_clustered,macro_f1,0.8960783708470423,0.8945810718777987,0.7588212228787323,0.9922533241782064,2000,source_recording_stratified_by_class,12,source_file,MultisourceFusionNet,vibration_current,44,0.0,no_scalars,corrected_formal_train_only_zscore,,
corrected_fusion_vibration_current_source_file_seed44_predictions.csv,window_clustered,worst_class_recall,0.6606145251396648,0.662409683426443,0.2486033519553072,0.9776536312849162,2000,source_recording_stratified_by_class,12,source_file,MultisourceFusionNet,vibration_current,44,0.0,no_scalars,corrected_formal_train_only_zscore,,
formal_dl_cnn_vib_current_cross_condition_length8192_seed42_predictions.csv,source_mean_probability,accuracy,0.9523809523809524,0.9525119047619048,0.8809523809523809,1.0,2000,source_recording_stratified_by_class,42,cross_condition,cnn,vib_current,42,,vib_current,corrected_formal_train_only_zscore,length8192,8192.0
formal_dl_cnn_vib_current_cross_condition_length8192_seed42_predictions.csv,source_mean_probability,macro_f1,0.9582971014492754,0.958183271250312,0.895054945054945,1.0,2000,source_recording_stratified_by_class,42,cross_condition,cnn,vib_current,42,,vib_current,corrected_formal_train_only_zscore,length8192,8192.0
formal_dl_cnn_vib_current_cross_condition_length8192_seed42_predictions.csv,source_mean_probability,worst_class_recall,0.9166666666666666,0.8740416666666666,0.75,1.0,2000,source_recording_stratified_by_class,42,cross_condition,cnn,vib_current,42,,vib_current,corrected_formal_train_only_zscore,length8192,8192.0
formal_dl_cnn_vib_current_cross_condition_length8192_seed42_predictions.csv,source_majority_vote,accuracy,0.9523809523809524,0.9525119047619048,0.8809523809523809,1.0,2000,source_recording_stratified_by_class,42,cross_condition,cnn,vib_current,42,,vib_current,corrected_formal_train_only_zscore,length8192,8192.0
formal_dl_cnn_vib_current_cross_condition_length8192_seed42_predictions.csv,source_majority_vote,macro_f1,0.9582971014492754,0.958183271250312,0.895054945054945,1.0,2000,source_recording_stratified_by_class,42,cross_condition,cnn,vib_current,42,,vib_current,corrected_formal_train_only_zscore,length8192,8192.0
formal_dl_cnn_vib_current_cross_condition_length8192_seed42_predictions.csv,source_majority_vote,worst_class_recall,0.9166666666666666,0.8740416666666666,0.75,1.0,2000,source_recording_stratified_by_class,42,cross_condition,cnn,vib_current,42,,vib_current,corrected_formal_train_only_zscore,length8192,8192.0
formal_dl_cnn_vib_current_cross_condition_length8192_seed42_predictions.csv,window_clustered,accuracy,0.9521149241819632,0.9522385607874436,0.8806863527533919,0.9998669859005056,2000,source_recording_stratified_by_class,42,cross_condition,cnn,vib_current,42,,vib_current,corrected_formal_train_only_zscore,length8192,8192.0
formal_dl_cnn_vib_current_cross_condition_length8192_seed42_predictions.csv,window_clustered,macro_f1,0.9580059435552406,0.9578821265966254,0.8946552020741586,0.999883612656636,2000,source_recording_stratified_by_class,42,cross_condition,cnn,vib_current,42,,vib_current,corrected_formal_train_only_zscore,length8192,8192.0
formal_dl_cnn_vib_current_cross_condition_length8192_seed42_predictions.csv,window_clustered,worst_class_recall,0.9162011173184358,0.8736948324022347,0.7486033519553073,0.999534450651769,2000,source_recording_stratified_by_class,42,cross_condition,cnn,vib_current,42,,vib_current,corrected_formal_train_only_zscore,length8192,8192.0
formal_dl_cnn_vib_current_cross_condition_length8192_seed43_predictions.csv,source_mean_probability,accuracy,0.9523809523809524,0.9523095238095238,0.8809523809523809,1.0,2000,source_recording_stratified_by_class,42,cross_condition,cnn,vib_current,43,,vib_current,corrected_formal_train_only_zscore,length8192,8192.0
formal_dl_cnn_vib_current_cross_condition_length8192_seed43_predictions.csv,source_mean_probability,macro_f1,0.9572727272727272,0.9569040863379108,0.8872019793072424,1.0,2000,source_recording_stratified_by_class,42,cross_condition,cnn,vib_current,43,,vib_current,corrected_formal_train_only_zscore,length8192,8192.0
formal_dl_cnn_vib_current_cross_condition_length8192_seed43_predictions.csv,source_mean_probability,worst_class_recall,0.8333333333333334,0.8330833333333333,0.5833333333333334,1.0,2000,source_recording_stratified_by_class,42,cross_condition,cnn,vib_current,43,,vib_current,corrected_formal_train_only_zscore,length8192,8192.0
formal_dl_cnn_vib_current_cross_condition_length8192_seed43_predictions.csv,source_majority_vote,accuracy,0.9523809523809524,0.9523095238095238,0.8809523809523809,1.0,2000,source_recording_stratified_by_class,42,cross_condition,cnn,vib_current,43,,vib_current,corrected_formal_train_only_zscore,length8192,8192.0
formal_dl_cnn_vib_current_cross_condition_length8192_seed43_predictions.csv,source_majority_vote,macro_f1,0.9572727272727272,0.9569040863379108,0.8872019793072424,1.0,2000,source_recording_stratified_by_class,42,cross_condition,cnn,vib_current,43,,vib_current,corrected_formal_train_only_zscore,length8192,8192.0
formal_dl_cnn_vib_current_cross_condition_length8192_seed43_predictions.csv,source_majority_vote,worst_class_recall,0.8333333333333334,0.8330833333333333,0.5833333333333334,1.0,2000,source_recording_stratified_by_class,42,cross_condition,cnn,vib_current,43,,vib_current,corrected_formal_train_only_zscore,length8192,8192.0
formal_dl_cnn_vib_current_cross_condition_length8192_seed43_predictions.csv,window_clustered,accuracy,0.9368183027400904,0.9366665336525672,0.8745677041766428,0.9869745943069964,2000,source_recording_stratified_by_class,42,cross_condition,cnn,vib_current,43,,vib_current,corrected_formal_train_only_zscore,length8192,8192.0
formal_dl_cnn_vib_current_cross_condition_length8192_seed43_predictions.csv,window_clustered,macro_f1,0.9429189652619044,0.9425367081698904,0.8839567315703959,0.9876939241743576,2000,source_recording_stratified_by_class,42,cross_condition,cnn,vib_current,43,,vib_current,corrected_formal_train_only_zscore,length8192,8192.0
formal_dl_cnn_vib_current_cross_condition_length8192_seed43_predictions.csv,window_clustered,worst_class_recall,0.8161080074487895,0.814689711359404,0.6000814711359403,0.9660148975791434,2000,source_recording_stratified_by_class,42,cross_condition,cnn,vib_current,43,,vib_current,corrected_formal_train_only_zscore,length8192,8192.0
formal_dl_cnn_vib_current_cross_condition_length8192_seed44_predictions.csv,source_mean_probability,accuracy,0.9523809523809524,0.952,0.8809523809523809,1.0,2000,source_recording_stratified_by_class,42,cross_condition,cnn,vib_current,44,,vib_current,corrected_formal_train_only_zscore,length8192,8192.0
formal_dl_cnn_vib_current_cross_condition_length8192_seed44_predictions.csv,source_mean_probability,macro_f1,0.9582971014492754,0.9577340033761944,0.8938923395445134,1.0,2000,source_recording_stratified_by_class,42,cross_condition,cnn,vib_current,44,,vib_current,corrected_formal_train_only_zscore,length8192,8192.0
formal_dl_cnn_vib_current_cross_condition_length8192_seed44_predictions.csv,source_mean_probability,worst_class_recall,0.9166666666666666,0.8737916666666666,0.6666666666666666,1.0,2000,source_recording_stratified_by_class,42,cross_condition,cnn,vib_current,44,,vib_current,corrected_formal_train_only_zscore,length8192,8192.0
formal_dl_cnn_vib_current_cross_condition_length8192_seed44_predictions.csv,source_majority_vote,accuracy,0.9523809523809524,0.952,0.8809523809523809,1.0,2000,source_recording_stratified_by_class,42,cross_condition,cnn,vib_current,44,,vib_current,corrected_formal_train_only_zscore,length8192,8192.0
formal_dl_cnn_vib_current_cross_condition_length8192_seed44_predictions.csv,source_majority_vote,macro_f1,0.9582971014492754,0.9577340033761944,0.8938923395445134,1.0,2000,source_recording_stratified_by_class,42,cross_condition,cnn,vib_current,44,,vib_current,corrected_formal_train_only_zscore,length8192,8192.0
formal_dl_cnn_vib_current_cross_condition_length8192_seed44_predictions.csv,source_majority_vote,worst_class_recall,0.9166666666666666,0.8737916666666666,0.6666666666666666,1.0,2000,source_recording_stratified_by_class,42,cross_condition,cnn,vib_current,44,,vib_current,corrected_formal_train_only_zscore,length8192,8192.0
formal_dl_cnn_vib_current_cross_condition_length8192_seed44_predictions.csv,window_clustered,accuracy,0.9426709231178504,0.9423518888002128,0.8726988560787443,0.99920524075552,2000,source_recording_stratified_by_class,42,cross_condition,cnn,vib_current,44,,vib_current,corrected_formal_train_only_zscore,length8192,8192.0
formal_dl_cnn_vib_current_cross_condition_length8192_seed44_predictions.csv,window_clustered,macro_f1,0.9494091002760888,0.9489179017915,0.8859815804768257,0.9993045853574116,2000,source_recording_stratified_by_class,42,cross_condition,cnn,vib_current,44,,vib_current,corrected_formal_train_only_zscore,length8192,8192.0
formal_dl_cnn_vib_current_cross_condition_length8192_seed44_predictions.csv,window_clustered,worst_class_recall,0.8784916201117319,0.8509834729981378,0.675512104283054,0.9981378026070764,2000,source_recording_stratified_by_class,42,cross_condition,cnn,vib_current,44,,vib_current,corrected_formal_train_only_zscore,length8192,8192.0
formal_dl_cnn_vib_current_cross_load_length8192_seed42_predictions.csv,source_mean_probability,accuracy,0.9047619047619048,0.9061309523809524,0.8333333333333334,0.9761904761904762,2000,source_recording_stratified_by_class,42,cross_load,cnn,vib_current,42,,vib_current,corrected_formal_train_only_zscore,length8192,8192.0
formal_dl_cnn_vib_current_cross_load_length8192_seed42_predictions.csv,source_mean_probability,macro_f1,0.9142857142857144,0.9142960146918868,0.8406072106261859,0.9791304347826086,2000,source_recording_stratified_by_class,42,cross_load,cnn,vib_current,42,,vib_current,corrected_formal_train_only_zscore,length8192,8192.0
formal_dl_cnn_vib_current_cross_load_length8192_seed42_predictions.csv,source_mean_probability,worst_class_recall,0.6666666666666666,0.6714583333333333,0.4166666666666667,0.9166666666666666,2000,source_recording_stratified_by_class,42,cross_load,cnn,vib_current,42,,vib_current,corrected_formal_train_only_zscore,length8192,8192.0
formal_dl_cnn_vib_current_cross_load_length8192_seed42_predictions.csv,source_majority_vote,accuracy,0.9047619047619048,0.9061309523809524,0.8333333333333334,0.9761904761904762,2000,source_recording_stratified_by_class,42,cross_load,cnn,vib_current,42,,vib_current,corrected_formal_train_only_zscore,length8192,8192.0
formal_dl_cnn_vib_current_cross_load_length8192_seed42_predictions.csv,source_majority_vote,macro_f1,0.9142857142857144,0.9142960146918868,0.8406072106261859,0.9791304347826086,2000,source_recording_stratified_by_class,42,cross_load,cnn,vib_current,42,,vib_current,corrected_formal_train_only_zscore,length8192,8192.0
formal_dl_cnn_vib_current_cross_load_length8192_seed42_predictions.csv,source_majority_vote,worst_class_recall,0.6666666666666666,0.6714583333333333,0.4166666666666667,0.9166666666666666,2000,source_recording_stratified_by_class,42,cross_load,cnn,vib_current,42,,vib_current,corrected_formal_train_only_zscore,length8192,8192.0
formal_dl_cnn_vib_current_cross_load_length8192_seed42_predictions.csv,window_clustered,accuracy,0.87682894386805,0.877690808725725,0.8290768821495078,0.9255154296355412,2000,source_recording_stratified_by_class,42,cross_load,cnn,vib_current,42,,vib_current,corrected_formal_train_only_zscore,length8192,8192.0
formal_dl_cnn_vib_current_cross_load_length8192_seed42_predictions.csv,window_clustered,macro_f1,0.8719481268927561,0.8727927248812096,0.8228456849978418,0.9209732428025752,2000,source_recording_stratified_by_class,42,cross_load,cnn,vib_current,42,,vib_current,corrected_formal_train_only_zscore,length8192,8192.0
formal_dl_cnn_vib_current_cross_load_length8192_seed42_predictions.csv,window_clustered,worst_class_recall,0.7048417132216015,0.707205540037244,0.5641992551210429,0.8505819366852885,2000,source_recording_stratified_by_class,42,cross_load,cnn,vib_current,42,,vib_current,corrected_formal_train_only_zscore,length8192,8192.0
formal_dl_cnn_vib_current_cross_load_length8192_seed43_predictions.csv,source_mean_probability,accuracy,0.9285714285714286,0.9292023809523812,0.8571428571428571,1.0,2000,source_recording_stratified_by_class,42,cross_load,cnn,vib_current,43,,vib_current,corrected_formal_train_only_zscore,length8192,8192.0
formal_dl_cnn_vib_current_cross_load_length8192_seed43_predictions.csv,source_mean_probability,macro_f1,0.9365079365079364,0.9362444867206832,0.8666666666666667,1.0,2000,source_recording_stratified_by_class,42,cross_load,cnn,vib_current,43,,vib_current,corrected_formal_train_only_zscore,length8192,8192.0
formal_dl_cnn_vib_current_cross_load_length8192_seed43_predictions.csv,source_mean_probability,worst_class_recall,0.75,0.7522083333333333,0.5,1.0,2000,source_recording_stratified_by_class,42,cross_load,cnn,vib_current,43,,vib_current,corrected_formal_train_only_zscore,length8192,8192.0
formal_dl_cnn_vib_current_cross_load_length8192_seed43_predictions.csv,source_majority_vote,accuracy,0.9047619047619048,0.9045119047619048,0.8095238095238095,0.9761904761904762,2000,source_recording_stratified_by_class,42,cross_load,cnn,vib_current,43,,vib_current,corrected_formal_train_only_zscore,length8192,8192.0
formal_dl_cnn_vib_current_cross_load_length8192_seed43_predictions.csv,source_majority_vote,macro_f1,0.905844155844156,0.9030353322139492,0.8100638440860215,0.9791304347826086,2000,source_recording_stratified_by_class,42,cross_load,cnn,vib_current,43,,vib_current,corrected_formal_train_only_zscore,length8192,8192.0
formal_dl_cnn_vib_current_cross_load_length8192_seed43_predictions.csv,source_majority_vote,worst_class_recall,0.75,0.7074583333333334,0.5,0.9166666666666666,2000,source_recording_stratified_by_class,42,cross_load,cnn,vib_current,43,,vib_current,corrected_formal_train_only_zscore,length8192,8192.0
formal_dl_cnn_vib_current_cross_load_length8192_seed43_predictions.csv,window_clustered,accuracy,0.8584729981378026,0.8586848230912476,0.7952846501729183,0.918332668262836,2000,source_recording_stratified_by_class,42,cross_load,cnn,vib_current,43,,vib_current,corrected_formal_train_only_zscore,length8192,8192.0
formal_dl_cnn_vib_current_cross_load_length8192_seed43_predictions.csv,window_clustered,macro_f1,0.8509989370259109,0.8506168955943272,0.7809889372073389,0.913680732494822,2000,source_recording_stratified_by_class,42,cross_load,cnn,vib_current,43,,vib_current,corrected_formal_train_only_zscore,length8192,8192.0
formal_dl_cnn_vib_current_cross_load_length8192_seed43_predictions.csv,window_clustered,worst_class_recall,0.6680633147113594,0.666411312849162,0.4775954376163873,0.8347299813780261,2000,source_recording_stratified_by_class,42,cross_load,cnn,vib_current,43,,vib_current,corrected_formal_train_only_zscore,length8192,8192.0
formal_dl_cnn_vib_current_cross_load_length8192_seed44_predictions.csv,source_mean_probability,accuracy,0.9761904761904762,0.976095238095238,0.9285714285714286,1.0,2000,source_recording_stratified_by_class,42,cross_load,cnn,vib_current,44,,vib_current,corrected_formal_train_only_zscore,length8192,8192.0
formal_dl_cnn_vib_current_cross_load_length8192_seed44_predictions.csv,source_mean_probability,macro_f1,0.9791304347826086,0.9789144531248404,0.9365079365079364,1.0,2000,source_recording_stratified_by_class,42,cross_load,cnn,vib_current,44,,vib_current,corrected_formal_train_only_zscore,length8192,8192.0
formal_dl_cnn_vib_current_cross_load_length8192_seed44_predictions.csv,source_mean_probability,worst_class_recall,0.9166666666666666,0.9163333333333332,0.75,1.0,2000,source_recording_stratified_by_class,42,cross_load,cnn,vib_current,44,,vib_current,corrected_formal_train_only_zscore,length8192,8192.0
formal_dl_cnn_vib_current_cross_load_length8192_seed44_predictions.csv,source_majority_vote,accuracy,1.0,1.0,1.0,1.0,2000,source_recording_stratified_by_class,42,cross_load,cnn,vib_current,44,,vib_current,corrected_formal_train_only_zscore,length8192,8192.0
formal_dl_cnn_vib_current_cross_load_length8192_seed44_predictions.csv,source_majority_vote,macro_f1,1.0,1.0,1.0,1.0,2000,source_recording_stratified_by_class,42,cross_load,cnn,vib_current,44,,vib_current,corrected_formal_train_only_zscore,length8192,8192.0
formal_dl_cnn_vib_current_cross_load_length8192_seed44_predictions.csv,source_majority_vote,worst_class_recall,1.0,1.0,1.0,1.0,2000,source_recording_stratified_by_class,42,cross_load,cnn,vib_current,44,,vib_current,corrected_formal_train_only_zscore,length8192,8192.0
formal_dl_cnn_vib_current_cross_load_length8192_seed44_predictions.csv,window_clustered,accuracy,0.9044958765629156,0.9042055732907688,0.8615323224261772,0.9430732907688216,2000,source_recording_stratified_by_class,42,cross_load,cnn,vib_current,44,,vib_current,corrected_formal_train_only_zscore,length8192,8192.0
formal_dl_cnn_vib_current_cross_load_length8192_seed44_predictions.csv,window_clustered,macro_f1,0.9019719527833236,0.9014038166829402,0.8567150878407297,0.942339205760863,2000,source_recording_stratified_by_class,42,cross_load,cnn,vib_current,44,,vib_current,corrected_formal_train_only_zscore,length8192,8192.0
formal_dl_cnn_vib_current_cross_load_length8192_seed44_predictions.csv,window_clustered,worst_class_recall,0.8282122905027933,0.814455540037244,0.7215898510242086,0.8985218808193668,2000,source_recording_stratified_by_class,42,cross_load,cnn,vib_current,44,,vib_current,corrected_formal_train_only_zscore,length8192,8192.0
formal_dl_cnn_vib_current_cross_rpm_length8192_seed42_predictions.csv,source_mean_probability,accuracy,0.5357142857142857,0.5326607142857143,0.3928571428571428,0.6785714285714286,2000,source_recording_stratified_by_class,28,cross_rpm,cnn,vib_current,42,,vib_current,corrected_formal_train_only_zscore,length8192,8192.0
formal_dl_cnn_vib_current_cross_rpm_length8192_seed42_predictions.csv,source_mean_probability,macro_f1,0.4367032967032968,0.4278975266140704,0.2921855459355459,0.5514705882352942,2000,source_recording_stratified_by_class,28,cross_rpm,cnn,vib_current,42,,vib_current,corrected_formal_train_only_zscore,length8192,8192.0
formal_dl_cnn_vib_current_cross_rpm_length8192_seed42_predictions.csv,source_mean_probability,worst_class_recall,0.0,0.0,0.0,0.0,2000,source_recording_stratified_by_class,28,cross_rpm,cnn,vib_current,42,,vib_current,corrected_formal_train_only_zscore,length8192,8192.0
formal_dl_cnn_vib_current_cross_rpm_length8192_seed42_predictions.csv,source_majority_vote,accuracy,0.5357142857142857,0.5326607142857143,0.3928571428571428,0.6785714285714286,2000,source_recording_stratified_by_class,28,cross_rpm,cnn,vib_current,42,,vib_current,corrected_formal_train_only_zscore,length8192,8192.0
formal_dl_cnn_vib_current_cross_rpm_length8192_seed42_predictions.csv,source_majority_vote,macro_f1,0.4367032967032968,0.4278975266140704,0.2921855459355459,0.5514705882352942,2000,source_recording_stratified_by_class,28,cross_rpm,cnn,vib_current,42,,vib_current,corrected_formal_train_only_zscore,length8192,8192.0
formal_dl_cnn_vib_current_cross_rpm_length8192_seed42_predictions.csv,source_majority_vote,worst_class_recall,0.0,0.0,0.0,0.0,2000,source_recording_stratified_by_class,28,cross_rpm,cnn,vib_current,42,,vib_current,corrected_formal_train_only_zscore,length8192,8192.0
formal_dl_cnn_vib_current_cross_rpm_length8192_seed42_predictions.csv,window_clustered,accuracy,0.5393056664006385,0.5376655027932962,0.4526835594573025,0.6274990023942538,2000,source_recording_stratified_by_class,28,cross_rpm,cnn,vib_current,42,,vib_current,corrected_formal_train_only_zscore,length8192,8192.0
formal_dl_cnn_vib_current_cross_rpm_length8192_seed42_predictions.csv,window_clustered,macro_f1,0.488712464970363,0.4850550519160669,0.3995358226160105,0.5684783417838428,2000,source_recording_stratified_by_class,28,cross_rpm,cnn,vib_current,42,,vib_current,corrected_formal_train_only_zscore,length8192,8192.0
formal_dl_cnn_vib_current_cross_rpm_length8192_seed42_predictions.csv,window_clustered,worst_class_recall,0.1620111731843575,0.1621252715704531,0.1117318435754189,0.2122905027932961,2000,source_recording_stratified_by_class,28,cross_rpm,cnn,vib_current,42,,vib_current,corrected_formal_train_only_zscore,length8192,8192.0
formal_dl_cnn_vib_current_cross_rpm_length8192_seed43_predictions.csv,source_mean_probability,accuracy,0.8928571428571429,0.89175,0.7857142857142857,1.0,2000,source_recording_stratified_by_class,28,cross_rpm,cnn,vib_current,43,,vib_current,corrected_formal_train_only_zscore,length8192,8192.0
formal_dl_cnn_vib_current_cross_rpm_length8192_seed43_predictions.csv,source_mean_probability,macro_f1,0.888795518207283,0.8824404343195074,0.7297270059339525,1.0,2000,source_recording_stratified_by_class,28,cross_rpm,cnn,vib_current,43,,vib_current,corrected_formal_train_only_zscore,length8192,8192.0
formal_dl_cnn_vib_current_cross_rpm_length8192_seed43_predictions.csv,source_mean_probability,worst_class_recall,0.75,0.6551666666666668,0.25,1.0,2000,source_recording_stratified_by_class,28,cross_rpm,cnn,vib_current,43,,vib_current,corrected_formal_train_only_zscore,length8192,8192.0
formal_dl_cnn_vib_current_cross_rpm_length8192_seed43_predictions.csv,source_majority_vote,accuracy,0.8928571428571429,0.89175,0.7857142857142857,1.0,2000,source_recording_stratified_by_class,28,cross_rpm,cnn,vib_current,43,,vib_current,corrected_formal_train_only_zscore,length8192,8192.0
formal_dl_cnn_vib_current_cross_rpm_length8192_seed43_predictions.csv,source_majority_vote,macro_f1,0.8885912698412699,0.8820042554992065,0.7318181818181818,1.0,2000,source_recording_stratified_by_class,28,cross_rpm,cnn,vib_current,43,,vib_current,corrected_formal_train_only_zscore,length8192,8192.0
formal_dl_cnn_vib_current_cross_rpm_length8192_seed43_predictions.csv,source_majority_vote,worst_class_recall,0.75,0.6551666666666668,0.25,1.0,2000,source_recording_stratified_by_class,28,cross_rpm,cnn,vib_current,43,,vib_current,corrected_formal_train_only_zscore,length8192,8192.0
formal_dl_cnn_vib_current_cross_rpm_length8192_seed43_predictions.csv,window_clustered,accuracy,0.7691540303272146,0.7679023343974462,0.6745810055865922,0.8505636472466082,2000,source_recording_stratified_by_class,28,cross_rpm,cnn,vib_current,43,,vib_current,corrected_formal_train_only_zscore,length8192,8192.0
formal_dl_cnn_vib_current_cross_rpm_length8192_seed43_predictions.csv,window_clustered,macro_f1,0.7590633046676608,0.7564028479011767,0.6624372410751619,0.8354069667679501,2000,source_recording_stratified_by_class,28,cross_rpm,cnn,vib_current,43,,vib_current,corrected_formal_train_only_zscore,length8192,8192.0
formal_dl_cnn_vib_current_cross_rpm_length8192_seed43_predictions.csv,window_clustered,worst_class_recall,0.5502793296089385,0.5330288252638113,0.3351955307262569,0.6921322160148975,2000,source_recording_stratified_by_class,28,cross_rpm,cnn,vib_current,43,,vib_current,corrected_formal_train_only_zscore,length8192,8192.0
formal_dl_cnn_vib_current_cross_rpm_length8192_seed44_predictions.csv,source_mean_probability,accuracy,0.8214285714285714,0.8219464285714285,0.6785714285714286,0.9285714285714286,2000,source_recording_stratified_by_class,28,cross_rpm,cnn,vib_current,44,,vib_current,corrected_formal_train_only_zscore,length8192,8192.0
formal_dl_cnn_vib_current_cross_rpm_length8192_seed44_predictions.csv,source_mean_probability,macro_f1,0.8444444444444444,0.8426456297618715,0.7133699633699634,0.9375,2000,source_recording_stratified_by_class,28,cross_rpm,cnn,vib_current,44,,vib_current,corrected_formal_train_only_zscore,length8192,8192.0
formal_dl_cnn_vib_current_cross_rpm_length8192_seed44_predictions.csv,source_mean_probability,worst_class_recall,0.6666666666666666,0.6144861111111111,0.3333333333333333,0.875,2000,source_recording_stratified_by_class,28,cross_rpm,cnn,vib_current,44,,vib_current,corrected_formal_train_only_zscore,length8192,8192.0
formal_dl_cnn_vib_current_cross_rpm_length8192_seed44_predictions.csv,source_majority_vote,accuracy,0.8214285714285714,0.8219464285714285,0.6785714285714286,0.9285714285714286,2000,source_recording_stratified_by_class,28,cross_rpm,cnn,vib_current,44,,vib_current,corrected_formal_train_only_zscore,length8192,8192.0
formal_dl_cnn_vib_current_cross_rpm_length8192_seed44_predictions.csv,source_majority_vote,macro_f1,0.8444444444444444,0.8426456297618715,0.7133699633699634,0.9375,2000,source_recording_stratified_by_class,28,cross_rpm,cnn,vib_current,44,,vib_current,corrected_formal_train_only_zscore,length8192,8192.0
formal_dl_cnn_vib_current_cross_rpm_length8192_seed44_predictions.csv,source_majority_vote,worst_class_recall,0.6666666666666666,0.6144861111111111,0.3333333333333333,0.875,2000,source_recording_stratified_by_class,28,cross_rpm,cnn,vib_current,44,,vib_current,corrected_formal_train_only_zscore,length8192,8192.0
formal_dl_cnn_vib_current_cross_rpm_length8192_seed44_predictions.csv,window_clustered,accuracy,0.7270550678371908,0.7272995810055866,0.6342577813248204,0.8100658419792497,2000,source_recording_stratified_by_class,28,cross_rpm,cnn,vib_current,44,,vib_current,corrected_formal_train_only_zscore,length8192,8192.0
formal_dl_cnn_vib_current_cross_rpm_length8192_seed44_predictions.csv,window_clustered,macro_f1,0.7453303556321982,0.7445734802481688,0.6561301158045033,0.8206236745106354,2000,source_recording_stratified_by_class,28,cross_rpm,cnn,vib_current,44,,vib_current,corrected_formal_train_only_zscore,length8192,8192.0
formal_dl_cnn_vib_current_cross_rpm_length8192_seed44_predictions.csv,window_clustered,worst_class_recall,0.5685909373060211,0.5416179391682184,0.3413718187461204,0.6997206703910615,2000,source_recording_stratified_by_class,28,cross_rpm,cnn,vib_current,44,,vib_current,corrected_formal_train_only_zscore,length8192,8192.0
formal_dl_cnn_vib_current_cross_rpm_sensitivity12800_seed42_predictions.csv,source_mean_probability,accuracy,0.75,0.7494107142857143,0.6071428571428571,0.8928571428571429,2000,source_recording_stratified_by_class,28,cross_rpm,cnn,vib_current,42,,vib_current,corrected_input_length_sensitivity,sensitivity12800,12800.0
formal_dl_cnn_vib_current_cross_rpm_sensitivity12800_seed42_predictions.csv,source_mean_probability,macro_f1,0.7375816993464052,0.7251538117674753,0.5230994152046784,0.8870798319327732,2000,source_recording_stratified_by_class,28,cross_rpm,cnn,vib_current,42,,vib_current,corrected_input_length_sensitivity,sensitivity12800,12800.0
formal_dl_cnn_vib_current_cross_rpm_sensitivity12800_seed42_predictions.csv,source_mean_probability,worst_class_recall,0.5,0.4305486111111111,0.0,0.75,2000,source_recording_stratified_by_class,28,cross_rpm,cnn,vib_current,42,,vib_current,corrected_input_length_sensitivity,sensitivity12800,12800.0
formal_dl_cnn_vib_current_cross_rpm_sensitivity12800_seed42_predictions.csv,source_majority_vote,accuracy,0.75,0.7494107142857143,0.6071428571428571,0.8928571428571429,2000,source_recording_stratified_by_class,28,cross_rpm,cnn,vib_current,42,,vib_current,corrected_input_length_sensitivity,sensitivity12800,12800.0
formal_dl_cnn_vib_current_cross_rpm_sensitivity12800_seed42_predictions.csv,source_majority_vote,macro_f1,0.7375816993464052,0.7251538117674753,0.5230994152046784,0.8870798319327732,2000,source_recording_stratified_by_class,28,cross_rpm,cnn,vib_current,42,,vib_current,corrected_input_length_sensitivity,sensitivity12800,12800.0
formal_dl_cnn_vib_current_cross_rpm_sensitivity12800_seed42_predictions.csv,source_majority_vote,worst_class_recall,0.5,0.4305486111111111,0.0,0.75,2000,source_recording_stratified_by_class,28,cross_rpm,cnn,vib_current,42,,vib_current,corrected_input_length_sensitivity,sensitivity12800,12800.0
formal_dl_cnn_vib_current_cross_rpm_sensitivity12800_seed42_predictions.csv,window_clustered,accuracy,0.7230646448523543,0.7234058260175579,0.6296787709497207,0.8136522346368715,2000,source_recording_stratified_by_class,28,cross_rpm,cnn,vib_current,42,,vib_current,corrected_input_length_sensitivity,sensitivity12800,12800.0
formal_dl_cnn_vib_current_cross_rpm_sensitivity12800_seed42_predictions.csv,window_clustered,macro_f1,0.7197058296200911,0.7174851915662277,0.6233917984325871,0.8085968226196579,2000,source_recording_stratified_by_class,28,cross_rpm,cnn,vib_current,42,,vib_current,corrected_input_length_sensitivity,sensitivity12800,12800.0
formal_dl_cnn_vib_current_cross_rpm_sensitivity12800_seed42_predictions.csv,window_clustered,worst_class_recall,0.5516759776536313,0.526592644320298,0.3505586592178771,0.6885591247672253,2000,source_recording_stratified_by_class,28,cross_rpm,cnn,vib_current,42,,vib_current,corrected_input_length_sensitivity,sensitivity12800,12800.0
formal_dl_cnn_vib_current_cross_rpm_sensitivity12800_seed43_predictions.csv,source_mean_probability,accuracy,0.8928571428571429,0.8919107142857142,0.7857142857142857,1.0,2000,source_recording_stratified_by_class,28,cross_rpm,cnn,vib_current,43,,vib_current,corrected_input_length_sensitivity,sensitivity12800,12800.0
formal_dl_cnn_vib_current_cross_rpm_sensitivity12800_seed43_predictions.csv,source_mean_probability,macro_f1,0.8870798319327732,0.881038491622112,0.7308069381598793,1.0,2000,source_recording_stratified_by_class,28,cross_rpm,cnn,vib_current,43,,vib_current,corrected_input_length_sensitivity,sensitivity12800,12800.0
formal_dl_cnn_vib_current_cross_rpm_sensitivity12800_seed43_predictions.csv,source_mean_probability,worst_class_recall,0.75,0.6556527777777779,0.25,1.0,2000,source_recording_stratified_by_class,28,cross_rpm,cnn,vib_current,43,,vib_current,corrected_input_length_sensitivity,sensitivity12800,12800.0
formal_dl_cnn_vib_current_cross_rpm_sensitivity12800_seed43_predictions.csv,source_majority_vote,accuracy,0.8928571428571429,0.8919107142857142,0.7857142857142857,1.0,2000,source_recording_stratified_by_class,28,cross_rpm,cnn,vib_current,43,,vib_current,corrected_input_length_sensitivity,sensitivity12800,12800.0
formal_dl_cnn_vib_current_cross_rpm_sensitivity12800_seed43_predictions.csv,source_majority_vote,macro_f1,0.8870798319327732,0.881038491622112,0.7308069381598793,1.0,2000,source_recording_stratified_by_class,28,cross_rpm,cnn,vib_current,43,,vib_current,corrected_input_length_sensitivity,sensitivity12800,12800.0
formal_dl_cnn_vib_current_cross_rpm_sensitivity12800_seed43_predictions.csv,source_majority_vote,worst_class_recall,0.75,0.6556527777777779,0.25,1.0,2000,source_recording_stratified_by_class,28,cross_rpm,cnn,vib_current,43,,vib_current,corrected_input_length_sensitivity,sensitivity12800,12800.0
formal_dl_cnn_vib_current_cross_rpm_sensitivity12800_seed43_predictions.csv,window_clustered,accuracy,0.7769353551476457,0.7752257581803671,0.6843375897845171,0.859537110933759,2000,source_recording_stratified_by_class,28,cross_rpm,cnn,vib_current,43,,vib_current,corrected_input_length_sensitivity,sensitivity12800,12800.0
formal_dl_cnn_vib_current_cross_rpm_sensitivity12800_seed43_predictions.csv,window_clustered,macro_f1,0.7760293857928616,0.7732264169357047,0.6860222172598672,0.856473309830813,2000,source_recording_stratified_by_class,28,cross_rpm,cnn,vib_current,43,,vib_current,corrected_input_length_sensitivity,sensitivity12800,12800.0
formal_dl_cnn_vib_current_cross_rpm_sensitivity12800_seed43_predictions.csv,window_clustered,worst_class_recall,0.6312849162011173,0.594873099006828,0.4315642458100558,0.736824953445065,2000,source_recording_stratified_by_class,28,cross_rpm,cnn,vib_current,43,,vib_current,corrected_input_length_sensitivity,sensitivity12800,12800.0
formal_dl_cnn_vib_current_cross_rpm_sensitivity12800_seed44_predictions.csv,source_mean_probability,accuracy,0.75,0.7500357142857144,0.6071428571428571,0.8928571428571429,2000,source_recording_stratified_by_class,28,cross_rpm,cnn,vib_current,44,,vib_current,corrected_input_length_sensitivity,sensitivity12800,12800.0
formal_dl_cnn_vib_current_cross_rpm_sensitivity12800_seed44_predictions.csv,source_mean_probability,macro_f1,0.6900928792569659,0.6774815287709366,0.4911477411477412,0.857516339869281,2000,source_recording_stratified_by_class,28,cross_rpm,cnn,vib_current,44,,vib_current,corrected_input_length_sensitivity,sensitivity12800,12800.0
formal_dl_cnn_vib_current_cross_rpm_sensitivity12800_seed44_predictions.csv,source_mean_probability,worst_class_recall,0.25,0.2403819444444444,0.0,0.6666666666666666,2000,source_recording_stratified_by_class,28,cross_rpm,cnn,vib_current,44,,vib_current,corrected_input_length_sensitivity,sensitivity12800,12800.0
formal_dl_cnn_vib_current_cross_rpm_sensitivity12800_seed44_predictions.csv,source_majority_vote,accuracy,0.75,0.7500357142857144,0.6071428571428571,0.8928571428571429,2000,source_recording_stratified_by_class,28,cross_rpm,cnn,vib_current,44,,vib_current,corrected_input_length_sensitivity,sensitivity12800,12800.0
formal_dl_cnn_vib_current_cross_rpm_sensitivity12800_seed44_predictions.csv,source_majority_vote,macro_f1,0.6900928792569659,0.6774815287709366,0.4911477411477412,0.857516339869281,2000,source_recording_stratified_by_class,28,cross_rpm,cnn,vib_current,44,,vib_current,corrected_input_length_sensitivity,sensitivity12800,12800.0
formal_dl_cnn_vib_current_cross_rpm_sensitivity12800_seed44_predictions.csv,source_majority_vote,worst_class_recall,0.25,0.2403819444444444,0.0,0.6666666666666666,2000,source_recording_stratified_by_class,28,cross_rpm,cnn,vib_current,44,,vib_current,corrected_input_length_sensitivity,sensitivity12800,12800.0
formal_dl_cnn_vib_current_cross_rpm_sensitivity12800_seed44_predictions.csv,window_clustered,accuracy,0.7011173184357542,0.7001140263367918,0.607137869114126,0.7909118116520351,2000,source_recording_stratified_by_class,28,cross_rpm,cnn,vib_current,44,,vib_current,corrected_input_length_sensitivity,sensitivity12800,12800.0
formal_dl_cnn_vib_current_cross_rpm_sensitivity12800_seed44_predictions.csv,window_clustered,macro_f1,0.6603567851829474,0.6565729234804112,0.5532254733704581,0.760412005326084,2000,source_recording_stratified_by_class,28,cross_rpm,cnn,vib_current,44,,vib_current,corrected_input_length_sensitivity,sensitivity12800,12800.0
formal_dl_cnn_vib_current_cross_rpm_sensitivity12800_seed44_predictions.csv,window_clustered,worst_class_recall,0.3128491620111732,0.3082927529484792,0.1689944134078212,0.5544692737430168,2000,source_recording_stratified_by_class,28,cross_rpm,cnn,vib_current,44,,vib_current,corrected_input_length_sensitivity,sensitivity12800,12800.0
formal_dl_cnn_vib_current_cross_rpm_sensitivity8192_seed42_predictions.csv,source_mean_probability,accuracy,0.5357142857142857,0.5375357142857142,0.3928571428571428,0.6785714285714286,2000,source_recording_stratified_by_class,28,cross_rpm,cnn,vib_current,42,,vib_current,corrected_input_length_sensitivity,sensitivity8192,8192.0
formal_dl_cnn_vib_current_cross_rpm_sensitivity8192_seed42_predictions.csv,source_mean_probability,macro_f1,0.4367032967032968,0.4323510396223692,0.2928321678321678,0.5564123376623377,2000,source_recording_stratified_by_class,28,cross_rpm,cnn,vib_current,42,,vib_current,corrected_input_length_sensitivity,sensitivity8192,8192.0
formal_dl_cnn_vib_current_cross_rpm_sensitivity8192_seed42_predictions.csv,source_mean_probability,worst_class_recall,0.0,0.0,0.0,0.0,2000,source_recording_stratified_by_class,28,cross_rpm,cnn,vib_current,42,,vib_current,corrected_input_length_sensitivity,sensitivity8192,8192.0
formal_dl_cnn_vib_current_cross_rpm_sensitivity8192_seed42_predictions.csv,source_majority_vote,accuracy,0.5357142857142857,0.5375357142857142,0.3928571428571428,0.6785714285714286,2000,source_recording_stratified_by_class,28,cross_rpm,cnn,vib_current,42,,vib_current,corrected_input_length_sensitivity,sensitivity8192,8192.0
formal_dl_cnn_vib_current_cross_rpm_sensitivity8192_seed42_predictions.csv,source_majority_vote,macro_f1,0.4367032967032968,0.4323510396223692,0.2928321678321678,0.5564123376623377,2000,source_recording_stratified_by_class,28,cross_rpm,cnn,vib_current,42,,vib_current,corrected_input_length_sensitivity,sensitivity8192,8192.0
formal_dl_cnn_vib_current_cross_rpm_sensitivity8192_seed42_predictions.csv,source_majority_vote,worst_class_recall,0.0,0.0,0.0,0.0,2000,source_recording_stratified_by_class,28,cross_rpm,cnn,vib_current,42,,vib_current,corrected_input_length_sensitivity,sensitivity8192,8192.0
formal_dl_cnn_vib_current_cross_rpm_sensitivity8192_seed42_predictions.csv,window_clustered,accuracy,0.5393056664006385,0.5397143854748604,0.4555017956903431,0.6284916201117319,2000,source_recording_stratified_by_class,28,cross_rpm,cnn,vib_current,42,,vib_current,corrected_input_length_sensitivity,sensitivity8192,8192.0
formal_dl_cnn_vib_current_cross_rpm_sensitivity8192_seed42_predictions.csv,window_clustered,macro_f1,0.488712464970363,0.486736323063343,0.4026445957034276,0.5710789230689097,2000,source_recording_stratified_by_class,28,cross_rpm,cnn,vib_current,42,,vib_current,corrected_input_length_sensitivity,sensitivity8192,8192.0
formal_dl_cnn_vib_current_cross_rpm_sensitivity8192_seed42_predictions.csv,window_clustered,worst_class_recall,0.1620111731843575,0.1617617163252638,0.1117318435754189,0.2122905027932961,2000,source_recording_stratified_by_class,28,cross_rpm,cnn,vib_current,42,,vib_current,corrected_input_length_sensitivity,sensitivity8192,8192.0
formal_dl_cnn_vib_current_cross_rpm_sensitivity8192_seed43_predictions.csv,source_mean_probability,accuracy,0.8928571428571429,0.8909107142857143,0.7857142857142857,1.0,2000,source_recording_stratified_by_class,28,cross_rpm,cnn,vib_current,43,,vib_current,corrected_input_length_sensitivity,sensitivity8192,8192.0
formal_dl_cnn_vib_current_cross_rpm_sensitivity8192_seed43_predictions.csv,source_mean_probability,macro_f1,0.888795518207283,0.8824725605373728,0.7528379772961816,1.0,2000,source_recording_stratified_by_class,28,cross_rpm,cnn,vib_current,43,,vib_current,corrected_input_length_sensitivity,sensitivity8192,8192.0
formal_dl_cnn_vib_current_cross_rpm_sensitivity8192_seed43_predictions.csv,source_mean_probability,worst_class_recall,0.75,0.6578055555555555,0.25,1.0,2000,source_recording_stratified_by_class,28,cross_rpm,cnn,vib_current,43,,vib_current,corrected_input_length_sensitivity,sensitivity8192,8192.0
formal_dl_cnn_vib_current_cross_rpm_sensitivity8192_seed43_predictions.csv,source_majority_vote,accuracy,0.8928571428571429,0.8909107142857143,0.7857142857142857,1.0,2000,source_recording_stratified_by_class,28,cross_rpm,cnn,vib_current,43,,vib_current,corrected_input_length_sensitivity,sensitivity8192,8192.0
formal_dl_cnn_vib_current_cross_rpm_sensitivity8192_seed43_predictions.csv,source_majority_vote,macro_f1,0.8885912698412699,0.8820436354317281,0.7480263157894738,1.0,2000,source_recording_stratified_by_class,28,cross_rpm,cnn,vib_current,43,,vib_current,corrected_input_length_sensitivity,sensitivity8192,8192.0
formal_dl_cnn_vib_current_cross_rpm_sensitivity8192_seed43_predictions.csv,source_majority_vote,worst_class_recall,0.75,0.6578055555555555,0.25,1.0,2000,source_recording_stratified_by_class,28,cross_rpm,cnn,vib_current,43,,vib_current,corrected_input_length_sensitivity,sensitivity8192,8192.0
formal_dl_cnn_vib_current_cross_rpm_sensitivity8192_seed43_predictions.csv,window_clustered,accuracy,0.7691540303272146,0.7674565043894652,0.6825418994413407,0.8497605746209098,2000,source_recording_stratified_by_class,28,cross_rpm,cnn,vib_current,43,,vib_current,corrected_input_length_sensitivity,sensitivity8192,8192.0
formal_dl_cnn_vib_current_cross_rpm_sensitivity8192_seed43_predictions.csv,window_clustered,macro_f1,0.7590633046676608,0.7564967236104279,0.6716333688529894,0.8359075293202899,2000,source_recording_stratified_by_class,28,cross_rpm,cnn,vib_current,43,,vib_current,corrected_input_length_sensitivity,sensitivity8192,8192.0
formal_dl_cnn_vib_current_cross_rpm_sensitivity8192_seed43_predictions.csv,window_clustered,worst_class_recall,0.5502793296089385,0.5363472998137802,0.3659217877094972,0.6843575418994413,2000,source_recording_stratified_by_class,28,cross_rpm,cnn,vib_current,43,,vib_current,corrected_input_length_sensitivity,sensitivity8192,8192.0
formal_dl_cnn_vib_current_cross_rpm_sensitivity8192_seed44_predictions.csv,source_mean_probability,accuracy,0.8214285714285714,0.8211607142857144,0.6785714285714286,0.9285714285714286,2000,source_recording_stratified_by_class,28,cross_rpm,cnn,vib_current,44,,vib_current,corrected_input_length_sensitivity,sensitivity8192,8192.0
formal_dl_cnn_vib_current_cross_rpm_sensitivity8192_seed44_predictions.csv,source_mean_probability,macro_f1,0.8444444444444444,0.8418177228845418,0.7133621312897629,0.9375,2000,source_recording_stratified_by_class,28,cross_rpm,cnn,vib_current,44,,vib_current,corrected_input_length_sensitivity,sensitivity8192,8192.0
formal_dl_cnn_vib_current_cross_rpm_sensitivity8192_seed44_predictions.csv,source_mean_probability,worst_class_recall,0.6666666666666666,0.6129097222222222,0.3333333333333333,0.875,2000,source_recording_stratified_by_class,28,cross_rpm,cnn,vib_current,44,,vib_current,corrected_input_length_sensitivity,sensitivity8192,8192.0
formal_dl_cnn_vib_current_cross_rpm_sensitivity8192_seed44_predictions.csv,source_majority_vote,accuracy,0.8214285714285714,0.8211607142857144,0.6785714285714286,0.9285714285714286,2000,source_recording_stratified_by_class,28,cross_rpm,cnn,vib_current,44,,vib_current,corrected_input_length_sensitivity,sensitivity8192,8192.0
formal_dl_cnn_vib_current_cross_rpm_sensitivity8192_seed44_predictions.csv,source_majority_vote,macro_f1,0.8444444444444444,0.8418177228845418,0.7133621312897629,0.9375,2000,source_recording_stratified_by_class,28,cross_rpm,cnn,vib_current,44,,vib_current,corrected_input_length_sensitivity,sensitivity8192,8192.0
formal_dl_cnn_vib_current_cross_rpm_sensitivity8192_seed44_predictions.csv,source_majority_vote,worst_class_recall,0.6666666666666666,0.6129097222222222,0.3333333333333333,0.875,2000,source_recording_stratified_by_class,28,cross_rpm,cnn,vib_current,44,,vib_current,corrected_input_length_sensitivity,sensitivity8192,8192.0
formal_dl_cnn_vib_current_cross_rpm_sensitivity8192_seed44_predictions.csv,window_clustered,accuracy,0.7270550678371908,0.7264617916999202,0.6352703511572226,0.8134527134876297,2000,source_recording_stratified_by_class,28,cross_rpm,cnn,vib_current,44,,vib_current,corrected_input_length_sensitivity,sensitivity8192,8192.0
formal_dl_cnn_vib_current_cross_rpm_sensitivity8192_seed44_predictions.csv,window_clustered,macro_f1,0.7453303556321982,0.7436427831819096,0.6550050915872454,0.8245565746317836,2000,source_recording_stratified_by_class,28,cross_rpm,cnn,vib_current,44,,vib_current,corrected_input_length_sensitivity,sensitivity8192,8192.0
formal_dl_cnn_vib_current_cross_rpm_sensitivity8192_seed44_predictions.csv,window_clustered,worst_class_recall,0.5685909373060211,0.5423735645561762,0.3376784605834885,0.7067039106145251,2000,source_recording_stratified_by_class,28,cross_rpm,cnn,vib_current,44,,vib_current,corrected_input_length_sensitivity,sensitivity8192,8192.0
formal_dl_cnn_vib_current_source_file_length8192_seed42_predictions.csv,source_mean_probability,accuracy,0.8333333333333334,0.8353333333333334,0.6666666666666666,1.0,2000,source_recording_stratified_by_class,12,source_file,cnn,vib_current,42,,vib_current,corrected_formal_train_only_zscore,length8192,8192.0
formal_dl_cnn_vib_current_source_file_length8192_seed42_predictions.csv,source_mean_probability,macro_f1,0.8541666666666666,0.8493282738095238,0.65,1.0,2000,source_recording_stratified_by_class,12,source_file,cnn,vib_current,42,,vib_current,corrected_formal_train_only_zscore,length8192,8192.0
formal_dl_cnn_vib_current_source_file_length8192_seed42_predictions.csv,source_mean_probability,worst_class_recall,0.5,0.506,0.0,1.0,2000,source_recording_stratified_by_class,12,source_file,cnn,vib_current,42,,vib_current,corrected_formal_train_only_zscore,length8192,8192.0
formal_dl_cnn_vib_current_source_file_length8192_seed42_predictions.csv,source_majority_vote,accuracy,0.8333333333333334,0.8353333333333334,0.6666666666666666,1.0,2000,source_recording_stratified_by_class,12,source_file,cnn,vib_current,42,,vib_current,corrected_formal_train_only_zscore,length8192,8192.0
formal_dl_cnn_vib_current_source_file_length8192_seed42_predictions.csv,source_majority_vote,macro_f1,0.8541666666666666,0.8493282738095238,0.65,1.0,2000,source_recording_stratified_by_class,12,source_file,cnn,vib_current,42,,vib_current,corrected_formal_train_only_zscore,length8192,8192.0
formal_dl_cnn_vib_current_source_file_length8192_seed42_predictions.csv,source_majority_vote,worst_class_recall,0.5,0.506,0.0,1.0,2000,source_recording_stratified_by_class,12,source_file,cnn,vib_current,42,,vib_current,corrected_formal_train_only_zscore,length8192,8192.0
formal_dl_cnn_vib_current_source_file_length8192_seed42_predictions.csv,window_clustered,accuracy,0.8049348230912476,0.8048279795158287,0.6401303538175046,0.9590316573556796,2000,source_recording_stratified_by_class,12,source_file,cnn,vib_current,42,,vib_current,corrected_formal_train_only_zscore,length8192,8192.0
formal_dl_cnn_vib_current_source_file_length8192_seed42_predictions.csv,window_clustered,macro_f1,0.8235303863444733,0.8174251699889362,0.6437408706592672,0.9534452711796506,2000,source_recording_stratified_by_class,12,source_file,cnn,vib_current,42,,vib_current,corrected_formal_train_only_zscore,length8192,8192.0
formal_dl_cnn_vib_current_source_file_length8192_seed42_predictions.csv,window_clustered,worst_class_recall,0.5460893854748603,0.5321787709497208,0.0921787709497206,0.851024208566108,2000,source_recording_stratified_by_class,12,source_file,cnn,vib_current,42,,vib_current,corrected_formal_train_only_zscore,length8192,8192.0
formal_dl_cnn_vib_current_source_file_length8192_seed43_predictions.csv,source_mean_probability,accuracy,0.8333333333333334,0.831375,0.6666666666666666,1.0,2000,source_recording_stratified_by_class,12,source_file,cnn,vib_current,43,,vib_current,corrected_formal_train_only_zscore,length8192,8192.0
formal_dl_cnn_vib_current_source_file_length8192_seed43_predictions.csv,source_mean_probability,macro_f1,0.8541666666666666,0.8455306547619048,0.65,1.0,2000,source_recording_stratified_by_class,12,source_file,cnn,vib_current,43,,vib_current,corrected_formal_train_only_zscore,length8192,8192.0
formal_dl_cnn_vib_current_source_file_length8192_seed43_predictions.csv,source_mean_probability,worst_class_recall,0.5,0.494125,0.0,1.0,2000,source_recording_stratified_by_class,12,source_file,cnn,vib_current,43,,vib_current,corrected_formal_train_only_zscore,length8192,8192.0
formal_dl_cnn_vib_current_source_file_length8192_seed43_predictions.csv,source_majority_vote,accuracy,0.9166666666666666,0.9149166666666666,0.75,1.0,2000,source_recording_stratified_by_class,12,source_file,cnn,vib_current,43,,vib_current,corrected_formal_train_only_zscore,length8192,8192.0
formal_dl_cnn_vib_current_source_file_length8192_seed43_predictions.csv,source_majority_vote,macro_f1,0.9285714285714286,0.9253419642857144,0.7666666666666666,1.0,2000,source_recording_stratified_by_class,12,source_file,cnn,vib_current,43,,vib_current,corrected_formal_train_only_zscore,length8192,8192.0
formal_dl_cnn_vib_current_source_file_length8192_seed43_predictions.csv,source_majority_vote,worst_class_recall,0.75,0.74475,0.25,1.0,2000,source_recording_stratified_by_class,12,source_file,cnn,vib_current,43,,vib_current,corrected_formal_train_only_zscore,length8192,8192.0
formal_dl_cnn_vib_current_source_file_length8192_seed43_predictions.csv,window_clustered,accuracy,0.86731843575419,0.8655088454376164,0.7295158286778398,0.984171322160149,2000,source_recording_stratified_by_class,12,source_file,cnn,vib_current,43,,vib_current,corrected_formal_train_only_zscore,length8192,8192.0
formal_dl_cnn_vib_current_source_file_length8192_seed43_predictions.csv,window_clustered,macro_f1,0.8805028871647165,0.8763269954867251,0.7431954162758678,0.9811232602752952,2000,source_recording_stratified_by_class,12,source_file,cnn,vib_current,43,,vib_current,corrected_formal_train_only_zscore,length8192,8192.0
formal_dl_cnn_vib_current_source_file_length8192_seed43_predictions.csv,window_clustered,worst_class_recall,0.6494413407821229,0.6404594972067039,0.25,0.936685288640596,2000,source_recording_stratified_by_class,12,source_file,cnn,vib_current,43,,vib_current,corrected_formal_train_only_zscore,length8192,8192.0
formal_dl_cnn_vib_current_source_file_length8192_seed44_predictions.csv,source_mean_probability,accuracy,0.8333333333333334,0.8317083333333333,0.6666666666666666,1.0,2000,source_recording_stratified_by_class,12,source_file,cnn,vib_current,44,,vib_current,corrected_formal_train_only_zscore,length8192,8192.0
formal_dl_cnn_vib_current_source_file_length8192_seed44_predictions.csv,source_mean_probability,macro_f1,0.8541666666666666,0.8460669642857143,0.65,1.0,2000,source_recording_stratified_by_class,12,source_file,cnn,vib_current,44,,vib_current,corrected_formal_train_only_zscore,length8192,8192.0
formal_dl_cnn_vib_current_source_file_length8192_seed44_predictions.csv,source_mean_probability,worst_class_recall,0.5,0.495125,0.0,1.0,2000,source_recording_stratified_by_class,12,source_file,cnn,vib_current,44,,vib_current,corrected_formal_train_only_zscore,length8192,8192.0
formal_dl_cnn_vib_current_source_file_length8192_seed44_predictions.csv,source_majority_vote,accuracy,0.8333333333333334,0.8317083333333333,0.6666666666666666,1.0,2000,source_recording_stratified_by_class,12,source_file,cnn,vib_current,44,,vib_current,corrected_formal_train_only_zscore,length8192,8192.0
formal_dl_cnn_vib_current_source_file_length8192_seed44_predictions.csv,source_majority_vote,macro_f1,0.8541666666666666,0.8460669642857143,0.65,1.0,2000,source_recording_stratified_by_class,12,source_file,cnn,vib_current,44,,vib_current,corrected_formal_train_only_zscore,length8192,8192.0
formal_dl_cnn_vib_current_source_file_length8192_seed44_predictions.csv,source_majority_vote,worst_class_recall,0.5,0.495125,0.0,1.0,2000,source_recording_stratified_by_class,12,source_file,cnn,vib_current,44,,vib_current,corrected_formal_train_only_zscore,length8192,8192.0
formal_dl_cnn_vib_current_source_file_length8192_seed44_predictions.csv,window_clustered,accuracy,0.8356610800744879,0.8340966014897578,0.6810870577281192,0.9902234636871508,2000,source_recording_stratified_by_class,12,source_file,cnn,vib_current,44,,vib_current,corrected_formal_train_only_zscore,length8192,8192.0
formal_dl_cnn_vib_current_source_file_length8192_seed44_predictions.csv,window_clustered,macro_f1,0.8563738495896464,0.849922968932309,0.6804023980560356,0.9894615388518492,2000,source_recording_stratified_by_class,12,source_file,cnn,vib_current,44,,vib_current,corrected_formal_train_only_zscore,length8192,8192.0
formal_dl_cnn_vib_current_source_file_length8192_seed44_predictions.csv,window_clustered,worst_class_recall,0.5349162011173184,0.5286254655493483,0.0726256983240223,0.968342644320298,2000,source_recording_stratified_by_class,12,source_file,cnn,vib_current,44,,vib_current,corrected_formal_train_only_zscore,length8192,8192.0
formal_dl_tcn_vib_current_cross_condition_length8192_seed42_predictions.csv,source_mean_probability,accuracy,0.9523809523809524,0.9532976190476192,0.8809523809523809,1.0,2000,source_recording_stratified_by_class,42,cross_condition,tcn,vib_current,42,,vib_current,corrected_formal_train_only_zscore,length8192,8192.0
formal_dl_tcn_vib_current_cross_condition_length8192_seed42_predictions.csv,source_mean_probability,macro_f1,0.9582971014492754,0.9588892014814157,0.895054945054945,1.0,2000,source_recording_stratified_by_class,42,cross_condition,tcn,vib_current,42,,vib_current,corrected_formal_train_only_zscore,length8192,8192.0
formal_dl_tcn_vib_current_cross_condition_length8192_seed42_predictions.csv,source_mean_probability,worst_class_recall,0.9166666666666666,0.8770833333333333,0.6666666666666666,1.0,2000,source_recording_stratified_by_class,42,cross_condition,tcn,vib_current,42,,vib_current,corrected_formal_train_only_zscore,length8192,8192.0
formal_dl_tcn_vib_current_cross_condition_length8192_seed42_predictions.csv,source_majority_vote,accuracy,0.9523809523809524,0.9532976190476192,0.8809523809523809,1.0,2000,source_recording_stratified_by_class,42,cross_condition,tcn,vib_current,42,,vib_current,corrected_formal_train_only_zscore,length8192,8192.0
formal_dl_tcn_vib_current_cross_condition_length8192_seed42_predictions.csv,source_majority_vote,macro_f1,0.9582971014492754,0.9588892014814157,0.895054945054945,1.0,2000,source_recording_stratified_by_class,42,cross_condition,tcn,vib_current,42,,vib_current,corrected_formal_train_only_zscore,length8192,8192.0
formal_dl_tcn_vib_current_cross_condition_length8192_seed42_predictions.csv,source_majority_vote,worst_class_recall,0.9166666666666666,0.8770833333333333,0.6666666666666666,1.0,2000,source_recording_stratified_by_class,42,cross_condition,tcn,vib_current,42,,vib_current,corrected_formal_train_only_zscore,length8192,8192.0
formal_dl_tcn_vib_current_cross_condition_length8192_seed42_predictions.csv,window_clustered,accuracy,0.9485235434956104,0.9493967145517423,0.8770949720670391,0.9981378026070764,2000,source_recording_stratified_by_class,42,cross_condition,tcn,vib_current,42,,vib_current,corrected_formal_train_only_zscore,length8192,8192.0
formal_dl_tcn_vib_current_cross_condition_length8192_seed42_predictions.csv,window_clustered,macro_f1,0.954846317679672,0.9553967513026752,0.891500326389745,0.9983705599764188,2000,source_recording_stratified_by_class,42,cross_condition,tcn,vib_current,42,,vib_current,corrected_formal_train_only_zscore,length8192,8192.0
formal_dl_tcn_vib_current_cross_condition_length8192_seed42_predictions.csv,window_clustered,worst_class_recall,0.909683426443203,0.8692637337057729,0.6666666666666666,0.9934823091247672,2000,source_recording_stratified_by_class,42,cross_condition,tcn,vib_current,42,,vib_current,corrected_formal_train_only_zscore,length8192,8192.0
formal_dl_tcn_vib_current_cross_condition_length8192_seed43_predictions.csv,source_mean_probability,accuracy,0.9523809523809524,0.9527857142857143,0.8809523809523809,1.0,2000,source_recording_stratified_by_class,42,cross_condition,tcn,vib_current,43,,vib_current,corrected_formal_train_only_zscore,length8192,8192.0
formal_dl_tcn_vib_current_cross_condition_length8192_seed43_predictions.csv,source_mean_probability,macro_f1,0.9582971014492754,0.9584231565370118,0.8938923395445134,1.0,2000,source_recording_stratified_by_class,42,cross_condition,tcn,vib_current,43,,vib_current,corrected_formal_train_only_zscore,length8192,8192.0
formal_dl_tcn_vib_current_cross_condition_length8192_seed43_predictions.csv,source_mean_probability,worst_class_recall,0.9166666666666666,0.8757916666666666,0.6666666666666666,1.0,2000,source_recording_stratified_by_class,42,cross_condition,tcn,vib_current,43,,vib_current,corrected_formal_train_only_zscore,length8192,8192.0
formal_dl_tcn_vib_current_cross_condition_length8192_seed43_predictions.csv,source_majority_vote,accuracy,0.9523809523809524,0.9527857142857143,0.8809523809523809,1.0,2000,source_recording_stratified_by_class,42,cross_condition,tcn,vib_current,43,,vib_current,corrected_formal_train_only_zscore,length8192,8192.0
formal_dl_tcn_vib_current_cross_condition_length8192_seed43_predictions.csv,source_majority_vote,macro_f1,0.9582971014492754,0.9584231565370118,0.8938923395445134,1.0,2000,source_recording_stratified_by_class,42,cross_condition,tcn,vib_current,43,,vib_current,corrected_formal_train_only_zscore,length8192,8192.0
formal_dl_tcn_vib_current_cross_condition_length8192_seed43_predictions.csv,source_majority_vote,worst_class_recall,0.9166666666666666,0.8757916666666666,0.6666666666666666,1.0,2000,source_recording_stratified_by_class,42,cross_condition,tcn,vib_current,43,,vib_current,corrected_formal_train_only_zscore,length8192,8192.0
formal_dl_tcn_vib_current_cross_condition_length8192_seed43_predictions.csv,window_clustered,accuracy,0.937217345038574,0.9377121574886936,0.8655227454110136,0.9957435488161746,2000,source_recording_stratified_by_class,42,cross_condition,tcn,vib_current,43,,vib_current,corrected_formal_train_only_zscore,length8192,8192.0
formal_dl_tcn_vib_current_cross_condition_length8192_seed43_predictions.csv,window_clustered,macro_f1,0.9429265137620978,0.9431730397681948,0.8767532555192874,0.9944940531309144,2000,source_recording_stratified_by_class,42,cross_condition,tcn,vib_current,43,,vib_current,corrected_formal_train_only_zscore,length8192,8192.0
formal_dl_tcn_vib_current_cross_condition_length8192_seed43_predictions.csv,window_clustered,worst_class_recall,0.8784916201117319,0.8487255586592177,0.6666666666666666,0.9720670391061452,2000,source_recording_stratified_by_class,42,cross_condition,tcn,vib_current,43,,vib_current,corrected_formal_train_only_zscore,length8192,8192.0
formal_dl_tcn_vib_current_cross_condition_length8192_seed44_predictions.csv,source_mean_probability,accuracy,0.9285714285714286,0.9302857142857144,0.8571428571428571,1.0,2000,source_recording_stratified_by_class,42,cross_condition,tcn,vib_current,44,,vib_current,corrected_formal_train_only_zscore,length8192,8192.0
formal_dl_tcn_vib_current_cross_condition_length8192_seed44_predictions.csv,source_mean_probability,macro_f1,0.9365579710144928,0.9377854719505736,0.8672222222222222,1.0,2000,source_recording_stratified_by_class,42,cross_condition,tcn,vib_current,44,,vib_current,corrected_formal_train_only_zscore,length8192,8192.0
formal_dl_tcn_vib_current_cross_condition_length8192_seed44_predictions.csv,source_mean_probability,worst_class_recall,0.8333333333333334,0.816875,0.5833333333333334,1.0,2000,source_recording_stratified_by_class,42,cross_condition,tcn,vib_current,44,,vib_current,corrected_formal_train_only_zscore,length8192,8192.0
formal_dl_tcn_vib_current_cross_condition_length8192_seed44_predictions.csv,source_majority_vote,accuracy,0.9285714285714286,0.9302857142857144,0.8571428571428571,1.0,2000,source_recording_stratified_by_class,42,cross_condition,tcn,vib_current,44,,vib_current,corrected_formal_train_only_zscore,length8192,8192.0
formal_dl_tcn_vib_current_cross_condition_length8192_seed44_predictions.csv,source_majority_vote,macro_f1,0.9365579710144928,0.9377854719505736,0.8672222222222222,1.0,2000,source_recording_stratified_by_class,42,cross_condition,tcn,vib_current,44,,vib_current,corrected_formal_train_only_zscore,length8192,8192.0
formal_dl_tcn_vib_current_cross_condition_length8192_seed44_predictions.csv,source_majority_vote,worst_class_recall,0.8333333333333334,0.816875,0.5833333333333334,1.0,2000,source_recording_stratified_by_class,42,cross_condition,tcn,vib_current,44,,vib_current,corrected_formal_train_only_zscore,length8192,8192.0
formal_dl_tcn_vib_current_cross_condition_length8192_seed44_predictions.csv,window_clustered,accuracy,0.9265762170790104,0.9281167198723064,0.8589751263633946,0.9860434956105346,2000,source_recording_stratified_by_class,42,cross_condition,tcn,vib_current,44,,vib_current,corrected_formal_train_only_zscore,length8192,8192.0
formal_dl_tcn_vib_current_cross_condition_length8192_seed44_predictions.csv,window_clustered,macro_f1,0.9317719281734596,0.9328061646803404,0.8670002560256782,0.9844737178606768,2000,source_recording_stratified_by_class,42,cross_condition,tcn,vib_current,44,,vib_current,corrected_formal_train_only_zscore,length8192,8192.0
formal_dl_tcn_vib_current_cross_condition_length8192_seed44_predictions.csv,window_clustered,worst_class_recall,0.8365921787709497,0.8235467877094973,0.6131284916201117,0.9487895716945997,2000,source_recording_stratified_by_class,42,cross_condition,tcn,vib_current,44,,vib_current,corrected_formal_train_only_zscore,length8192,8192.0
formal_dl_tcn_vib_current_cross_load_length8192_seed42_predictions.csv,source_mean_probability,accuracy,0.7857142857142857,0.786154761904762,0.6904761904761905,0.8809523809523809,2000,source_recording_stratified_by_class,42,cross_load,tcn,vib_current,42,,vib_current,corrected_formal_train_only_zscore,length8192,8192.0
formal_dl_tcn_vib_current_cross_load_length8192_seed42_predictions.csv,source_mean_probability,macro_f1,0.767188693659282,0.7643119795078324,0.6525919732441472,0.8656010230179028,2000,source_recording_stratified_by_class,42,cross_load,tcn,vib_current,42,,vib_current,corrected_formal_train_only_zscore,length8192,8192.0
formal_dl_tcn_vib_current_cross_load_length8192_seed42_predictions.csv,source_mean_probability,worst_class_recall,0.4166666666666667,0.4155,0.1666666666666666,0.6666666666666666,2000,source_recording_stratified_by_class,42,cross_load,tcn,vib_current,42,,vib_current,corrected_formal_train_only_zscore,length8192,8192.0
formal_dl_tcn_vib_current_cross_load_length8192_seed42_predictions.csv,source_majority_vote,accuracy,0.7619047619047619,0.7621428571428571,0.6666666666666666,0.8571428571428571,2000,source_recording_stratified_by_class,42,cross_load,tcn,vib_current,42,,vib_current,corrected_formal_train_only_zscore,length8192,8192.0
formal_dl_tcn_vib_current_cross_load_length8192_seed42_predictions.csv,source_majority_vote,macro_f1,0.7386363636363636,0.7348085475288467,0.6181318681318682,0.8400076277650648,2000,source_recording_stratified_by_class,42,cross_load,tcn,vib_current,42,,vib_current,corrected_formal_train_only_zscore,length8192,8192.0
formal_dl_tcn_vib_current_cross_load_length8192_seed42_predictions.csv,source_majority_vote,worst_class_recall,0.3333333333333333,0.3317083333333333,0.0833333333333333,0.5833333333333334,2000,source_recording_stratified_by_class,42,cross_load,tcn,vib_current,42,,vib_current,corrected_formal_train_only_zscore,length8192,8192.0
formal_dl_tcn_vib_current_cross_load_length8192_seed42_predictions.csv,window_clustered,accuracy,0.7839851024208566,0.7843458366586858,0.7182528598031391,0.8520949720670391,2000,source_recording_stratified_by_class,42,cross_load,tcn,vib_current,42,,vib_current,corrected_formal_train_only_zscore,length8192,8192.0
formal_dl_tcn_vib_current_cross_load_length8192_seed42_predictions.csv,window_clustered,macro_f1,0.7609040814383774,0.759844699203432,0.6813654014304652,0.8360188480321195,2000,source_recording_stratified_by_class,42,cross_load,tcn,vib_current,42,,vib_current,corrected_formal_train_only_zscore,length8192,8192.0
formal_dl_tcn_vib_current_cross_load_length8192_seed42_predictions.csv,window_clustered,worst_class_recall,0.3924581005586592,0.3931422253258845,0.1871508379888268,0.5954841713221599,2000,source_recording_stratified_by_class,42,cross_load,tcn,vib_current,42,,vib_current,corrected_formal_train_only_zscore,length8192,8192.0
formal_dl_tcn_vib_current_cross_load_length8192_seed43_predictions.csv,source_mean_probability,accuracy,0.6666666666666666,0.6651309523809523,0.5476190476190477,0.7857142857142857,2000,source_recording_stratified_by_class,42,cross_load,tcn,vib_current,43,,vib_current,corrected_formal_train_only_zscore,length8192,8192.0
formal_dl_tcn_vib_current_cross_load_length8192_seed43_predictions.csv,source_mean_probability,macro_f1,0.6491666666666667,0.6430027733524999,0.5170743634291877,0.7576289785729142,2000,source_recording_stratified_by_class,42,cross_load,tcn,vib_current,43,,vib_current,corrected_formal_train_only_zscore,length8192,8192.0
formal_dl_tcn_vib_current_cross_load_length8192_seed43_predictions.csv,source_mean_probability,worst_class_recall,0.25,0.2473333333333333,0.0,0.5,2000,source_recording_stratified_by_class,42,cross_load,tcn,vib_current,43,,vib_current,corrected_formal_train_only_zscore,length8192,8192.0
formal_dl_tcn_vib_current_cross_load_length8192_seed43_predictions.csv,source_majority_vote,accuracy,0.6666666666666666,0.6659404761904761,0.5476190476190477,0.7619047619047619,2000,source_recording_stratified_by_class,42,cross_load,tcn,vib_current,43,,vib_current,corrected_formal_train_only_zscore,length8192,8192.0
formal_dl_tcn_vib_current_cross_load_length8192_seed43_predictions.csv,source_majority_vote,macro_f1,0.6442105263157895,0.6383926953151665,0.5113987504431053,0.753030303030303,2000,source_recording_stratified_by_class,42,cross_load,tcn,vib_current,43,,vib_current,corrected_formal_train_only_zscore,length8192,8192.0
formal_dl_tcn_vib_current_cross_load_length8192_seed43_predictions.csv,source_majority_vote,worst_class_recall,0.25,0.2453333333333333,0.0,0.5,2000,source_recording_stratified_by_class,42,cross_load,tcn,vib_current,43,,vib_current,corrected_formal_train_only_zscore,length8192,8192.0
formal_dl_tcn_vib_current_cross_load_length8192_seed43_predictions.csv,window_clustered,accuracy,0.6435222133546156,0.6427971534982707,0.5614491886139931,0.7229349561053472,2000,source_recording_stratified_by_class,42,cross_load,tcn,vib_current,43,,vib_current,corrected_formal_train_only_zscore,length8192,8192.0
formal_dl_tcn_vib_current_cross_load_length8192_seed43_predictions.csv,window_clustered,macro_f1,0.6195636310802822,0.6160747110897021,0.5282093973477934,0.7007356849267722,2000,source_recording_stratified_by_class,42,cross_load,tcn,vib_current,43,,vib_current,corrected_formal_train_only_zscore,length8192,8192.0
formal_dl_tcn_vib_current_cross_load_length8192_seed43_predictions.csv,window_clustered,worst_class_recall,0.1997206703910614,0.1976440875232774,0.0460661080074487,0.3906075418994412,2000,source_recording_stratified_by_class,42,cross_load,tcn,vib_current,43,,vib_current,corrected_formal_train_only_zscore,length8192,8192.0
formal_dl_tcn_vib_current_cross_load_length8192_seed44_predictions.csv,source_mean_probability,accuracy,0.8571428571428571,0.8569880952380954,0.7619047619047619,0.9285714285714286,2000,source_recording_stratified_by_class,42,cross_load,tcn,vib_current,44,,vib_current,corrected_formal_train_only_zscore,length8192,8192.0
formal_dl_tcn_vib_current_cross_load_length8192_seed44_predictions.csv,source_mean_probability,macro_f1,0.8331372549019607,0.8315743132385706,0.7042857142857143,0.9185714285714286,2000,source_recording_stratified_by_class,42,cross_load,tcn,vib_current,44,,vib_current,corrected_formal_train_only_zscore,length8192,8192.0
formal_dl_tcn_vib_current_cross_load_length8192_seed44_predictions.csv,source_mean_probability,worst_class_recall,0.5,0.4994583333333334,0.1666666666666666,0.75,2000,source_recording_stratified_by_class,42,cross_load,tcn,vib_current,44,,vib_current,corrected_formal_train_only_zscore,length8192,8192.0
formal_dl_tcn_vib_current_cross_load_length8192_seed44_predictions.csv,source_majority_vote,accuracy,0.8333333333333334,0.8342023809523812,0.7619047619047619,0.9053571428571396,2000,source_recording_stratified_by_class,42,cross_load,tcn,vib_current,44,,vib_current,corrected_formal_train_only_zscore,length8192,8192.0
formal_dl_tcn_vib_current_cross_load_length8192_seed44_predictions.csv,source_majority_vote,macro_f1,0.8037254901960784,0.8028140618749792,0.7015455304928988,0.903273809523808,2000,source_recording_stratified_by_class,42,cross_load,tcn,vib_current,44,,vib_current,corrected_formal_train_only_zscore,length8192,8192.0
formal_dl_tcn_vib_current_cross_load_length8192_seed44_predictions.csv,source_majority_vote,worst_class_recall,0.4166666666666667,0.4197083333333333,0.1666666666666666,0.6687499999999886,2000,source_recording_stratified_by_class,42,cross_load,tcn,vib_current,44,,vib_current,corrected_formal_train_only_zscore,length8192,8192.0
formal_dl_tcn_vib_current_cross_load_length8192_seed44_predictions.csv,window_clustered,accuracy,0.8284118116520351,0.8291427906358074,0.7607043096568236,0.9006451183825486,2000,source_recording_stratified_by_class,42,cross_load,tcn,vib_current,44,,vib_current,corrected_formal_train_only_zscore,length8192,8192.0
formal_dl_tcn_vib_current_cross_load_length8192_seed44_predictions.csv,window_clustered,macro_f1,0.8100819065419036,0.8099259503481834,0.729881923724238,0.8882956748931363,2000,source_recording_stratified_by_class,42,cross_load,tcn,vib_current,44,,vib_current,corrected_formal_train_only_zscore,length8192,8192.0
formal_dl_tcn_vib_current_cross_load_length8192_seed44_predictions.csv,window_clustered,worst_class_recall,0.5256052141527002,0.5274085195530726,0.2988361266294227,0.75,2000,source_recording_stratified_by_class,42,cross_load,tcn,vib_current,44,,vib_current,corrected_formal_train_only_zscore,length8192,8192.0
formal_dl_tcn_vib_current_cross_rpm_length8192_seed42_predictions.csv,source_mean_probability,accuracy,0.4642857142857143,0.4635,0.3571428571428571,0.5714285714285714,2000,source_recording_stratified_by_class,28,cross_rpm,tcn,vib_current,42,,vib_current,corrected_formal_train_only_zscore,length8192,8192.0
formal_dl_tcn_vib_current_cross_rpm_length8192_seed42_predictions.csv,source_mean_probability,macro_f1,0.4455128205128205,0.4297760108852893,0.2629032258064516,0.5665124223602481,2000,source_recording_stratified_by_class,28,cross_rpm,tcn,vib_current,42,,vib_current,corrected_formal_train_only_zscore,length8192,8192.0
formal_dl_tcn_vib_current_cross_rpm_length8192_seed42_predictions.csv,source_mean_probability,worst_class_recall,0.0,0.0,0.0,0.0,2000,source_recording_stratified_by_class,28,cross_rpm,tcn,vib_current,42,,vib_current,corrected_formal_train_only_zscore,length8192,8192.0
formal_dl_tcn_vib_current_cross_rpm_length8192_seed42_predictions.csv,source_majority_vote,accuracy,0.5,0.4996964285714285,0.3928571428571428,0.6071428571428571,2000,source_recording_stratified_by_class,28,cross_rpm,tcn,vib_current,42,,vib_current,corrected_formal_train_only_zscore,length8192,8192.0
formal_dl_tcn_vib_current_cross_rpm_length8192_seed42_predictions.csv,source_majority_vote,macro_f1,0.4748677248677249,0.4603474990442025,0.2952380952380952,0.5954131652661064,2000,source_recording_stratified_by_class,28,cross_rpm,tcn,vib_current,42,,vib_current,corrected_formal_train_only_zscore,length8192,8192.0
formal_dl_tcn_vib_current_cross_rpm_length8192_seed42_predictions.csv,source_majority_vote,worst_class_recall,0.0,0.0,0.0,0.0,2000,source_recording_stratified_by_class,28,cross_rpm,tcn,vib_current,42,,vib_current,corrected_formal_train_only_zscore,length8192,8192.0
formal_dl_tcn_vib_current_cross_rpm_length8192_seed42_predictions.csv,window_clustered,accuracy,0.4726656025538707,0.4728992418196329,0.3956454509177973,0.5552773343974461,2000,source_recording_stratified_by_class,28,cross_rpm,tcn,vib_current,42,,vib_current,corrected_formal_train_only_zscore,length8192,8192.0
formal_dl_tcn_vib_current_cross_rpm_length8192_seed42_predictions.csv,window_clustered,macro_f1,0.451604056944593,0.4474744985557953,0.3512907818636258,0.5352674893674932,2000,source_recording_stratified_by_class,28,cross_rpm,tcn,vib_current,42,,vib_current,corrected_formal_train_only_zscore,length8192,8192.0
formal_dl_tcn_vib_current_cross_rpm_length8192_seed42_predictions.csv,window_clustered,worst_class_recall,0.1396648044692737,0.139169343575419,0.1117318435754189,0.1613128491620111,2000,source_recording_stratified_by_class,28,cross_rpm,tcn,vib_current,42,,vib_current,corrected_formal_train_only_zscore,length8192,8192.0
formal_dl_tcn_vib_current_cross_rpm_length8192_seed43_predictions.csv,source_mean_probability,accuracy,0.5714285714285714,0.5716071428571429,0.4285714285714285,0.7142857142857143,2000,source_recording_stratified_by_class,28,cross_rpm,tcn,vib_current,43,,vib_current,corrected_formal_train_only_zscore,length8192,8192.0
formal_dl_tcn_vib_current_cross_rpm_length8192_seed43_predictions.csv,source_mean_probability,macro_f1,0.5568376068376069,0.5391743507439187,0.3548166392993979,0.7086707410236822,2000,source_recording_stratified_by_class,28,cross_rpm,tcn,vib_current,43,,vib_current,corrected_formal_train_only_zscore,length8192,8192.0
formal_dl_tcn_vib_current_cross_rpm_length8192_seed43_predictions.csv,source_mean_probability,worst_class_recall,0.125,0.1074513888888888,0.0,0.375,2000,source_recording_stratified_by_class,28,cross_rpm,tcn,vib_current,43,,vib_current,corrected_formal_train_only_zscore,length8192,8192.0
formal_dl_tcn_vib_current_cross_rpm_length8192_seed43_predictions.csv,source_majority_vote,accuracy,0.5714285714285714,0.5716071428571429,0.4285714285714285,0.7142857142857143,2000,source_recording_stratified_by_class,28,cross_rpm,tcn,vib_current,43,,vib_current,corrected_formal_train_only_zscore,length8192,8192.0
formal_dl_tcn_vib_current_cross_rpm_length8192_seed43_predictions.csv,source_majority_vote,macro_f1,0.5568376068376069,0.5391743507439187,0.3548166392993979,0.7086707410236822,2000,source_recording_stratified_by_class,28,cross_rpm,tcn,vib_current,43,,vib_current,corrected_formal_train_only_zscore,length8192,8192.0
formal_dl_tcn_vib_current_cross_rpm_length8192_seed43_predictions.csv,source_majority_vote,worst_class_recall,0.125,0.1074513888888888,0.0,0.375,2000,source_recording_stratified_by_class,28,cross_rpm,tcn,vib_current,43,,vib_current,corrected_formal_train_only_zscore,length8192,8192.0
formal_dl_tcn_vib_current_cross_rpm_length8192_seed43_predictions.csv,window_clustered,accuracy,0.5321229050279329,0.5324408419792499,0.443530526735834,0.62609736632083,2000,source_recording_stratified_by_class,28,cross_rpm,tcn,vib_current,43,,vib_current,corrected_formal_train_only_zscore,length8192,8192.0
formal_dl_tcn_vib_current_cross_rpm_length8192_seed43_predictions.csv,window_clustered,macro_f1,0.5079787348133292,0.501787468589553,0.3894341853094475,0.6105934757257533,2000,source_recording_stratified_by_class,28,cross_rpm,tcn,vib_current,43,,vib_current,corrected_formal_train_only_zscore,length8192,8192.0
formal_dl_tcn_vib_current_cross_rpm_length8192_seed43_predictions.csv,window_clustered,worst_class_recall,0.2318435754189944,0.2028021415270018,0.0865921787709497,0.3414979050279328,2000,source_recording_stratified_by_class,28,cross_rpm,tcn,vib_current,43,,vib_current,corrected_formal_train_only_zscore,length8192,8192.0
formal_dl_tcn_vib_current_cross_rpm_length8192_seed44_predictions.csv,source_mean_probability,accuracy,0.5357142857142857,0.5359464285714286,0.3928571428571428,0.6785714285714286,2000,source_recording_stratified_by_class,28,cross_rpm,tcn,vib_current,44,,vib_current,corrected_formal_train_only_zscore,length8192,8192.0
formal_dl_tcn_vib_current_cross_rpm_length8192_seed44_predictions.csv,source_mean_probability,macro_f1,0.5298534798534799,0.513262477016826,0.3242104231974921,0.6830357142857143,2000,source_recording_stratified_by_class,28,cross_rpm,tcn,vib_current,44,,vib_current,corrected_formal_train_only_zscore,length8192,8192.0
formal_dl_tcn_vib_current_cross_rpm_length8192_seed44_predictions.csv,source_mean_probability,worst_class_recall,0.125,0.1152013888888888,0.0,0.375,2000,source_recording_stratified_by_class,28,cross_rpm,tcn,vib_current,44,,vib_current,corrected_formal_train_only_zscore,length8192,8192.0
formal_dl_tcn_vib_current_cross_rpm_length8192_seed44_predictions.csv,source_majority_vote,accuracy,0.5,0.5005714285714287,0.3571428571428571,0.6428571428571429,2000,source_recording_stratified_by_class,28,cross_rpm,tcn,vib_current,44,,vib_current,corrected_formal_train_only_zscore,length8192,8192.0
formal_dl_tcn_vib_current_cross_rpm_length8192_seed44_predictions.csv,source_majority_vote,macro_f1,0.4582010582010581,0.4406619713166267,0.255802921037296,0.6295995670995671,2000,source_recording_stratified_by_class,28,cross_rpm,tcn,vib_current,44,,vib_current,corrected_formal_train_only_zscore,length8192,8192.0
formal_dl_tcn_vib_current_cross_rpm_length8192_seed44_predictions.csv,source_majority_vote,worst_class_recall,0.125,0.0829166666666666,0.0,0.25,2000,source_recording_stratified_by_class,28,cross_rpm,tcn,vib_current,44,,vib_current,corrected_formal_train_only_zscore,length8192,8192.0
formal_dl_tcn_vib_current_cross_rpm_length8192_seed44_predictions.csv,window_clustered,accuracy,0.5482841181165203,0.5486174181963288,0.4465283320031923,0.657023144453312,2000,source_recording_stratified_by_class,28,cross_rpm,tcn,vib_current,44,,vib_current,corrected_formal_train_only_zscore,length8192,8192.0
formal_dl_tcn_vib_current_cross_rpm_length8192_seed44_predictions.csv,window_clustered,macro_f1,0.5437934812295702,0.5372736687346124,0.409833768632325,0.6630523632053905,2000,source_recording_stratified_by_class,28,cross_rpm,tcn,vib_current,44,,vib_current,corrected_formal_train_only_zscore,length8192,8192.0
formal_dl_tcn_vib_current_cross_rpm_length8192_seed44_predictions.csv,window_clustered,worst_class_recall,0.342877094972067,0.2831842023587834,0.1270949720670391,0.4553421787709495,2000,source_recording_stratified_by_class,28,cross_rpm,tcn,vib_current,44,,vib_current,corrected_formal_train_only_zscore,length8192,8192.0
formal_dl_tcn_vib_current_source_file_length8192_seed42_predictions.csv,source_mean_probability,accuracy,0.9166666666666666,0.914875,0.75,1.0,2000,source_recording_stratified_by_class,12,source_file,tcn,vib_current,42,,vib_current,corrected_formal_train_only_zscore,length8192,8192.0
formal_dl_tcn_vib_current_source_file_length8192_seed42_predictions.csv,source_mean_probability,macro_f1,0.9285714285714286,0.925240476190476,0.7666666666666666,1.0,2000,source_recording_stratified_by_class,12,source_file,tcn,vib_current,42,,vib_current,corrected_formal_train_only_zscore,length8192,8192.0
formal_dl_tcn_vib_current_source_file_length8192_seed42_predictions.csv,source_mean_probability,worst_class_recall,0.75,0.744625,0.25,1.0,2000,source_recording_stratified_by_class,12,source_file,tcn,vib_current,42,,vib_current,corrected_formal_train_only_zscore,length8192,8192.0
formal_dl_tcn_vib_current_source_file_length8192_seed42_predictions.csv,source_majority_vote,accuracy,0.9166666666666666,0.914875,0.75,1.0,2000,source_recording_stratified_by_class,12,source_file,tcn,vib_current,42,,vib_current,corrected_formal_train_only_zscore,length8192,8192.0
formal_dl_tcn_vib_current_source_file_length8192_seed42_predictions.csv,source_majority_vote,macro_f1,0.9285714285714286,0.925240476190476,0.7666666666666666,1.0,2000,source_recording_stratified_by_class,12,source_file,tcn,vib_current,42,,vib_current,corrected_formal_train_only_zscore,length8192,8192.0
formal_dl_tcn_vib_current_source_file_length8192_seed42_predictions.csv,source_majority_vote,worst_class_recall,0.75,0.744625,0.25,1.0,2000,source_recording_stratified_by_class,12,source_file,tcn,vib_current,42,,vib_current,corrected_formal_train_only_zscore,length8192,8192.0
formal_dl_tcn_vib_current_source_file_length8192_seed42_predictions.csv,window_clustered,accuracy,0.883147113594041,0.8817390595903166,0.7486033519553073,0.9986033519553073,2000,source_recording_stratified_by_class,12,source_file,tcn,vib_current,42,,vib_current,corrected_formal_train_only_zscore,length8192,8192.0
formal_dl_tcn_vib_current_source_file_length8192_seed42_predictions.csv,window_clustered,macro_f1,0.8995626362518697,0.8957915746737171,0.7656481251443541,0.9986605766965326,2000,source_recording_stratified_by_class,12,source_file,tcn,vib_current,42,,vib_current,corrected_formal_train_only_zscore,length8192,8192.0
formal_dl_tcn_vib_current_source_file_length8192_seed42_predictions.csv,window_clustered,worst_class_recall,0.6536312849162011,0.6490311918063314,0.25,0.994413407821229,2000,source_recording_stratified_by_class,12,source_file,tcn,vib_current,42,,vib_current,corrected_formal_train_only_zscore,length8192,8192.0
formal_dl_tcn_vib_current_source_file_length8192_seed43_predictions.csv,source_mean_probability,accuracy,0.8333333333333334,0.835,0.6666666666666666,1.0,2000,source_recording_stratified_by_class,12,source_file,tcn,vib_current,43,,vib_current,corrected_formal_train_only_zscore,length8192,8192.0
formal_dl_tcn_vib_current_source_file_length8192_seed43_predictions.csv,source_mean_probability,macro_f1,0.8541666666666666,0.84888125,0.65,1.0,2000,source_recording_stratified_by_class,12,source_file,tcn,vib_current,43,,vib_current,corrected_formal_train_only_zscore,length8192,8192.0
formal_dl_tcn_vib_current_source_file_length8192_seed43_predictions.csv,source_mean_probability,worst_class_recall,0.5,0.505,0.0,1.0,2000,source_recording_stratified_by_class,12,source_file,tcn,vib_current,43,,vib_current,corrected_formal_train_only_zscore,length8192,8192.0
formal_dl_tcn_vib_current_source_file_length8192_seed43_predictions.csv,source_majority_vote,accuracy,0.9166666666666666,0.91625,0.75,1.0,2000,source_recording_stratified_by_class,12,source_file,tcn,vib_current,43,,vib_current,corrected_formal_train_only_zscore,length8192,8192.0
formal_dl_tcn_vib_current_source_file_length8192_seed43_predictions.csv,source_majority_vote,macro_f1,0.9285714285714286,0.9264866071428572,0.7666666666666666,1.0,2000,source_recording_stratified_by_class,12,source_file,tcn,vib_current,43,,vib_current,corrected_formal_train_only_zscore,length8192,8192.0
formal_dl_tcn_vib_current_source_file_length8192_seed43_predictions.csv,source_majority_vote,worst_class_recall,0.75,0.74875,0.25,1.0,2000,source_recording_stratified_by_class,12,source_file,tcn,vib_current,43,,vib_current,corrected_formal_train_only_zscore,length8192,8192.0
formal_dl_tcn_vib_current_source_file_length8192_seed43_predictions.csv,window_clustered,accuracy,0.8608007448789572,0.8613864059590317,0.7188431098696462,0.9823091247672252,2000,source_recording_stratified_by_class,12,source_file,tcn,vib_current,43,,vib_current,corrected_formal_train_only_zscore,length8192,8192.0
formal_dl_tcn_vib_current_source_file_length8192_seed43_predictions.csv,window_clustered,macro_f1,0.8805974593683344,0.8781437353503838,0.7429292370823439,0.9824174767636248,2000,source_recording_stratified_by_class,12,source_file,tcn,vib_current,43,,vib_current,corrected_formal_train_only_zscore,length8192,8192.0
formal_dl_tcn_vib_current_source_file_length8192_seed43_predictions.csv,window_clustered,worst_class_recall,0.6354748603351955,0.6327253258845438,0.24713687150838,0.9292364990689012,2000,source_recording_stratified_by_class,12,source_file,tcn,vib_current,43,,vib_current,corrected_formal_train_only_zscore,length8192,8192.0
formal_dl_tcn_vib_current_source_file_length8192_seed44_predictions.csv,source_mean_probability,accuracy,0.8333333333333334,0.8329166666666666,0.6666666666666666,1.0,2000,source_recording_stratified_by_class,12,source_file,tcn,vib_current,44,,vib_current,corrected_formal_train_only_zscore,length8192,8192.0
formal_dl_tcn_vib_current_source_file_length8192_seed44_predictions.csv,source_mean_probability,macro_f1,0.8541666666666666,0.8469690476190476,0.65,1.0,2000,source_recording_stratified_by_class,12,source_file,tcn,vib_current,44,,vib_current,corrected_formal_train_only_zscore,length8192,8192.0
formal_dl_tcn_vib_current_source_file_length8192_seed44_predictions.csv,source_mean_probability,worst_class_recall,0.5,0.49875,0.0,1.0,2000,source_recording_stratified_by_class,12,source_file,tcn,vib_current,44,,vib_current,corrected_formal_train_only_zscore,length8192,8192.0
formal_dl_tcn_vib_current_source_file_length8192_seed44_predictions.csv,source_majority_vote,accuracy,0.8333333333333334,0.8329166666666666,0.6666666666666666,1.0,2000,source_recording_stratified_by_class,12,source_file,tcn,vib_current,44,,vib_current,corrected_formal_train_only_zscore,length8192,8192.0
formal_dl_tcn_vib_current_source_file_length8192_seed44_predictions.csv,source_majority_vote,macro_f1,0.8541666666666666,0.8469690476190476,0.65,1.0,2000,source_recording_stratified_by_class,12,source_file,tcn,vib_current,44,,vib_current,corrected_formal_train_only_zscore,length8192,8192.0
formal_dl_tcn_vib_current_source_file_length8192_seed44_predictions.csv,source_majority_vote,worst_class_recall,0.5,0.49875,0.0,1.0,2000,source_recording_stratified_by_class,12,source_file,tcn,vib_current,44,,vib_current,corrected_formal_train_only_zscore,length8192,8192.0
formal_dl_tcn_vib_current_source_file_length8192_seed44_predictions.csv,window_clustered,accuracy,0.8263500931098696,0.825949487895717,0.659217877094972,0.9939478584729982,2000,source_recording_stratified_by_class,12,source_file,tcn,vib_current,44,,vib_current,corrected_formal_train_only_zscore,length8192,8192.0
formal_dl_tcn_vib_current_source_file_length8192_seed44_predictions.csv,window_clustered,macro_f1,0.84767179489482,0.8404327379663962,0.6436750158727051,0.9934856382879608,2000,source_recording_stratified_by_class,12,source_file,tcn,vib_current,44,,vib_current,corrected_formal_train_only_zscore,length8192,8192.0
formal_dl_tcn_vib_current_source_file_length8192_seed44_predictions.csv,window_clustered,worst_class_recall,0.5,0.4976624767225325,0.0,0.9851024208566108,2000,source_recording_stratified_by_class,12,source_file,tcn,vib_current,44,,vib_current,corrected_formal_train_only_zscore,length8192,8192.0
formal_dl_transformer_vib_current_cross_condition_length8192_seed42_predictions.csv,source_mean_probability,accuracy,0.9285714285714286,0.9292261904761906,0.8333333333333334,1.0,2000,source_recording_stratified_by_class,42,cross_condition,transformer,vib_current,42,,vib_current,corrected_formal_train_only_zscore,length8192,8192.0
formal_dl_transformer_vib_current_cross_condition_length8192_seed42_predictions.csv,source_mean_probability,macro_f1,0.9382971014492754,0.9384747035594698,0.8581100863709559,1.0,2000,source_recording_stratified_by_class,42,cross_condition,transformer,vib_current,42,,vib_current,corrected_formal_train_only_zscore,length8192,8192.0
formal_dl_transformer_vib_current_cross_condition_length8192_seed42_predictions.csv,source_mean_probability,worst_class_recall,0.9166666666666666,0.8499166666666667,0.6666666666666666,1.0,2000,source_recording_stratified_by_class,42,cross_condition,transformer,vib_current,42,,vib_current,corrected_formal_train_only_zscore,length8192,8192.0
formal_dl_transformer_vib_current_cross_condition_length8192_seed42_predictions.csv,source_majority_vote,accuracy,0.9285714285714286,0.9292261904761906,0.8333333333333334,1.0,2000,source_recording_stratified_by_class,42,cross_condition,transformer,vib_current,42,,vib_current,corrected_formal_train_only_zscore,length8192,8192.0
formal_dl_transformer_vib_current_cross_condition_length8192_seed42_predictions.csv,source_majority_vote,macro_f1,0.9382971014492754,0.9384747035594698,0.8581100863709559,1.0,2000,source_recording_stratified_by_class,42,cross_condition,transformer,vib_current,42,,vib_current,corrected_formal_train_only_zscore,length8192,8192.0
formal_dl_transformer_vib_current_cross_condition_length8192_seed42_predictions.csv,source_majority_vote,worst_class_recall,0.9166666666666666,0.8499166666666667,0.6666666666666666,1.0,2000,source_recording_stratified_by_class,42,cross_condition,transformer,vib_current,42,,vib_current,corrected_formal_train_only_zscore,length8192,8192.0
formal_dl_transformer_vib_current_cross_condition_length8192_seed42_predictions.csv,window_clustered,accuracy,0.9199255121042832,0.9205667065708965,0.8560687682894387,0.9742019154030328,2000,source_recording_stratified_by_class,42,cross_condition,transformer,vib_current,42,,vib_current,corrected_formal_train_only_zscore,length8192,8192.0
formal_dl_transformer_vib_current_cross_condition_length8192_seed42_predictions.csv,window_clustered,macro_f1,0.9273421775304248,0.9276452535854058,0.8703016824164587,0.9762714261608368,2000,source_recording_stratified_by_class,42,cross_condition,transformer,vib_current,42,,vib_current,corrected_formal_train_only_zscore,length8192,8192.0
formal_dl_transformer_vib_current_cross_condition_length8192_seed42_predictions.csv,window_clustered,worst_class_recall,0.9068901303538176,0.8572236964618248,0.7169459962756052,0.9511638733705772,2000,source_recording_stratified_by_class,42,cross_condition,transformer,vib_current,42,,vib_current,corrected_formal_train_only_zscore,length8192,8192.0
formal_dl_transformer_vib_current_cross_condition_length8192_seed43_predictions.csv,source_mean_probability,accuracy,0.9285714285714286,0.9274166666666668,0.8571428571428571,1.0,2000,source_recording_stratified_by_class,42,cross_condition,transformer,vib_current,43,,vib_current,corrected_formal_train_only_zscore,length8192,8192.0
formal_dl_transformer_vib_current_cross_condition_length8192_seed43_predictions.csv,source_mean_probability,macro_f1,0.937391304347826,0.9359805304347408,0.8714285714285714,1.0,2000,source_recording_stratified_by_class,42,cross_condition,transformer,vib_current,43,,vib_current,corrected_formal_train_only_zscore,length8192,8192.0
formal_dl_transformer_vib_current_cross_condition_length8192_seed43_predictions.csv,source_mean_probability,worst_class_recall,0.8333333333333334,0.8120833333333334,0.5833333333333334,1.0,2000,source_recording_stratified_by_class,42,cross_condition,transformer,vib_current,43,,vib_current,corrected_formal_train_only_zscore,length8192,8192.0
formal_dl_transformer_vib_current_cross_condition_length8192_seed43_predictions.csv,source_majority_vote,accuracy,0.9285714285714286,0.9274166666666668,0.8571428571428571,1.0,2000,source_recording_stratified_by_class,42,cross_condition,transformer,vib_current,43,,vib_current,corrected_formal_train_only_zscore,length8192,8192.0
formal_dl_transformer_vib_current_cross_condition_length8192_seed43_predictions.csv,source_majority_vote,macro_f1,0.937391304347826,0.9359805304347408,0.8714285714285714,1.0,2000,source_recording_stratified_by_class,42,cross_condition,transformer,vib_current,43,,vib_current,corrected_formal_train_only_zscore,length8192,8192.0
formal_dl_transformer_vib_current_cross_condition_length8192_seed43_predictions.csv,source_majority_vote,worst_class_recall,0.8333333333333334,0.8120833333333334,0.5833333333333334,1.0,2000,source_recording_stratified_by_class,42,cross_condition,transformer,vib_current,43,,vib_current,corrected_formal_train_only_zscore,length8192,8192.0
formal_dl_transformer_vib_current_cross_condition_length8192_seed43_predictions.csv,window_clustered,accuracy,0.9275073157754722,0.9268530194200586,0.8542032455440276,0.981511040170258,2000,source_recording_stratified_by_class,42,cross_condition,transformer,vib_current,43,,vib_current,corrected_formal_train_only_zscore,length8192,8192.0
formal_dl_transformer_vib_current_cross_condition_length8192_seed43_predictions.csv,window_clustered,macro_f1,0.93392288636161,0.9329011529909876,0.8649213682041439,0.9836959467254148,2000,source_recording_stratified_by_class,42,cross_condition,transformer,vib_current,43,,vib_current,corrected_formal_train_only_zscore,length8192,8192.0
formal_dl_transformer_vib_current_cross_condition_length8192_seed43_predictions.csv,window_clustered,worst_class_recall,0.8547486033519553,0.8341829608938547,0.6475791433891993,0.9380819366852886,2000,source_recording_stratified_by_class,42,cross_condition,transformer,vib_current,43,,vib_current,corrected_formal_train_only_zscore,length8192,8192.0
formal_dl_transformer_vib_current_cross_condition_length8192_seed44_predictions.csv,source_mean_probability,accuracy,0.9523809523809524,0.9521071428571428,0.8809523809523809,1.0,2000,source_recording_stratified_by_class,42,cross_condition,transformer,vib_current,44,,vib_current,corrected_formal_train_only_zscore,length8192,8192.0
formal_dl_transformer_vib_current_cross_condition_length8192_seed44_predictions.csv,source_mean_probability,macro_f1,0.9583333333333331,0.9579066761482948,0.8941798941798942,1.0,2000,source_recording_stratified_by_class,42,cross_condition,transformer,vib_current,44,,vib_current,corrected_formal_train_only_zscore,length8192,8192.0
formal_dl_transformer_vib_current_cross_condition_length8192_seed44_predictions.csv,source_mean_probability,worst_class_recall,0.9166666666666666,0.8742083333333333,0.6666666666666666,1.0,2000,source_recording_stratified_by_class,42,cross_condition,transformer,vib_current,44,,vib_current,corrected_formal_train_only_zscore,length8192,8192.0
formal_dl_transformer_vib_current_cross_condition_length8192_seed44_predictions.csv,source_majority_vote,accuracy,0.9523809523809524,0.9521071428571428,0.8809523809523809,1.0,2000,source_recording_stratified_by_class,42,cross_condition,transformer,vib_current,44,,vib_current,corrected_formal_train_only_zscore,length8192,8192.0
formal_dl_transformer_vib_current_cross_condition_length8192_seed44_predictions.csv,source_majority_vote,macro_f1,0.9583333333333331,0.9579066761482948,0.8941798941798942,1.0,2000,source_recording_stratified_by_class,42,cross_condition,transformer,vib_current,44,,vib_current,corrected_formal_train_only_zscore,length8192,8192.0
formal_dl_transformer_vib_current_cross_condition_length8192_seed44_predictions.csv,source_majority_vote,worst_class_recall,0.9166666666666666,0.8742083333333333,0.6666666666666666,1.0,2000,source_recording_stratified_by_class,42,cross_condition,transformer,vib_current,44,,vib_current,corrected_formal_train_only_zscore,length8192,8192.0
formal_dl_transformer_vib_current_cross_condition_length8192_seed44_predictions.csv,window_clustered,accuracy,0.937217345038574,0.9368202314445332,0.8593874700718276,0.99335262037776,2000,source_recording_stratified_by_class,42,cross_condition,transformer,vib_current,44,,vib_current,corrected_formal_train_only_zscore,length8192,8192.0
formal_dl_transformer_vib_current_cross_condition_length8192_seed44_predictions.csv,window_clustered,macro_f1,0.9454879180918112,0.944933392291016,0.878136523044124,0.994184588890463,2000,source_recording_stratified_by_class,42,cross_condition,transformer,vib_current,44,,vib_current,corrected_formal_train_only_zscore,length8192,8192.0
formal_dl_transformer_vib_current_cross_condition_length8192_seed44_predictions.csv,window_clustered,worst_class_recall,0.9129422718808192,0.8651012569832404,0.6666666666666666,0.9837174115456238,2000,source_recording_stratified_by_class,42,cross_condition,transformer,vib_current,44,,vib_current,corrected_formal_train_only_zscore,length8192,8192.0
formal_dl_transformer_vib_current_cross_load_length8192_seed42_predictions.csv,source_mean_probability,accuracy,1.0,1.0,1.0,1.0,2000,source_recording_stratified_by_class,42,cross_load,transformer,vib_current,42,,vib_current,corrected_formal_train_only_zscore,length8192,8192.0
formal_dl_transformer_vib_current_cross_load_length8192_seed42_predictions.csv,source_mean_probability,macro_f1,1.0,1.0,1.0,1.0,2000,source_recording_stratified_by_class,42,cross_load,transformer,vib_current,42,,vib_current,corrected_formal_train_only_zscore,length8192,8192.0
formal_dl_transformer_vib_current_cross_load_length8192_seed42_predictions.csv,source_mean_probability,worst_class_recall,1.0,1.0,1.0,1.0,2000,source_recording_stratified_by_class,42,cross_load,transformer,vib_current,42,,vib_current,corrected_formal_train_only_zscore,length8192,8192.0
formal_dl_transformer_vib_current_cross_load_length8192_seed42_predictions.csv,source_majority_vote,accuracy,1.0,1.0,1.0,1.0,2000,source_recording_stratified_by_class,42,cross_load,transformer,vib_current,42,,vib_current,corrected_formal_train_only_zscore,length8192,8192.0
formal_dl_transformer_vib_current_cross_load_length8192_seed42_predictions.csv,source_majority_vote,macro_f1,1.0,1.0,1.0,1.0,2000,source_recording_stratified_by_class,42,cross_load,transformer,vib_current,42,,vib_current,corrected_formal_train_only_zscore,length8192,8192.0
formal_dl_transformer_vib_current_cross_load_length8192_seed42_predictions.csv,source_majority_vote,worst_class_recall,1.0,1.0,1.0,1.0,2000,source_recording_stratified_by_class,42,cross_load,transformer,vib_current,42,,vib_current,corrected_formal_train_only_zscore,length8192,8192.0
formal_dl_transformer_vib_current_cross_load_length8192_seed42_predictions.csv,window_clustered,accuracy,0.9616919393455706,0.9619449321628092,0.940143655227454,0.9804469273743016,2000,source_recording_stratified_by_class,42,cross_load,transformer,vib_current,42,,vib_current,corrected_formal_train_only_zscore,length8192,8192.0
formal_dl_transformer_vib_current_cross_load_length8192_seed42_predictions.csv,window_clustered,macro_f1,0.961046580692977,0.9613399696634792,0.9398298751593124,0.9793625733745136,2000,source_recording_stratified_by_class,42,cross_load,transformer,vib_current,42,,vib_current,corrected_formal_train_only_zscore,length8192,8192.0
formal_dl_transformer_vib_current_cross_load_length8192_seed42_predictions.csv,window_clustered,worst_class_recall,0.904096834264432,0.904977653631285,0.8286778398510242,0.9660265363128492,2000,source_recording_stratified_by_class,42,cross_load,transformer,vib_current,42,,vib_current,corrected_formal_train_only_zscore,length8192,8192.0
formal_dl_transformer_vib_current_cross_load_length8192_seed43_predictions.csv,source_mean_probability,accuracy,0.9761904761904762,0.9757261904761906,0.9285714285714286,1.0,2000,source_recording_stratified_by_class,42,cross_load,transformer,vib_current,43,,vib_current,corrected_formal_train_only_zscore,length8192,8192.0
formal_dl_transformer_vib_current_cross_load_length8192_seed43_predictions.csv,source_mean_probability,macro_f1,0.9698996655518394,0.9700603941211232,0.9142857142857144,1.0,2000,source_recording_stratified_by_class,42,cross_load,transformer,vib_current,43,,vib_current,corrected_formal_train_only_zscore,length8192,8192.0
formal_dl_transformer_vib_current_cross_load_length8192_seed43_predictions.csv,source_mean_probability,worst_class_recall,0.9166666666666666,0.9150416666666666,0.75,1.0,2000,source_recording_stratified_by_class,42,cross_load,transformer,vib_current,43,,vib_current,corrected_formal_train_only_zscore,length8192,8192.0
formal_dl_transformer_vib_current_cross_load_length8192_seed43_predictions.csv,source_majority_vote,accuracy,0.9761904761904762,0.9757261904761906,0.9285714285714286,1.0,2000,source_recording_stratified_by_class,42,cross_load,transformer,vib_current,43,,vib_current,corrected_formal_train_only_zscore,length8192,8192.0
formal_dl_transformer_vib_current_cross_load_length8192_seed43_predictions.csv,source_majority_vote,macro_f1,0.9698996655518394,0.9700603941211232,0.9142857142857144,1.0,2000,source_recording_stratified_by_class,42,cross_load,transformer,vib_current,43,,vib_current,corrected_formal_train_only_zscore,length8192,8192.0
formal_dl_transformer_vib_current_cross_load_length8192_seed43_predictions.csv,source_majority_vote,worst_class_recall,0.9166666666666666,0.9150416666666666,0.75,1.0,2000,source_recording_stratified_by_class,42,cross_load,transformer,vib_current,43,,vib_current,corrected_formal_train_only_zscore,length8192,8192.0
formal_dl_transformer_vib_current_cross_load_length8192_seed43_predictions.csv,window_clustered,accuracy,0.929901569566374,0.9299582335727586,0.8984969406757116,0.9596967278531524,2000,source_recording_stratified_by_class,42,cross_load,transformer,vib_current,43,,vib_current,corrected_formal_train_only_zscore,length8192,8192.0
formal_dl_transformer_vib_current_cross_load_length8192_seed43_predictions.csv,window_clustered,macro_f1,0.9192882365790706,0.9195122006220248,0.8850984160637265,0.9527047480954196,2000,source_recording_stratified_by_class,42,cross_load,transformer,vib_current,43,,vib_current,corrected_formal_train_only_zscore,length8192,8192.0
formal_dl_transformer_vib_current_cross_load_length8192_seed43_predictions.csv,window_clustered,worst_class_recall,0.8337988826815642,0.8331212756052141,0.7276536312849162,0.9236499068901304,2000,source_recording_stratified_by_class,42,cross_load,transformer,vib_current,43,,vib_current,corrected_formal_train_only_zscore,length8192,8192.0
formal_dl_transformer_vib_current_cross_load_length8192_seed44_predictions.csv,source_mean_probability,accuracy,0.8809523809523809,0.8799285714285715,0.7857142857142857,0.9523809523809524,2000,source_recording_stratified_by_class,42,cross_load,transformer,vib_current,44,,vib_current,corrected_formal_train_only_zscore,length8192,8192.0
formal_dl_transformer_vib_current_cross_load_length8192_seed44_predictions.csv,source_mean_probability,macro_f1,0.8696066252587993,0.868661208578706,0.7655183413078149,0.958041958041958,2000,source_recording_stratified_by_class,42,cross_load,transformer,vib_current,44,,vib_current,corrected_formal_train_only_zscore,length8192,8192.0
formal_dl_transformer_vib_current_cross_load_length8192_seed44_predictions.csv,source_mean_probability,worst_class_recall,0.6666666666666666,0.6595,0.4166666666666667,0.9166666666666666,2000,source_recording_stratified_by_class,42,cross_load,transformer,vib_current,44,,vib_current,corrected_formal_train_only_zscore,length8192,8192.0
formal_dl_transformer_vib_current_cross_load_length8192_seed44_predictions.csv,source_majority_vote,accuracy,0.8809523809523809,0.8799285714285715,0.7857142857142857,0.9523809523809524,2000,source_recording_stratified_by_class,42,cross_load,transformer,vib_current,44,,vib_current,corrected_formal_train_only_zscore,length8192,8192.0
formal_dl_transformer_vib_current_cross_load_length8192_seed44_predictions.csv,source_majority_vote,macro_f1,0.8696066252587993,0.868661208578706,0.7655183413078149,0.958041958041958,2000,source_recording_stratified_by_class,42,cross_load,transformer,vib_current,44,,vib_current,corrected_formal_train_only_zscore,length8192,8192.0
formal_dl_transformer_vib_current_cross_load_length8192_seed44_predictions.csv,source_majority_vote,worst_class_recall,0.6666666666666666,0.6595,0.4166666666666667,0.9166666666666666,2000,source_recording_stratified_by_class,42,cross_load,transformer,vib_current,44,,vib_current,corrected_formal_train_only_zscore,length8192,8192.0
formal_dl_transformer_vib_current_cross_load_length8192_seed44_predictions.csv,window_clustered,accuracy,0.855413673849428,0.8546395982974195,0.7963487629688747,0.9098164405426976,2000,source_recording_stratified_by_class,42,cross_load,transformer,vib_current,44,,vib_current,corrected_formal_train_only_zscore,length8192,8192.0
formal_dl_transformer_vib_current_cross_load_length8192_seed44_predictions.csv,window_clustered,macro_f1,0.8423912070080488,0.8414284093229235,0.7807543832665408,0.901831754654211,2000,source_recording_stratified_by_class,42,cross_load,transformer,vib_current,44,,vib_current,corrected_formal_train_only_zscore,length8192,8192.0
formal_dl_transformer_vib_current_cross_load_length8192_seed44_predictions.csv,window_clustered,worst_class_recall,0.6564245810055865,0.6533624301675978,0.4953212290502793,0.8105330540037243,2000,source_recording_stratified_by_class,42,cross_load,transformer,vib_current,44,,vib_current,corrected_formal_train_only_zscore,length8192,8192.0
formal_dl_transformer_vib_current_cross_rpm_length8192_seed42_predictions.csv,source_mean_probability,accuracy,0.4285714285714285,0.4296428571428571,0.3214285714285714,0.5714285714285714,2000,source_recording_stratified_by_class,28,cross_rpm,transformer,vib_current,42,,vib_current,corrected_formal_train_only_zscore,length8192,8192.0
formal_dl_transformer_vib_current_cross_rpm_length8192_seed42_predictions.csv,source_mean_probability,macro_f1,0.3956896551724138,0.3763863718616429,0.2002840909090909,0.5629362485340743,2000,source_recording_stratified_by_class,28,cross_rpm,transformer,vib_current,42,,vib_current,corrected_formal_train_only_zscore,length8192,8192.0
formal_dl_transformer_vib_current_cross_rpm_length8192_seed42_predictions.csv,source_mean_probability,worst_class_recall,0.125,0.0748263888888888,0.0,0.25,2000,source_recording_stratified_by_class,28,cross_rpm,transformer,vib_current,42,,vib_current,corrected_formal_train_only_zscore,length8192,8192.0
formal_dl_transformer_vib_current_cross_rpm_length8192_seed42_predictions.csv,source_majority_vote,accuracy,0.4285714285714285,0.4296428571428571,0.3214285714285714,0.5714285714285714,2000,source_recording_stratified_by_class,28,cross_rpm,transformer,vib_current,42,,vib_current,corrected_formal_train_only_zscore,length8192,8192.0
formal_dl_transformer_vib_current_cross_rpm_length8192_seed42_predictions.csv,source_majority_vote,macro_f1,0.3956896551724138,0.3763863718616429,0.2002840909090909,0.5629362485340743,2000,source_recording_stratified_by_class,28,cross_rpm,transformer,vib_current,42,,vib_current,corrected_formal_train_only_zscore,length8192,8192.0
formal_dl_transformer_vib_current_cross_rpm_length8192_seed42_predictions.csv,source_majority_vote,worst_class_recall,0.125,0.0748263888888888,0.0,0.25,2000,source_recording_stratified_by_class,28,cross_rpm,transformer,vib_current,42,,vib_current,corrected_formal_train_only_zscore,length8192,8192.0
formal_dl_transformer_vib_current_cross_rpm_length8192_seed42_predictions.csv,window_clustered,accuracy,0.5067837190742218,0.508497106943336,0.4118016759776536,0.6135624501197126,2000,source_recording_stratified_by_class,28,cross_rpm,transformer,vib_current,42,,vib_current,corrected_formal_train_only_zscore,length8192,8192.0
formal_dl_transformer_vib_current_cross_rpm_length8192_seed42_predictions.csv,window_clustered,macro_f1,0.4762959915582279,0.4721704683242,0.3575288466578919,0.5889487698157435,2000,source_recording_stratified_by_class,28,cross_rpm,transformer,vib_current,42,,vib_current,corrected_formal_train_only_zscore,length8192,8192.0
formal_dl_transformer_vib_current_cross_rpm_length8192_seed42_predictions.csv,window_clustered,worst_class_recall,0.2332402234636871,0.2084946461824953,0.0628491620111731,0.3589385474860335,2000,source_recording_stratified_by_class,28,cross_rpm,transformer,vib_current,42,,vib_current,corrected_formal_train_only_zscore,length8192,8192.0
formal_dl_transformer_vib_current_cross_rpm_length8192_seed43_predictions.csv,source_mean_probability,accuracy,0.6071428571428571,0.6089642857142857,0.5,0.7142857142857143,2000,source_recording_stratified_by_class,28,cross_rpm,transformer,vib_current,43,,vib_current,corrected_formal_train_only_zscore,length8192,8192.0
formal_dl_transformer_vib_current_cross_rpm_length8192_seed43_predictions.csv,source_mean_probability,macro_f1,0.5236111111111111,0.5115535172284447,0.3458333333333333,0.6792589763177999,2000,source_recording_stratified_by_class,28,cross_rpm,transformer,vib_current,43,,vib_current,corrected_formal_train_only_zscore,length8192,8192.0
formal_dl_transformer_vib_current_cross_rpm_length8192_seed43_predictions.csv,source_mean_probability,worst_class_recall,0.125,0.08275,0.0,0.25,2000,source_recording_stratified_by_class,28,cross_rpm,transformer,vib_current,43,,vib_current,corrected_formal_train_only_zscore,length8192,8192.0
formal_dl_transformer_vib_current_cross_rpm_length8192_seed43_predictions.csv,source_majority_vote,accuracy,0.6071428571428571,0.6089642857142857,0.5,0.7142857142857143,2000,source_recording_stratified_by_class,28,cross_rpm,transformer,vib_current,43,,vib_current,corrected_formal_train_only_zscore,length8192,8192.0
formal_dl_transformer_vib_current_cross_rpm_length8192_seed43_predictions.csv,source_majority_vote,macro_f1,0.5236111111111111,0.5115535172284447,0.3458333333333333,0.6792589763177999,2000,source_recording_stratified_by_class,28,cross_rpm,transformer,vib_current,43,,vib_current,corrected_formal_train_only_zscore,length8192,8192.0
formal_dl_transformer_vib_current_cross_rpm_length8192_seed43_predictions.csv,source_majority_vote,worst_class_recall,0.125,0.08275,0.0,0.25,2000,source_recording_stratified_by_class,28,cross_rpm,transformer,vib_current,43,,vib_current,corrected_formal_train_only_zscore,length8192,8192.0
formal_dl_transformer_vib_current_cross_rpm_length8192_seed43_predictions.csv,window_clustered,accuracy,0.6133280127693536,0.6136808659217877,0.5544642857142857,0.6678022745411014,2000,source_recording_stratified_by_class,28,cross_rpm,transformer,vib_current,43,,vib_current,corrected_formal_train_only_zscore,length8192,8192.0
formal_dl_transformer_vib_current_cross_rpm_length8192_seed43_predictions.csv,window_clustered,macro_f1,0.5481377149929869,0.5472863683985806,0.4789698172790571,0.614124796962654,2000,source_recording_stratified_by_class,28,cross_rpm,transformer,vib_current,43,,vib_current,corrected_formal_train_only_zscore,length8192,8192.0
formal_dl_transformer_vib_current_cross_rpm_length8192_seed43_predictions.csv,window_clustered,worst_class_recall,0.2039106145251396,0.1976522346368715,0.1340782122905028,0.2793296089385474,2000,source_recording_stratified_by_class,28,cross_rpm,transformer,vib_current,43,,vib_current,corrected_formal_train_only_zscore,length8192,8192.0
formal_dl_transformer_vib_current_cross_rpm_length8192_seed44_predictions.csv,source_mean_probability,accuracy,0.4285714285714285,0.4298035714285714,0.3214285714285714,0.5357142857142857,2000,source_recording_stratified_by_class,28,cross_rpm,transformer,vib_current,44,,vib_current,corrected_formal_train_only_zscore,length8192,8192.0
formal_dl_transformer_vib_current_cross_rpm_length8192_seed44_predictions.csv,source_mean_probability,macro_f1,0.2952380952380952,0.29264876173714,0.1969696969696969,0.3649237472766884,2000,source_recording_stratified_by_class,28,cross_rpm,transformer,vib_current,44,,vib_current,corrected_formal_train_only_zscore,length8192,8192.0
formal_dl_transformer_vib_current_cross_rpm_length8192_seed44_predictions.csv,source_mean_probability,worst_class_recall,0.0,0.0,0.0,0.0,2000,source_recording_stratified_by_class,28,cross_rpm,transformer,vib_current,44,,vib_current,corrected_formal_train_only_zscore,length8192,8192.0
formal_dl_transformer_vib_current_cross_rpm_length8192_seed44_predictions.csv,source_majority_vote,accuracy,0.3928571428571428,0.3950535714285714,0.2857142857142857,0.5,2000,source_recording_stratified_by_class,28,cross_rpm,transformer,vib_current,44,,vib_current,corrected_formal_train_only_zscore,length8192,8192.0
formal_dl_transformer_vib_current_cross_rpm_length8192_seed44_predictions.csv,source_majority_vote,macro_f1,0.2667493796526054,0.2640516081489175,0.1529411764705882,0.34375,2000,source_recording_stratified_by_class,28,cross_rpm,transformer,vib_current,44,,vib_current,corrected_formal_train_only_zscore,length8192,8192.0
formal_dl_transformer_vib_current_cross_rpm_length8192_seed44_predictions.csv,source_majority_vote,worst_class_recall,0.0,0.0,0.0,0.0,2000,source_recording_stratified_by_class,28,cross_rpm,transformer,vib_current,44,,vib_current,corrected_formal_train_only_zscore,length8192,8192.0
formal_dl_transformer_vib_current_cross_rpm_length8192_seed44_predictions.csv,window_clustered,accuracy,0.4503192338387869,0.451828411811652,0.377089984038308,0.5261422585794094,2000,source_recording_stratified_by_class,28,cross_rpm,transformer,vib_current,44,,vib_current,corrected_formal_train_only_zscore,length8192,8192.0
formal_dl_transformer_vib_current_cross_rpm_length8192_seed44_predictions.csv,window_clustered,macro_f1,0.3865539770278198,0.3851708149895735,0.3091593973893147,0.4554381497797046,2000,source_recording_stratified_by_class,28,cross_rpm,transformer,vib_current,44,,vib_current,corrected_formal_train_only_zscore,length8192,8192.0
formal_dl_transformer_vib_current_cross_rpm_length8192_seed44_predictions.csv,window_clustered,worst_class_recall,0.1424581005586592,0.1217877094972067,0.0628491620111731,0.1857541899441341,2000,source_recording_stratified_by_class,28,cross_rpm,transformer,vib_current,44,,vib_current,corrected_formal_train_only_zscore,length8192,8192.0
formal_dl_transformer_vib_current_source_file_length8192_seed42_predictions.csv,source_mean_probability,accuracy,0.9166666666666666,0.9177083333333332,0.75,1.0,2000,source_recording_stratified_by_class,12,source_file,transformer,vib_current,42,,vib_current,corrected_formal_train_only_zscore,length8192,8192.0
formal_dl_transformer_vib_current_source_file_length8192_seed42_predictions.csv,source_mean_probability,macro_f1,0.9285714285714286,0.9277104166666666,0.7666666666666666,1.0,2000,source_recording_stratified_by_class,12,source_file,transformer,vib_current,42,,vib_current,corrected_formal_train_only_zscore,length8192,8192.0
formal_dl_transformer_vib_current_source_file_length8192_seed42_predictions.csv,source_mean_probability,worst_class_recall,0.75,0.753125,0.25,1.0,2000,source_recording_stratified_by_class,12,source_file,transformer,vib_current,42,,vib_current,corrected_formal_train_only_zscore,length8192,8192.0
formal_dl_transformer_vib_current_source_file_length8192_seed42_predictions.csv,source_majority_vote,accuracy,0.9166666666666666,0.9177083333333332,0.75,1.0,2000,source_recording_stratified_by_class,12,source_file,transformer,vib_current,42,,vib_current,corrected_formal_train_only_zscore,length8192,8192.0
formal_dl_transformer_vib_current_source_file_length8192_seed42_predictions.csv,source_majority_vote,macro_f1,0.9285714285714286,0.9277104166666666,0.7666666666666666,1.0,2000,source_recording_stratified_by_class,12,source_file,transformer,vib_current,42,,vib_current,corrected_formal_train_only_zscore,length8192,8192.0
formal_dl_transformer_vib_current_source_file_length8192_seed42_predictions.csv,source_majority_vote,worst_class_recall,0.75,0.753125,0.25,1.0,2000,source_recording_stratified_by_class,12,source_file,transformer,vib_current,42,,vib_current,corrected_formal_train_only_zscore,length8192,8192.0
formal_dl_transformer_vib_current_source_file_length8192_seed42_predictions.csv,window_clustered,accuracy,0.9338919925512104,0.9345514432029794,0.824487895716946,0.9986033519553073,2000,source_recording_stratified_by_class,12,source_file,transformer,vib_current,42,,vib_current,corrected_formal_train_only_zscore,length8192,8192.0
formal_dl_transformer_vib_current_source_file_length8192_seed42_predictions.csv,window_clustered,macro_f1,0.941958107531312,0.94228823101328,0.8441192906551772,0.9982517277617818,2000,source_recording_stratified_by_class,12,source_file,transformer,vib_current,42,,vib_current,corrected_formal_train_only_zscore,length8192,8192.0
formal_dl_transformer_vib_current_source_file_length8192_seed42_predictions.csv,window_clustered,worst_class_recall,0.8086592178770949,0.8100751862197394,0.4846368715083798,0.9916201117318436,2000,source_recording_stratified_by_class,12,source_file,transformer,vib_current,42,,vib_current,corrected_formal_train_only_zscore,length8192,8192.0
formal_dl_transformer_vib_current_source_file_length8192_seed43_predictions.csv,source_mean_probability,accuracy,1.0,1.0,1.0,1.0,2000,source_recording_stratified_by_class,12,source_file,transformer,vib_current,43,,vib_current,corrected_formal_train_only_zscore,length8192,8192.0
formal_dl_transformer_vib_current_source_file_length8192_seed43_predictions.csv,source_mean_probability,macro_f1,1.0,1.0,1.0,1.0,2000,source_recording_stratified_by_class,12,source_file,transformer,vib_current,43,,vib_current,corrected_formal_train_only_zscore,length8192,8192.0
formal_dl_transformer_vib_current_source_file_length8192_seed43_predictions.csv,source_mean_probability,worst_class_recall,1.0,1.0,1.0,1.0,2000,source_recording_stratified_by_class,12,source_file,transformer,vib_current,43,,vib_current,corrected_formal_train_only_zscore,length8192,8192.0
formal_dl_transformer_vib_current_source_file_length8192_seed43_predictions.csv,source_majority_vote,accuracy,1.0,1.0,1.0,1.0,2000,source_recording_stratified_by_class,12,source_file,transformer,vib_current,43,,vib_current,corrected_formal_train_only_zscore,length8192,8192.0
formal_dl_transformer_vib_current_source_file_length8192_seed43_predictions.csv,source_majority_vote,macro_f1,1.0,1.0,1.0,1.0,2000,source_recording_stratified_by_class,12,source_file,transformer,vib_current,43,,vib_current,corrected_formal_train_only_zscore,length8192,8192.0
formal_dl_transformer_vib_current_source_file_length8192_seed43_predictions.csv,source_majority_vote,worst_class_recall,1.0,1.0,1.0,1.0,2000,source_recording_stratified_by_class,12,source_file,transformer,vib_current,43,,vib_current,corrected_formal_train_only_zscore,length8192,8192.0
formal_dl_transformer_vib_current_source_file_length8192_seed43_predictions.csv,window_clustered,accuracy,0.98463687150838,0.9844506517690876,0.9706703910614524,0.9967411545623835,2000,source_recording_stratified_by_class,12,source_file,transformer,vib_current,43,,vib_current,corrected_formal_train_only_zscore,length8192,8192.0
formal_dl_transformer_vib_current_source_file_length8192_seed43_predictions.csv,window_clustered,macro_f1,0.985887887207808,0.9857445414996592,0.9738039438534192,0.9963924722946106,2000,source_recording_stratified_by_class,12,source_file,transformer,vib_current,43,,vib_current,corrected_formal_train_only_zscore,length8192,8192.0
formal_dl_transformer_vib_current_source_file_length8192_seed43_predictions.csv,window_clustered,worst_class_recall,0.9650837988826816,0.964014432029795,0.9287709497206704,0.9925512104283054,2000,source_recording_stratified_by_class,12,source_file,transformer,vib_current,43,,vib_current,corrected_formal_train_only_zscore,length8192,8192.0
formal_dl_transformer_vib_current_source_file_length8192_seed44_predictions.csv,source_mean_probability,accuracy,0.9166666666666666,0.9169166666666664,0.75,1.0,2000,source_recording_stratified_by_class,12,source_file,transformer,vib_current,44,,vib_current,corrected_formal_train_only_zscore,length8192,8192.0
formal_dl_transformer_vib_current_source_file_length8192_seed44_predictions.csv,source_mean_probability,macro_f1,0.9285714285714286,0.9270443452380952,0.7666666666666666,1.0,2000,source_recording_stratified_by_class,12,source_file,transformer,vib_current,44,,vib_current,corrected_formal_train_only_zscore,length8192,8192.0
formal_dl_transformer_vib_current_source_file_length8192_seed44_predictions.csv,source_mean_probability,worst_class_recall,0.75,0.75075,0.25,1.0,2000,source_recording_stratified_by_class,12,source_file,transformer,vib_current,44,,vib_current,corrected_formal_train_only_zscore,length8192,8192.0
formal_dl_transformer_vib_current_source_file_length8192_seed44_predictions.csv,source_majority_vote,accuracy,0.9166666666666666,0.9169166666666664,0.75,1.0,2000,source_recording_stratified_by_class,12,source_file,transformer,vib_current,44,,vib_current,corrected_formal_train_only_zscore,length8192,8192.0
formal_dl_transformer_vib_current_source_file_length8192_seed44_predictions.csv,source_majority_vote,macro_f1,0.9285714285714286,0.9270443452380952,0.7666666666666666,1.0,2000,source_recording_stratified_by_class,12,source_file,transformer,vib_current,44,,vib_current,corrected_formal_train_only_zscore,length8192,8192.0
formal_dl_transformer_vib_current_source_file_length8192_seed44_predictions.csv,source_majority_vote,worst_class_recall,0.75,0.75075,0.25,1.0,2000,source_recording_stratified_by_class,12,source_file,transformer,vib_current,44,,vib_current,corrected_formal_train_only_zscore,length8192,8192.0
formal_dl_transformer_vib_current_source_file_length8192_seed44_predictions.csv,window_clustered,accuracy,0.9241154562383612,0.9237241620111732,0.8300744878957169,0.98975791433892,2000,source_recording_stratified_by_class,12,source_file,transformer,vib_current,44,,vib_current,corrected_formal_train_only_zscore,length8192,8192.0
formal_dl_transformer_vib_current_source_file_length8192_seed44_predictions.csv,window_clustered,macro_f1,0.9313092483477344,0.9309419208742804,0.8507623795976852,0.9891263100916656,2000,source_recording_stratified_by_class,12,source_file,transformer,vib_current,44,,vib_current,corrected_formal_train_only_zscore,length8192,8192.0
formal_dl_transformer_vib_current_source_file_length8192_seed44_predictions.csv,window_clustered,worst_class_recall,0.8547486033519553,0.8301364059590317,0.5726256983240223,0.9739292364990688,2000,source_recording_stratified_by_class,12,source_file,transformer,vib_current,44,,vib_current,corrected_formal_train_only_zscore,length8192,8192.0
