split,model,source_file,true_label,mean_probability_prediction,majority_vote_prediction,window_count,condition_type,rpm_nominal,load_nm,mean_probability_bearing_ball,mean_probability_bearing_inner,mean_probability_bearing_outer,mean_probability_healthy
source_file,logistic_regression,data/raw/mcc5_thu_motor/MCC5-THU Motor/MCC5-THU Motor_speed_circulation/bearing_ball_H_speed_circulation_20Nm_3000rpm_250707144104.csv,bearing_ball,bearing_ball,bearing_ball,179,speed_circulation,3000.0,20.0,0.9927787485517271,0.00535317239145981,0.0011366451305612488,0.0007314339262519232
source_file,logistic_regression,data/raw/mcc5_thu_motor/MCC5-THU Motor/MCC5-THU Motor_speed_circulation/bearing_ball_L_speed_circulation_40Nm_2000rpm_250707160240.csv,bearing_ball,bearing_ball,bearing_ball,179,speed_circulation,2000.0,40.0,0.9845701584706282,2.6378194335659454e-11,0.00023370612455333675,0.015196135378440312
source_file,logistic_regression,data/raw/mcc5_thu_motor/MCC5-THU Motor/MCC5-THU Motor_speed_circulation/bearing_inner_H_speed_circulation_20Nm_1000rpm_250704090137.csv,bearing_inner,bearing_inner,bearing_inner,179,speed_circulation,1000.0,20.0,0.01816434998242927,0.9738511840675602,0.007983857972649359,6.079773612535453e-07
source_file,logistic_regression,data/raw/mcc5_thu_motor/MCC5-THU Motor/MCC5-THU Motor_speed_circulation/bearing_outer_H_speed_circulation_40Nm_3000rpm_250707105959.csv,bearing_outer,bearing_outer,bearing_outer,179,speed_circulation,3000.0,40.0,0.0011885016207291617,0.012322790687403603,0.9850422622610268,0.0014464454308404627
source_file,logistic_regression,data/raw/mcc5_thu_motor/MCC5-THU Motor/MCC5-THU Motor_speed_circulation/health_speed_circulation_40Nm_3000rpm_250702162804.csv,healthy,healthy,healthy,179,speed_circulation,3000.0,40.0,0.025004178456779148,3.306050270019294e-05,0.008453476743463133,0.9665092842970574
source_file,logistic_regression,data/raw/mcc5_thu_motor/MCC5-THU Motor/MCC5-THU Motor_torque_circulation/bearing_ball_H_torque_circulation_20Nm_1000rpm_250707135802d.csv,bearing_ball,bearing_ball,bearing_ball,179,torque_circulation,1000.0,20.0,0.9993800188971612,3.4340650257360487e-06,0.0005720214190794319,4.452561873363842e-05
source_file,logistic_regression,data/raw/mcc5_thu_motor/MCC5-THU Motor/MCC5-THU Motor_torque_circulation/bearing_inner_H_torque_circulation_20Nm_1000rpm_250704084736d.csv,bearing_inner,bearing_inner,bearing_inner,179,torque_circulation,1000.0,20.0,1.4134138175114223e-07,0.967834911164518,0.03216494747418238,1.9917824719754817e-11
source_file,logistic_regression,data/raw/mcc5_thu_motor/MCC5-THU Motor/MCC5-THU Motor_torque_circulation/bearing_inner_H_torque_circulation_20Nm_2000rpm_250704084956d.csv,bearing_inner,bearing_inner,bearing_inner,179,torque_circulation,2000.0,20.0,2.5780288519094577e-07,0.9999549803192894,4.475126326983507e-05,1.0614555399203387e-08
source_file,logistic_regression,data/raw/mcc5_thu_motor/MCC5-THU Motor/MCC5-THU Motor_torque_circulation/bearing_inner_L_torque_circulation_20Nm_3000rpm_250707112823d.csv,bearing_inner,bearing_inner,bearing_inner,179,torque_circulation,3000.0,20.0,6.882685784357602e-16,0.9997489343069451,1.6202272398445021e-10,0.0002510655310314388
source_file,logistic_regression,data/raw/mcc5_thu_motor/MCC5-THU Motor/MCC5-THU Motor_torque_circulation/bearing_outer_H_torque_circulation_20Nm_1000rpm_250707103949d.csv,bearing_outer,bearing_outer,bearing_outer,179,torque_circulation,1000.0,20.0,8.360134768798956e-06,3.905451122344563e-05,0.9999511570682188,1.42828578894542e-06
source_file,logistic_regression,data/raw/mcc5_thu_motor/MCC5-THU Motor/MCC5-THU Motor_torque_circulation/bearing_outer_L_torque_circulation_40Nm_1000rpm_250708094205d.csv,bearing_outer,bearing_outer,bearing_outer,179,torque_circulation,1000.0,40.0,5.926443519494055e-05,0.051862327610227,0.9479522812145067,0.0001261267400713267
source_file,logistic_regression,data/raw/mcc5_thu_motor/MCC5-THU Motor/MCC5-THU Motor_torque_circulation/health_torque_circulation_40Nm_3000rpm_250702160849d.csv,healthy,healthy,healthy,179,torque_circulation,3000.0,40.0,0.05425422929250862,1.6663584812477996e-08,0.0018438485736064522,0.9439019054703002
source_file,svm,data/raw/mcc5_thu_motor/MCC5-THU Motor/MCC5-THU Motor_speed_circulation/bearing_ball_H_speed_circulation_20Nm_3000rpm_250707144104.csv,bearing_ball,bearing_ball,bearing_ball,179,speed_circulation,3000.0,20.0,0.9834053703437846,0.0017298883838329164,0.00509463024066527,0.009770111031717215
source_file,svm,data/raw/mcc5_thu_motor/MCC5-THU Motor/MCC5-THU Motor_speed_circulation/bearing_ball_L_speed_circulation_40Nm_2000rpm_250707160240.csv,bearing_ball,bearing_ball,bearing_ball,179,speed_circulation,2000.0,40.0,0.899429115152519,0.003727077895758314,0.004583097161113301,0.09226070979060955
source_file,svm,data/raw/mcc5_thu_motor/MCC5-THU Motor/MCC5-THU Motor_speed_circulation/bearing_inner_H_speed_circulation_20Nm_1000rpm_250704090137.csv,bearing_inner,bearing_inner,bearing_inner,179,speed_circulation,1000.0,20.0,0.005386801154830085,0.9727332782793366,0.019891391714446365,0.0019885288513869057
source_file,svm,data/raw/mcc5_thu_motor/MCC5-THU Motor/MCC5-THU Motor_speed_circulation/bearing_outer_H_speed_circulation_40Nm_3000rpm_250707105959.csv,bearing_outer,bearing_outer,bearing_outer,179,speed_circulation,3000.0,40.0,0.006435160752371798,0.005158419463535807,0.9864664472599275,0.0019399725241648251
source_file,svm,data/raw/mcc5_thu_motor/MCC5-THU Motor/MCC5-THU Motor_speed_circulation/health_speed_circulation_40Nm_3000rpm_250702162804.csv,healthy,healthy,healthy,179,speed_circulation,3000.0,40.0,0.047894635081993146,0.004374892123040644,0.012189056671972301,0.935541416122994
source_file,svm,data/raw/mcc5_thu_motor/MCC5-THU Motor/MCC5-THU Motor_torque_circulation/bearing_ball_H_torque_circulation_20Nm_1000rpm_250707135802d.csv,bearing_ball,bearing_ball,bearing_ball,179,torque_circulation,1000.0,20.0,0.9990170383705936,0.00013847038630930206,0.0006162685955009686,0.00022822264759609658
source_file,svm,data/raw/mcc5_thu_motor/MCC5-THU Motor/MCC5-THU Motor_torque_circulation/bearing_inner_H_torque_circulation_20Nm_1000rpm_250704084736d.csv,bearing_inner,bearing_inner,bearing_inner,179,torque_circulation,1000.0,20.0,2.779490001426883e-05,0.9988791948379501,0.0008489934096139836,0.00024401685242163567
source_file,svm,data/raw/mcc5_thu_motor/MCC5-THU Motor/MCC5-THU Motor_torque_circulation/bearing_inner_H_torque_circulation_20Nm_2000rpm_250704084956d.csv,bearing_inner,bearing_inner,bearing_inner,179,torque_circulation,2000.0,20.0,0.00044178449509991297,0.9988682312669668,0.0001687208856750497,0.0005212633522583609
source_file,svm,data/raw/mcc5_thu_motor/MCC5-THU Motor/MCC5-THU Motor_torque_circulation/bearing_inner_L_torque_circulation_20Nm_3000rpm_250707112823d.csv,bearing_inner,bearing_inner,bearing_inner,179,torque_circulation,3000.0,20.0,0.002217607230693694,0.9928554509386913,0.002357829751797387,0.002569112078817574
source_file,svm,data/raw/mcc5_thu_motor/MCC5-THU Motor/MCC5-THU Motor_torque_circulation/bearing_outer_H_torque_circulation_20Nm_1000rpm_250707103949d.csv,bearing_outer,bearing_outer,bearing_outer,179,torque_circulation,1000.0,20.0,3.7966331825328366e-05,5.978023633739008e-05,0.9995131927938428,0.00038906063799460294
source_file,svm,data/raw/mcc5_thu_motor/MCC5-THU Motor/MCC5-THU Motor_torque_circulation/bearing_outer_L_torque_circulation_40Nm_1000rpm_250708094205d.csv,bearing_outer,bearing_outer,bearing_outer,179,torque_circulation,1000.0,40.0,0.017030972145736577,0.13051639082124766,0.8418804000548592,0.01057223697815674
source_file,svm,data/raw/mcc5_thu_motor/MCC5-THU Motor/MCC5-THU Motor_torque_circulation/health_torque_circulation_40Nm_3000rpm_250702160849d.csv,healthy,healthy,healthy,179,torque_circulation,3000.0,40.0,0.01167904471958767,9.221058279292269e-05,0.0010018058243959791,0.9872269388732235
source_file,random_forest,data/raw/mcc5_thu_motor/MCC5-THU Motor/MCC5-THU Motor_speed_circulation/bearing_ball_H_speed_circulation_20Nm_3000rpm_250707144104.csv,bearing_ball,bearing_ball,bearing_ball,179,speed_circulation,3000.0,20.0,0.9596648044692737,0.005418994413407822,0.03237430167597765,0.002541899441340782
source_file,random_forest,data/raw/mcc5_thu_motor/MCC5-THU Motor/MCC5-THU Motor_speed_circulation/bearing_ball_L_speed_circulation_40Nm_2000rpm_250707160240.csv,bearing_ball,bearing_ball,bearing_ball,179,speed_circulation,2000.0,40.0,0.9666480446927372,0.006312849162011174,0.008407821229050278,0.01863128491620112
source_file,random_forest,data/raw/mcc5_thu_motor/MCC5-THU Motor/MCC5-THU Motor_speed_circulation/bearing_inner_H_speed_circulation_20Nm_1000rpm_250704090137.csv,bearing_inner,bearing_inner,bearing_inner,179,speed_circulation,1000.0,20.0,0.010446927374301676,0.9472346368715084,0.038994413407821234,0.003324022346368715
source_file,random_forest,data/raw/mcc5_thu_motor/MCC5-THU Motor/MCC5-THU Motor_speed_circulation/bearing_outer_H_speed_circulation_40Nm_3000rpm_250707105959.csv,bearing_outer,bearing_outer,bearing_outer,179,speed_circulation,3000.0,40.0,0.026843575418994414,0.04346368715083799,0.9236312849162011,0.006061452513966481
source_file,random_forest,data/raw/mcc5_thu_motor/MCC5-THU Motor/MCC5-THU Motor_speed_circulation/health_speed_circulation_40Nm_3000rpm_250702162804.csv,healthy,healthy,healthy,179,speed_circulation,3000.0,40.0,0.05558659217877095,0.018324022346368717,0.023072625698324026,0.9030167597765363
source_file,random_forest,data/raw/mcc5_thu_motor/MCC5-THU Motor/MCC5-THU Motor_torque_circulation/bearing_ball_H_torque_circulation_20Nm_1000rpm_250707135802d.csv,bearing_ball,bearing_ball,bearing_ball,179,torque_circulation,1000.0,20.0,0.9058100558659217,0.0009217877094972067,0.08251396648044693,0.010754189944134077
source_file,random_forest,data/raw/mcc5_thu_motor/MCC5-THU Motor/MCC5-THU Motor_torque_circulation/bearing_inner_H_torque_circulation_20Nm_1000rpm_250704084736d.csv,bearing_inner,bearing_inner,bearing_inner,179,torque_circulation,1000.0,20.0,0.000977653631284916,0.9848603351955307,0.014134078212290504,2.793296089385475e-05
source_file,random_forest,data/raw/mcc5_thu_motor/MCC5-THU Motor/MCC5-THU Motor_torque_circulation/bearing_inner_H_torque_circulation_20Nm_2000rpm_250704084956d.csv,bearing_inner,bearing_inner,bearing_inner,179,torque_circulation,2000.0,20.0,0.0017039106145251399,0.9810335195530727,0.01533519553072626,0.0019273743016759777
source_file,random_forest,data/raw/mcc5_thu_motor/MCC5-THU Motor/MCC5-THU Motor_torque_circulation/bearing_inner_L_torque_circulation_20Nm_3000rpm_250707112823d.csv,bearing_inner,bearing_inner,bearing_inner,179,torque_circulation,3000.0,20.0,0.0041620111731843585,0.9694413407821231,0.01340782122905028,0.012988826815642458
source_file,random_forest,data/raw/mcc5_thu_motor/MCC5-THU Motor/MCC5-THU Motor_torque_circulation/bearing_outer_H_torque_circulation_20Nm_1000rpm_250707103949d.csv,bearing_outer,bearing_outer,bearing_outer,179,torque_circulation,1000.0,20.0,0.002011173184357542,0.0032122905027932966,0.9945810055865922,0.00019553072625698323
source_file,random_forest,data/raw/mcc5_thu_motor/MCC5-THU Motor/MCC5-THU Motor_torque_circulation/bearing_outer_L_torque_circulation_40Nm_1000rpm_250708094205d.csv,bearing_outer,bearing_outer,bearing_outer,179,torque_circulation,1000.0,40.0,0.020530726256983243,0.07634078212290503,0.9024581005586594,0.000670391061452514
source_file,random_forest,data/raw/mcc5_thu_motor/MCC5-THU Motor/MCC5-THU Motor_torque_circulation/health_torque_circulation_40Nm_3000rpm_250702160849d.csv,healthy,healthy,healthy,179,torque_circulation,3000.0,40.0,0.039888268156424586,0.004329608938547486,0.021368715083798884,0.934413407821229
source_file,mlp,data/raw/mcc5_thu_motor/MCC5-THU Motor/MCC5-THU Motor_speed_circulation/bearing_ball_H_speed_circulation_20Nm_3000rpm_250707144104.csv,bearing_ball,bearing_ball,bearing_ball,179,speed_circulation,3000.0,20.0,0.9975188065689149,0.00036465352598638107,0.00162936848191368,0.0004871714231852455
source_file,mlp,data/raw/mcc5_thu_motor/MCC5-THU Motor/MCC5-THU Motor_speed_circulation/bearing_ball_L_speed_circulation_40Nm_2000rpm_250707160240.csv,bearing_ball,bearing_ball,bearing_ball,179,speed_circulation,2000.0,40.0,0.984121096138012,0.004873080775044857,2.4922447202685693e-05,0.01098090063974042
source_file,mlp,data/raw/mcc5_thu_motor/MCC5-THU Motor/MCC5-THU Motor_speed_circulation/bearing_inner_H_speed_circulation_20Nm_1000rpm_250704090137.csv,bearing_inner,bearing_inner,bearing_inner,179,speed_circulation,1000.0,20.0,0.01044059637123875,0.9798233849115847,0.009724076207565076,1.1942509611573969e-05
source_file,mlp,data/raw/mcc5_thu_motor/MCC5-THU Motor/MCC5-THU Motor_speed_circulation/bearing_outer_H_speed_circulation_40Nm_3000rpm_250707105959.csv,bearing_outer,bearing_outer,bearing_outer,179,speed_circulation,3000.0,40.0,0.0003597887357047121,0.012968375371051466,0.9863602077426789,0.00031162815056486677
source_file,mlp,data/raw/mcc5_thu_motor/MCC5-THU Motor/MCC5-THU Motor_speed_circulation/health_speed_circulation_40Nm_3000rpm_250702162804.csv,healthy,healthy,healthy,179,speed_circulation,3000.0,40.0,0.11371844858006545,0.005862416386047093,0.022726911733541508,0.8576922233003458
source_file,mlp,data/raw/mcc5_thu_motor/MCC5-THU Motor/MCC5-THU Motor_torque_circulation/bearing_ball_H_torque_circulation_20Nm_1000rpm_250707135802d.csv,bearing_ball,bearing_ball,bearing_ball,179,torque_circulation,1000.0,20.0,0.9998960832409663,9.58826527550225e-07,0.00010215946720072157,7.984653054792447e-07
source_file,mlp,data/raw/mcc5_thu_motor/MCC5-THU Motor/MCC5-THU Motor_torque_circulation/bearing_inner_H_torque_circulation_20Nm_1000rpm_250704084736d.csv,bearing_inner,bearing_inner,bearing_inner,179,torque_circulation,1000.0,20.0,0.00010064733004787632,0.984251959181221,0.01564739057635896,2.9123720556523606e-09
source_file,mlp,data/raw/mcc5_thu_motor/MCC5-THU Motor/MCC5-THU Motor_torque_circulation/bearing_inner_H_torque_circulation_20Nm_2000rpm_250704084956d.csv,bearing_inner,bearing_inner,bearing_inner,179,torque_circulation,2000.0,20.0,1.0204918462736793e-05,0.9998471823718355,0.00014207635809896442,5.363516027406454e-07
source_file,mlp,data/raw/mcc5_thu_motor/MCC5-THU Motor/MCC5-THU Motor_torque_circulation/bearing_inner_L_torque_circulation_20Nm_3000rpm_250707112823d.csv,bearing_inner,bearing_inner,bearing_inner,179,torque_circulation,3000.0,20.0,1.5299239289949418e-05,0.9989506966578227,0.0003605794730815317,0.0006734246298058993
source_file,mlp,data/raw/mcc5_thu_motor/MCC5-THU Motor/MCC5-THU Motor_torque_circulation/bearing_outer_H_torque_circulation_20Nm_1000rpm_250707103949d.csv,bearing_outer,bearing_outer,bearing_outer,179,torque_circulation,1000.0,20.0,1.0320857017709452e-05,3.96236514300386e-05,0.9999327296143121,1.732587724017008e-05
source_file,mlp,data/raw/mcc5_thu_motor/MCC5-THU Motor/MCC5-THU Motor_torque_circulation/bearing_outer_L_torque_circulation_40Nm_1000rpm_250708094205d.csv,bearing_outer,bearing_outer,bearing_outer,179,torque_circulation,1000.0,40.0,0.001599275916355813,0.13699708101640987,0.8595428101297751,0.0018608329374594583
source_file,mlp,data/raw/mcc5_thu_motor/MCC5-THU Motor/MCC5-THU Motor_torque_circulation/health_torque_circulation_40Nm_3000rpm_250702160849d.csv,healthy,healthy,healthy,179,torque_circulation,3000.0,40.0,0.08810152555303005,4.258273721117776e-05,0.0016970568491917687,0.910158834860567
source_file,xgboost,data/raw/mcc5_thu_motor/MCC5-THU Motor/MCC5-THU Motor_speed_circulation/bearing_ball_H_speed_circulation_20Nm_3000rpm_250707144104.csv,bearing_ball,bearing_ball,bearing_ball,179,speed_circulation,3000.0,20.0,0.9972292184829712,0.0015888072084635496,0.001041362527757883,0.00014059513341635466
source_file,xgboost,data/raw/mcc5_thu_motor/MCC5-THU Motor/MCC5-THU Motor_speed_circulation/bearing_ball_L_speed_circulation_40Nm_2000rpm_250707160240.csv,bearing_ball,bearing_ball,bearing_ball,179,speed_circulation,2000.0,40.0,0.9869093894958496,0.005922960117459297,0.0015634058509021997,0.005604181904345751
source_file,xgboost,data/raw/mcc5_thu_motor/MCC5-THU Motor/MCC5-THU Motor_speed_circulation/bearing_inner_H_speed_circulation_20Nm_1000rpm_250704090137.csv,bearing_inner,bearing_inner,bearing_inner,179,speed_circulation,1000.0,20.0,0.004614978097379208,0.9791393876075745,0.015781419351696968,0.0004642984422389418
source_file,xgboost,data/raw/mcc5_thu_motor/MCC5-THU Motor/MCC5-THU Motor_speed_circulation/bearing_outer_H_speed_circulation_40Nm_3000rpm_250707105959.csv,bearing_outer,bearing_outer,bearing_outer,179,speed_circulation,3000.0,40.0,0.0007901657954789698,0.012011442333459854,0.9871072769165039,9.116526052821428e-05
source_file,xgboost,data/raw/mcc5_thu_motor/MCC5-THU Motor/MCC5-THU Motor_speed_circulation/health_speed_circulation_40Nm_3000rpm_250702162804.csv,healthy,healthy,healthy,179,speed_circulation,3000.0,40.0,0.004296023864299059,0.001813315786421299,0.001586200320161879,0.9923044443130493
source_file,xgboost,data/raw/mcc5_thu_motor/MCC5-THU Motor/MCC5-THU Motor_torque_circulation/bearing_ball_H_torque_circulation_20Nm_1000rpm_250707135802d.csv,bearing_ball,bearing_ball,bearing_ball,179,torque_circulation,1000.0,20.0,0.9980230331420898,0.0002498400572221726,0.0015684477984905243,0.00015872137737460434
source_file,xgboost,data/raw/mcc5_thu_motor/MCC5-THU Motor/MCC5-THU Motor_torque_circulation/bearing_inner_H_torque_circulation_20Nm_1000rpm_250704084736d.csv,bearing_inner,bearing_inner,bearing_inner,179,torque_circulation,1000.0,20.0,0.00027099860017187893,0.9991641640663147,0.0005011949688196182,6.359462713589892e-05
source_file,xgboost,data/raw/mcc5_thu_motor/MCC5-THU Motor/MCC5-THU Motor_torque_circulation/bearing_inner_H_torque_circulation_20Nm_2000rpm_250704084956d.csv,bearing_inner,bearing_inner,bearing_inner,179,torque_circulation,2000.0,20.0,9.91419074125588e-05,0.9996584057807922,0.00019938024342991412,4.303788227844052e-05
source_file,xgboost,data/raw/mcc5_thu_motor/MCC5-THU Motor/MCC5-THU Motor_torque_circulation/bearing_inner_L_torque_circulation_20Nm_3000rpm_250707112823d.csv,bearing_inner,bearing_inner,bearing_inner,179,torque_circulation,3000.0,20.0,0.00020576499809976667,0.9988330006599426,0.0003705380077008158,0.0005907561280764639
source_file,xgboost,data/raw/mcc5_thu_motor/MCC5-THU Motor/MCC5-THU Motor_torque_circulation/bearing_outer_H_torque_circulation_20Nm_1000rpm_250707103949d.csv,bearing_outer,bearing_outer,bearing_outer,179,torque_circulation,1000.0,20.0,0.0003212452866137028,0.00010471574933035299,0.9995228052139282,5.126315954839811e-05
source_file,xgboost,data/raw/mcc5_thu_motor/MCC5-THU Motor/MCC5-THU Motor_torque_circulation/bearing_outer_L_torque_circulation_40Nm_1000rpm_250708094205d.csv,bearing_outer,bearing_outer,bearing_outer,179,torque_circulation,1000.0,40.0,0.0004958809586241841,0.00067197933094576,0.9987832903862,4.883941073785536e-05
source_file,xgboost,data/raw/mcc5_thu_motor/MCC5-THU Motor/MCC5-THU Motor_torque_circulation/health_torque_circulation_40Nm_3000rpm_250702160849d.csv,healthy,healthy,healthy,179,torque_circulation,3000.0,40.0,0.0002384567924309522,0.00025085260858759284,0.0005655957502312958,0.9989451766014099
cross_condition,logistic_regression,data/raw/mcc5_thu_motor/MCC5-THU Motor/MCC5-THU Motor_torque_circulation/bearing_ball_H_torque_circulation_20Nm_1000rpm_250707135802d.csv,bearing_ball,bearing_ball,bearing_ball,179,torque_circulation,1000.0,20.0,0.5598482366964987,1.1745789793269207e-05,0.4401312347005918,8.782813116083101e-06
cross_condition,logistic_regression,data/raw/mcc5_thu_motor/MCC5-THU Motor/MCC5-THU Motor_torque_circulation/bearing_ball_H_torque_circulation_20Nm_2000rpm_250707140027d.csv,bearing_ball,bearing_ball,bearing_ball,179,torque_circulation,2000.0,20.0,0.9998918569719418,9.600074313310586e-09,0.00010671575888284042,1.4176691010037158e-06
cross_condition,logistic_regression,data/raw/mcc5_thu_motor/MCC5-THU Motor/MCC5-THU Motor_torque_circulation/bearing_ball_H_torque_circulation_20Nm_3000rpm_250707140229d.csv,bearing_ball,bearing_ball,bearing_ball,179,torque_circulation,3000.0,20.0,0.9564986335436927,2.645328953605569e-09,0.04321757279447607,0.0002837910165021237
cross_condition,logistic_regression,data/raw/mcc5_thu_motor/MCC5-THU Motor/MCC5-THU Motor_torque_circulation/bearing_ball_H_torque_circulation_40Nm_1000rpm_250707140440d.csv,bearing_ball,bearing_ball,bearing_ball,179,torque_circulation,1000.0,40.0,0.9962992404677213,3.0225658506088077e-05,0.0034036010785717828,0.0002669327952007465
cross_condition,logistic_regression,data/raw/mcc5_thu_motor/MCC5-THU Motor/MCC5-THU Motor_torque_circulation/bearing_ball_H_torque_circulation_40Nm_2000rpm_250707142821d.csv,bearing_ball,bearing_ball,bearing_ball,179,torque_circulation,2000.0,40.0,0.9984596298375137,3.3678370890100275e-06,0.0006226937221885277,0.0009143086032086436
cross_condition,logistic_regression,data/raw/mcc5_thu_motor/MCC5-THU Motor/MCC5-THU Motor_torque_circulation/bearing_ball_H_torque_circulation_40Nm_3000rpm_250707143025d.csv,bearing_ball,bearing_ball,bearing_ball,179,torque_circulation,3000.0,40.0,0.9990950852743068,1.6345865872664586e-09,0.0008786818546303454,2.6231236476241112e-05
cross_condition,logistic_regression,data/raw/mcc5_thu_motor/MCC5-THU Motor/MCC5-THU Motor_torque_circulation/bearing_ball_L_torque_circulation_20Nm_1000rpm_250707153516d.csv,bearing_ball,bearing_ball,bearing_ball,179,torque_circulation,1000.0,20.0,0.9911793677275063,1.4615916214018535e-11,0.005726563323912707,0.0030940689339652673
cross_condition,logistic_regression,data/raw/mcc5_thu_motor/MCC5-THU Motor/MCC5-THU Motor_torque_circulation/bearing_ball_L_torque_circulation_20Nm_2000rpm_250707153733d.csv,bearing_ball,bearing_ball,bearing_ball,179,torque_circulation,2000.0,20.0,0.989541835461457,2.34251399447048e-10,0.005596921351551518,0.004861242952740143
cross_condition,logistic_regression,data/raw/mcc5_thu_motor/MCC5-THU Motor/MCC5-THU Motor_torque_circulation/bearing_ball_L_torque_circulation_20Nm_3000rpm_250707153938d.csv,bearing_ball,bearing_outer,bearing_outer,179,torque_circulation,3000.0,20.0,0.1870522336117337,4.2592621157026294e-07,0.8129274535651282,1.9886896926592367e-05
cross_condition,logistic_regression,data/raw/mcc5_thu_motor/MCC5-THU Motor/MCC5-THU Motor_torque_circulation/bearing_ball_L_torque_circulation_40Nm_1000rpm_250707154144d.csv,bearing_ball,bearing_ball,bearing_ball,179,torque_circulation,1000.0,40.0,0.9963234706886297,6.9461573111738086e-12,0.0016891759614237713,0.0019873533430002487
cross_condition,logistic_regression,data/raw/mcc5_thu_motor/MCC5-THU Motor/MCC5-THU Motor_torque_circulation/bearing_ball_L_torque_circulation_40Nm_2000rpm_250707154410d.csv,bearing_ball,bearing_ball,bearing_ball,179,torque_circulation,2000.0,40.0,0.9982104094423977,1.340388312858581e-11,0.00012895639512630708,0.0016606341490720418
cross_condition,logistic_regression,data/raw/mcc5_thu_motor/MCC5-THU Motor/MCC5-THU Motor_torque_circulation/bearing_ball_L_torque_circulation_40Nm_3000rpm_250707154630d.csv,bearing_ball,bearing_ball,bearing_ball,179,torque_circulation,3000.0,40.0,0.999886532977299,6.061196425446983e-13,0.00010156854239557295,1.1898479699432925e-05
cross_condition,logistic_regression,data/raw/mcc5_thu_motor/MCC5-THU Motor/MCC5-THU Motor_torque_circulation/bearing_inner_H_torque_circulation_20Nm_1000rpm_250704084736d.csv,bearing_inner,bearing_inner,bearing_inner,179,torque_circulation,1000.0,20.0,1.7123890088946556e-07,0.8371655853691526,0.1628342433803159,1.1630624701242192e-11
cross_condition,logistic_regression,data/raw/mcc5_thu_motor/MCC5-THU Motor/MCC5-THU Motor_torque_circulation/bearing_inner_H_torque_circulation_20Nm_2000rpm_250704084956d.csv,bearing_inner,bearing_inner,bearing_inner,179,torque_circulation,2000.0,20.0,4.277548134610257e-09,0.9993709333213419,0.0006290599076396733,2.4934704012146554e-09
cross_condition,logistic_regression,data/raw/mcc5_thu_motor/MCC5-THU Motor/MCC5-THU Motor_torque_circulation/bearing_inner_H_torque_circulation_20Nm_3000rpm_250704085209d.csv,bearing_inner,bearing_inner,bearing_inner,179,torque_circulation,3000.0,20.0,2.206200606543522e-15,0.9999999999881412,1.185665693953036e-11,8.272186644582515e-23
cross_condition,logistic_regression,data/raw/mcc5_thu_motor/MCC5-THU Motor/MCC5-THU Motor_torque_circulation/bearing_inner_H_torque_circulation_40Nm_1000rpm_250704085422d.csv,bearing_inner,bearing_inner,bearing_inner,179,torque_circulation,1000.0,40.0,4.357989313579135e-06,0.9427770334265883,0.057218608552287685,3.181052000281014e-11
cross_condition,logistic_regression,data/raw/mcc5_thu_motor/MCC5-THU Motor/MCC5-THU Motor_torque_circulation/bearing_inner_H_torque_circulation_40Nm_2000rpm_250704085637d.csv,bearing_inner,bearing_inner,bearing_inner,179,torque_circulation,2000.0,40.0,2.376030307663507e-10,0.9998203658243343,0.0001796279785193909,5.959543074199343e-09
cross_condition,logistic_regression,data/raw/mcc5_thu_motor/MCC5-THU Motor/MCC5-THU Motor_torque_circulation/bearing_inner_H_torque_circulation_40Nm_3000rpm_250704085907d.csv,bearing_inner,bearing_inner,bearing_inner,179,torque_circulation,3000.0,40.0,2.9650260050348423e-15,0.9999999989560754,1.0439217603517933e-09,2.1925572894762237e-21
cross_condition,logistic_regression,data/raw/mcc5_thu_motor/MCC5-THU Motor/MCC5-THU Motor_torque_circulation/bearing_inner_L_torque_circulation_20Nm_1000rpm_250707112415d.csv,bearing_inner,bearing_inner,bearing_inner,179,torque_circulation,1000.0,20.0,4.713440535297653e-09,0.9967918012775338,0.0029549947114386782,0.00025319929758694306
cross_condition,logistic_regression,data/raw/mcc5_thu_motor/MCC5-THU Motor/MCC5-THU Motor_torque_circulation/bearing_inner_L_torque_circulation_20Nm_2000rpm_250707112622d.csv,bearing_inner,bearing_inner,bearing_inner,179,torque_circulation,2000.0,20.0,4.6706096945734876e-14,0.9999992361977547,2.1693679606134362e-10,7.635852618575457e-07
cross_condition,logistic_regression,data/raw/mcc5_thu_motor/MCC5-THU Motor/MCC5-THU Motor_torque_circulation/bearing_inner_L_torque_circulation_20Nm_3000rpm_250707112823d.csv,bearing_inner,bearing_inner,bearing_inner,179,torque_circulation,3000.0,20.0,9.542490721078507e-18,0.9999957756663896,3.203376481507577e-14,4.224333578384549e-06
cross_condition,logistic_regression,data/raw/mcc5_thu_motor/MCC5-THU Motor/MCC5-THU Motor_torque_circulation/bearing_inner_L_torque_circulation_40Nm_1000rpm_250707113035d.csv,bearing_inner,bearing_inner,bearing_inner,179,torque_circulation,1000.0,40.0,1.5020933094351507e-08,0.9979137635124418,0.0013508350825542509,0.0007353863840708653
cross_condition,logistic_regression,data/raw/mcc5_thu_motor/MCC5-THU Motor/MCC5-THU Motor_torque_circulation/bearing_inner_L_torque_circulation_40Nm_2000rpm_250707113243d.csv,bearing_inner,bearing_inner,bearing_inner,179,torque_circulation,2000.0,40.0,6.66547174870588e-14,0.9999996448509009,1.0474400231921504e-10,3.5504428856410115e-07
cross_condition,logistic_regression,data/raw/mcc5_thu_motor/MCC5-THU Motor/MCC5-THU Motor_torque_circulation/bearing_inner_L_torque_circulation_40Nm_3000rpm_250707113444d.csv,bearing_inner,bearing_inner,bearing_inner,179,torque_circulation,3000.0,40.0,3.5198424748145794e-17,0.9999993318996881,6.6327667194932765e-15,6.681003051945439e-07
cross_condition,logistic_regression,data/raw/mcc5_thu_motor/MCC5-THU Motor/MCC5-THU Motor_torque_circulation/bearing_outer_H_torque_circulation_20Nm_1000rpm_250707103949d.csv,bearing_outer,bearing_outer,bearing_outer,179,torque_circulation,1000.0,20.0,0.0004585391769658773,3.600643517888336e-05,0.9995024755863001,2.9788015549219993e-06
cross_condition,logistic_regression,data/raw/mcc5_thu_motor/MCC5-THU Motor/MCC5-THU Motor_torque_circulation/bearing_outer_H_torque_circulation_20Nm_2000rpm_250707103802d.csv,bearing_outer,bearing_outer,bearing_outer,179,torque_circulation,2000.0,20.0,4.606531927109181e-05,0.0002042713249291328,0.999596162065011,0.0001535012907887823
cross_condition,logistic_regression,data/raw/mcc5_thu_motor/MCC5-THU Motor/MCC5-THU Motor_torque_circulation/bearing_outer_H_torque_circulation_20Nm_3000rpm_250821175544.csv,bearing_outer,bearing_inner,bearing_inner,179,torque_circulation,3000.0,20.0,0.08938547592580709,0.7669090219915262,0.14370550208266675,2.2295607351703485e-58
cross_condition,logistic_regression,data/raw/mcc5_thu_motor/MCC5-THU Motor/MCC5-THU Motor_torque_circulation/bearing_outer_H_torque_circulation_40Nm_1000rpm_250707104154d.csv,bearing_outer,bearing_outer,bearing_outer,179,torque_circulation,1000.0,40.0,0.004983577468731973,0.0021600680683082365,0.9928080710178298,4.8283445130103775e-05
cross_condition,logistic_regression,data/raw/mcc5_thu_motor/MCC5-THU Motor/MCC5-THU Motor_torque_circulation/bearing_outer_H_torque_circulation_40Nm_2000rpm_250707104408d.csv,bearing_outer,bearing_outer,bearing_outer,179,torque_circulation,2000.0,40.0,1.896353102456123e-05,0.00133862595109335,0.9978013850030298,0.0008410255148523419
cross_condition,logistic_regression,data/raw/mcc5_thu_motor/MCC5-THU Motor/MCC5-THU Motor_torque_circulation/bearing_outer_H_torque_circulation_40Nm_3000rpm_250707104611d.csv,bearing_outer,bearing_outer,bearing_outer,179,torque_circulation,3000.0,40.0,7.276413961267645e-05,1.9125974051953337e-05,0.9999066360032033,1.473883132204362e-06
cross_condition,logistic_regression,data/raw/mcc5_thu_motor/MCC5-THU Motor/MCC5-THU Motor_torque_circulation/bearing_outer_L_torque_circulation_20Nm_1000rpm_250708093600d.csv,bearing_outer,bearing_outer,bearing_outer,179,torque_circulation,1000.0,20.0,2.4959214251170423e-08,1.5931665571492338e-06,0.999998381406875,4.673537176294926e-10
cross_condition,logistic_regression,data/raw/mcc5_thu_motor/MCC5-THU Motor/MCC5-THU Motor_torque_circulation/bearing_outer_L_torque_circulation_20Nm_2000rpm_250708093806d.csv,bearing_outer,bearing_outer,bearing_outer,179,torque_circulation,2000.0,20.0,0.001120744322418936,2.7315398958011235e-05,0.9988514238867396,5.163918833360382e-07
cross_condition,logistic_regression,data/raw/mcc5_thu_motor/MCC5-THU Motor/MCC5-THU Motor_torque_circulation/bearing_outer_L_torque_circulation_20Nm_3000rpm_250708094011d.csv,bearing_outer,bearing_outer,bearing_outer,179,torque_circulation,3000.0,20.0,0.001606892828663207,6.670241547663732e-07,0.9983924023287448,3.7818437283334306e-08
cross_condition,logistic_regression,data/raw/mcc5_thu_motor/MCC5-THU Motor/MCC5-THU Motor_torque_circulation/bearing_outer_L_torque_circulation_40Nm_1000rpm_250708094205d.csv,bearing_outer,bearing_outer,bearing_outer,179,torque_circulation,1000.0,40.0,3.0708163960369795e-05,0.0003707277702802622,0.9995867187009538,1.1845364805580039e-05
cross_condition,logistic_regression,data/raw/mcc5_thu_motor/MCC5-THU Motor/MCC5-THU Motor_torque_circulation/bearing_outer_L_torque_circulation_40Nm_2000rpm_250708094403d.csv,bearing_outer,bearing_outer,bearing_outer,179,torque_circulation,2000.0,40.0,0.0064902008256683815,0.0002883111823369298,0.9932059219613764,1.5566030618461013e-05
cross_condition,logistic_regression,data/raw/mcc5_thu_motor/MCC5-THU Motor/MCC5-THU Motor_torque_circulation/bearing_outer_L_torque_circulation_40Nm_3000rpm_250708094556d.csv,bearing_outer,bearing_outer,bearing_outer,179,torque_circulation,3000.0,40.0,0.008243781918520866,1.406267994770562e-05,0.9917361321851723,6.023216359070703e-06
cross_condition,logistic_regression,data/raw/mcc5_thu_motor/MCC5-THU Motor/MCC5-THU Motor_torque_circulation/health_torque_circulation_20Nm_1000rpm_250702154813d.csv,healthy,healthy,healthy,179,torque_circulation,1000.0,20.0,0.12400817244599015,6.7714062157241454e-09,0.0166392895494469,0.8593525312331566
cross_condition,logistic_regression,data/raw/mcc5_thu_motor/MCC5-THU Motor/MCC5-THU Motor_torque_circulation/health_torque_circulation_20Nm_2000rpm_250702155521d.csv,healthy,healthy,healthy,179,torque_circulation,2000.0,20.0,0.10499200365640937,6.709781775103032e-08,0.0009259290979359868,0.8940820001478369
cross_condition,logistic_regression,data/raw/mcc5_thu_motor/MCC5-THU Motor/MCC5-THU Motor_torque_circulation/health_torque_circulation_20Nm_3000rpm_250702155743d.csv,healthy,healthy,healthy,179,torque_circulation,3000.0,20.0,0.09107289879134851,4.7444809884972236e-09,0.012652294885201965,0.8962748015789684
cross_condition,logistic_regression,data/raw/mcc5_thu_motor/MCC5-THU Motor/MCC5-THU Motor_torque_circulation/health_torque_circulation_40Nm_1000rpm_250702161315d.csv,healthy,healthy,healthy,179,torque_circulation,1000.0,40.0,0.11377939278822313,9.084322984030063e-09,0.0031441845053057113,0.8830764136221482
cross_condition,logistic_regression,data/raw/mcc5_thu_motor/MCC5-THU Motor/MCC5-THU Motor_torque_circulation/health_torque_circulation_40Nm_2000rpm_250702161114d.csv,healthy,healthy,healthy,179,torque_circulation,2000.0,40.0,0.10800189589925693,3.5572413019363836e-07,0.0015418489533304337,0.8904558994232825
cross_condition,logistic_regression,data/raw/mcc5_thu_motor/MCC5-THU Motor/MCC5-THU Motor_torque_circulation/health_torque_circulation_40Nm_3000rpm_250702160849d.csv,healthy,healthy,healthy,179,torque_circulation,3000.0,40.0,0.06165938566250566,1.3680754494359305e-08,0.028541863550709527,0.9097987371060303
cross_condition,svm,data/raw/mcc5_thu_motor/MCC5-THU Motor/MCC5-THU Motor_torque_circulation/bearing_ball_H_torque_circulation_20Nm_1000rpm_250707135802d.csv,bearing_ball,bearing_ball,bearing_ball,179,torque_circulation,1000.0,20.0,0.8409984458539134,0.017278882753008266,0.13821913821675624,0.003503533176322259
cross_condition,svm,data/raw/mcc5_thu_motor/MCC5-THU Motor/MCC5-THU Motor_torque_circulation/bearing_ball_H_torque_circulation_20Nm_2000rpm_250707140027d.csv,bearing_ball,bearing_ball,bearing_ball,179,torque_circulation,2000.0,20.0,0.9887724158961021,0.00022084441390522313,0.009407415462776656,0.0015993242272160605
cross_condition,svm,data/raw/mcc5_thu_motor/MCC5-THU Motor/MCC5-THU Motor_torque_circulation/bearing_ball_H_torque_circulation_20Nm_3000rpm_250707140229d.csv,bearing_ball,bearing_ball,bearing_ball,179,torque_circulation,3000.0,20.0,0.9900154929915678,0.0003480119027552908,0.006786014100960704,0.002850481004716182
cross_condition,svm,data/raw/mcc5_thu_motor/MCC5-THU Motor/MCC5-THU Motor_torque_circulation/bearing_ball_H_torque_circulation_40Nm_1000rpm_250707140440d.csv,bearing_ball,bearing_ball,bearing_ball,179,torque_circulation,1000.0,40.0,0.9921601336585629,0.0002849207247967663,0.006624161452559372,0.0009307841640810187
cross_condition,svm,data/raw/mcc5_thu_motor/MCC5-THU Motor/MCC5-THU Motor_torque_circulation/bearing_ball_H_torque_circulation_40Nm_2000rpm_250707142821d.csv,bearing_ball,bearing_ball,bearing_ball,179,torque_circulation,2000.0,40.0,0.9929326444560627,0.00021105676078076122,0.004281473990449822,0.0025748247927067924
cross_condition,svm,data/raw/mcc5_thu_motor/MCC5-THU Motor/MCC5-THU Motor_torque_circulation/bearing_ball_H_torque_circulation_40Nm_3000rpm_250707143025d.csv,bearing_ball,bearing_ball,bearing_ball,179,torque_circulation,3000.0,40.0,0.9972706287228641,0.00014626326901744533,0.0010356422562217212,0.001547465751896521
cross_condition,svm,data/raw/mcc5_thu_motor/MCC5-THU Motor/MCC5-THU Motor_torque_circulation/bearing_ball_L_torque_circulation_20Nm_1000rpm_250707153516d.csv,bearing_ball,bearing_ball,bearing_ball,179,torque_circulation,1000.0,20.0,0.9869042315809443,0.00016350803937155976,0.001019834794598914,0.011912425585085321
cross_condition,svm,data/raw/mcc5_thu_motor/MCC5-THU Motor/MCC5-THU Motor_torque_circulation/bearing_ball_L_torque_circulation_20Nm_2000rpm_250707153733d.csv,bearing_ball,bearing_ball,bearing_ball,179,torque_circulation,2000.0,20.0,0.9919441034510299,0.0002654276968086453,0.0020852605208046414,0.005705208331356722
cross_condition,svm,data/raw/mcc5_thu_motor/MCC5-THU Motor/MCC5-THU Motor_torque_circulation/bearing_ball_L_torque_circulation_20Nm_3000rpm_250707153938d.csv,bearing_ball,bearing_ball,bearing_ball,179,torque_circulation,3000.0,20.0,0.6038844391896658,0.07791114036755849,0.2329791215472748,0.085225298895501
cross_condition,svm,data/raw/mcc5_thu_motor/MCC5-THU Motor/MCC5-THU Motor_torque_circulation/bearing_ball_L_torque_circulation_40Nm_1000rpm_250707154144d.csv,bearing_ball,bearing_ball,bearing_ball,179,torque_circulation,1000.0,40.0,0.9884112017578558,0.001661638556463243,0.006144392865069997,0.003782766820611089
cross_condition,svm,data/raw/mcc5_thu_motor/MCC5-THU Motor/MCC5-THU Motor_torque_circulation/bearing_ball_L_torque_circulation_40Nm_2000rpm_250707154410d.csv,bearing_ball,bearing_ball,bearing_ball,179,torque_circulation,2000.0,40.0,0.9969953855945836,8.366388755984085e-05,0.0005711623098850462,0.0023497882079715608
cross_condition,svm,data/raw/mcc5_thu_motor/MCC5-THU Motor/MCC5-THU Motor_torque_circulation/bearing_ball_L_torque_circulation_40Nm_3000rpm_250707154630d.csv,bearing_ball,bearing_ball,bearing_ball,179,torque_circulation,3000.0,40.0,0.9888735920613794,0.0017802684542501468,0.004744576084570098,0.004601563399800478
cross_condition,svm,data/raw/mcc5_thu_motor/MCC5-THU Motor/MCC5-THU Motor_torque_circulation/bearing_inner_H_torque_circulation_20Nm_1000rpm_250704084736d.csv,bearing_inner,bearing_inner,bearing_inner,179,torque_circulation,1000.0,20.0,9.646523560559559e-05,0.9915374937438337,0.007488213409526778,0.0008778276110338659
cross_condition,svm,data/raw/mcc5_thu_motor/MCC5-THU Motor/MCC5-THU Motor_torque_circulation/bearing_inner_H_torque_circulation_20Nm_2000rpm_250704084956d.csv,bearing_inner,bearing_inner,bearing_inner,179,torque_circulation,2000.0,20.0,0.0006336194428216605,0.9944697782086744,0.003821640304773231,0.0010749620437306671
cross_condition,svm,data/raw/mcc5_thu_motor/MCC5-THU Motor/MCC5-THU Motor_torque_circulation/bearing_inner_H_torque_circulation_20Nm_3000rpm_250704085209d.csv,bearing_inner,bearing_inner,bearing_inner,179,torque_circulation,3000.0,20.0,0.020264773893955736,0.92506915399006,0.04655880187334352,0.008107270242640815
cross_condition,svm,data/raw/mcc5_thu_motor/MCC5-THU Motor/MCC5-THU Motor_torque_circulation/bearing_inner_H_torque_circulation_40Nm_1000rpm_250704085422d.csv,bearing_inner,bearing_inner,bearing_inner,179,torque_circulation,1000.0,40.0,0.00023018390652061025,0.9947745416514585,0.004536885566220103,0.00045838887580063357
cross_condition,svm,data/raw/mcc5_thu_motor/MCC5-THU Motor/MCC5-THU Motor_torque_circulation/bearing_inner_H_torque_circulation_40Nm_2000rpm_250704085637d.csv,bearing_inner,bearing_inner,bearing_inner,179,torque_circulation,2000.0,40.0,2.9644677733819477e-05,0.9990048143154738,0.0004476279692506254,0.0005179130375417762
cross_condition,svm,data/raw/mcc5_thu_motor/MCC5-THU Motor/MCC5-THU Motor_torque_circulation/bearing_inner_H_torque_circulation_40Nm_3000rpm_250704085907d.csv,bearing_inner,bearing_inner,bearing_inner,179,torque_circulation,3000.0,40.0,0.008110075703516392,0.9679000420512003,0.02081608331593905,0.0031737989293442546
cross_condition,svm,data/raw/mcc5_thu_motor/MCC5-THU Motor/MCC5-THU Motor_torque_circulation/bearing_inner_L_torque_circulation_20Nm_1000rpm_250707112415d.csv,bearing_inner,bearing_inner,bearing_inner,179,torque_circulation,1000.0,20.0,0.0002466375985942209,0.997194742848991,0.0014673675682763054,0.0010912519841384306
cross_condition,svm,data/raw/mcc5_thu_motor/MCC5-THU Motor/MCC5-THU Motor_torque_circulation/bearing_inner_L_torque_circulation_20Nm_2000rpm_250707112622d.csv,bearing_inner,bearing_inner,bearing_inner,179,torque_circulation,2000.0,20.0,1.0459908570141903e-05,0.9986773967126829,0.00048765102982343536,0.0008244923489234542
cross_condition,svm,data/raw/mcc5_thu_motor/MCC5-THU Motor/MCC5-THU Motor_torque_circulation/bearing_inner_L_torque_circulation_20Nm_3000rpm_250707112823d.csv,bearing_inner,bearing_inner,bearing_inner,179,torque_circulation,3000.0,20.0,0.004926481807746471,0.97124255931179,0.017372889647496257,0.006458069232967255
cross_condition,svm,data/raw/mcc5_thu_motor/MCC5-THU Motor/MCC5-THU Motor_torque_circulation/bearing_inner_L_torque_circulation_40Nm_1000rpm_250707113035d.csv,bearing_inner,bearing_inner,bearing_inner,179,torque_circulation,1000.0,40.0,0.0001244376270320898,0.9976503458698429,0.0013667559323525707,0.000858460570772292
cross_condition,svm,data/raw/mcc5_thu_motor/MCC5-THU Motor/MCC5-THU Motor_torque_circulation/bearing_inner_L_torque_circulation_40Nm_2000rpm_250707113243d.csv,bearing_inner,bearing_inner,bearing_inner,179,torque_circulation,2000.0,40.0,1.6553569567551864e-05,0.9984615716694752,0.0004492401599122549,0.0010726346010448006
cross_condition,svm,data/raw/mcc5_thu_motor/MCC5-THU Motor/MCC5-THU Motor_torque_circulation/bearing_inner_L_torque_circulation_40Nm_3000rpm_250707113444d.csv,bearing_inner,bearing_inner,bearing_inner,179,torque_circulation,3000.0,40.0,0.001999081718580529,0.9855838925082604,0.009013360700915529,0.003403665072243425
cross_condition,svm,data/raw/mcc5_thu_motor/MCC5-THU Motor/MCC5-THU Motor_torque_circulation/bearing_outer_H_torque_circulation_20Nm_1000rpm_250707103949d.csv,bearing_outer,bearing_outer,bearing_outer,179,torque_circulation,1000.0,20.0,0.000708832582524522,0.00016928063716173617,0.9985582716661149,0.0005636151141987356
cross_condition,svm,data/raw/mcc5_thu_motor/MCC5-THU Motor/MCC5-THU Motor_torque_circulation/bearing_outer_H_torque_circulation_20Nm_2000rpm_250707103802d.csv,bearing_outer,bearing_outer,bearing_outer,179,torque_circulation,2000.0,20.0,1.917702695776816e-06,2.3585439369584357e-06,0.9987705061061581,0.0012252176472089705
cross_condition,svm,data/raw/mcc5_thu_motor/MCC5-THU Motor/MCC5-THU Motor_torque_circulation/bearing_outer_H_torque_circulation_20Nm_3000rpm_250821175544.csv,bearing_outer,bearing_inner,bearing_inner,179,torque_circulation,3000.0,20.0,0.30537032339874726,0.3822112098106492,0.2524899636304654,0.05992850316013822
cross_condition,svm,data/raw/mcc5_thu_motor/MCC5-THU Motor/MCC5-THU Motor_torque_circulation/bearing_outer_H_torque_circulation_40Nm_1000rpm_250707104154d.csv,bearing_outer,bearing_outer,bearing_outer,179,torque_circulation,1000.0,40.0,0.0003809601778754736,0.00012416293131357195,0.9991741547697474,0.00032072212106346373
cross_condition,svm,data/raw/mcc5_thu_motor/MCC5-THU Motor/MCC5-THU Motor_torque_circulation/bearing_outer_H_torque_circulation_40Nm_2000rpm_250707104408d.csv,bearing_outer,bearing_outer,bearing_outer,179,torque_circulation,2000.0,40.0,2.3319364449231907e-05,0.00012069204707593923,0.9986129260142689,0.0012430625742061462
cross_condition,svm,data/raw/mcc5_thu_motor/MCC5-THU Motor/MCC5-THU Motor_torque_circulation/bearing_outer_H_torque_circulation_40Nm_3000rpm_250707104611d.csv,bearing_outer,bearing_outer,bearing_outer,179,torque_circulation,3000.0,40.0,0.00020815627933077816,0.00018706380645162063,0.999089399792106,0.0005153801221114923
cross_condition,svm,data/raw/mcc5_thu_motor/MCC5-THU Motor/MCC5-THU Motor_torque_circulation/bearing_outer_L_torque_circulation_20Nm_1000rpm_250708093600d.csv,bearing_outer,bearing_outer,bearing_outer,179,torque_circulation,1000.0,20.0,0.0026252971493831213,0.0059227785735429936,0.9897760751168605,0.001675849160213333
cross_condition,svm,data/raw/mcc5_thu_motor/MCC5-THU Motor/MCC5-THU Motor_torque_circulation/bearing_outer_L_torque_circulation_20Nm_2000rpm_250708093806d.csv,bearing_outer,bearing_outer,bearing_outer,179,torque_circulation,2000.0,20.0,0.0001343806263418429,1.3413194379649431e-05,0.9994094285595547,0.000442777619723944
cross_condition,svm,data/raw/mcc5_thu_motor/MCC5-THU Motor/MCC5-THU Motor_torque_circulation/bearing_outer_L_torque_circulation_20Nm_3000rpm_250708094011d.csv,bearing_outer,bearing_outer,bearing_outer,179,torque_circulation,3000.0,20.0,0.0010229157509680496,0.00012846702577068423,0.9980349231664505,0.0008136940568107139
cross_condition,svm,data/raw/mcc5_thu_motor/MCC5-THU Motor/MCC5-THU Motor_torque_circulation/bearing_outer_L_torque_circulation_40Nm_1000rpm_250708094205d.csv,bearing_outer,bearing_outer,bearing_outer,179,torque_circulation,1000.0,40.0,0.00014768140381557905,5.891397096236647e-05,0.9994678648938072,0.00032553973141488034
cross_condition,svm,data/raw/mcc5_thu_motor/MCC5-THU Motor/MCC5-THU Motor_torque_circulation/bearing_outer_L_torque_circulation_40Nm_2000rpm_250708094403d.csv,bearing_outer,bearing_outer,bearing_outer,179,torque_circulation,2000.0,40.0,0.0010854405139140856,6.24404020316733e-05,0.9981398624509703,0.000712256633083979
cross_condition,svm,data/raw/mcc5_thu_motor/MCC5-THU Motor/MCC5-THU Motor_torque_circulation/bearing_outer_L_torque_circulation_40Nm_3000rpm_250708094556d.csv,bearing_outer,bearing_outer,bearing_outer,179,torque_circulation,3000.0,40.0,0.0004999516034919998,4.443230350555134e-05,0.9989741029469775,0.0004815131460249264
cross_condition,svm,data/raw/mcc5_thu_motor/MCC5-THU Motor/MCC5-THU Motor_torque_circulation/health_torque_circulation_20Nm_1000rpm_250702154813d.csv,healthy,healthy,healthy,179,torque_circulation,1000.0,20.0,0.0026674081442906875,3.9786071840869166e-05,0.0003873980664375683,0.9969054077174309
cross_condition,svm,data/raw/mcc5_thu_motor/MCC5-THU Motor/MCC5-THU Motor_torque_circulation/health_torque_circulation_20Nm_2000rpm_250702155521d.csv,healthy,healthy,healthy,179,torque_circulation,2000.0,20.0,0.0063720522784636,0.004280604298721062,0.0029228264713233166,0.986424516951492
cross_condition,svm,data/raw/mcc5_thu_motor/MCC5-THU Motor/MCC5-THU Motor_torque_circulation/health_torque_circulation_20Nm_3000rpm_250702155743d.csv,healthy,healthy,healthy,179,torque_circulation,3000.0,20.0,0.007111519937170846,0.0001797783497109771,0.003088341608567897,0.9896203601045503
cross_condition,svm,data/raw/mcc5_thu_motor/MCC5-THU Motor/MCC5-THU Motor_torque_circulation/health_torque_circulation_40Nm_1000rpm_250702161315d.csv,healthy,healthy,healthy,179,torque_circulation,1000.0,40.0,0.002411611022931528,2.164791607578729e-05,0.00024636253906592907,0.9973203785219268
cross_condition,svm,data/raw/mcc5_thu_motor/MCC5-THU Motor/MCC5-THU Motor_torque_circulation/health_torque_circulation_40Nm_2000rpm_250702161114d.csv,healthy,healthy,healthy,179,torque_circulation,2000.0,40.0,0.007513548725620597,2.031840319675486e-05,0.0002798904900312445,0.9921862423811513
cross_condition,svm,data/raw/mcc5_thu_motor/MCC5-THU Motor/MCC5-THU Motor_torque_circulation/health_torque_circulation_40Nm_3000rpm_250702160849d.csv,healthy,healthy,healthy,179,torque_circulation,3000.0,40.0,0.00836097449755095,0.00010649301494342222,0.0027998936792362253,0.9887326388082693
cross_condition,random_forest,data/raw/mcc5_thu_motor/MCC5-THU Motor/MCC5-THU Motor_torque_circulation/bearing_ball_H_torque_circulation_20Nm_1000rpm_250707135802d.csv,bearing_ball,bearing_ball,bearing_ball,179,torque_circulation,1000.0,20.0,0.8848603351955308,0.006145251396648045,0.10717877094972068,0.0018156424581005591
cross_condition,random_forest,data/raw/mcc5_thu_motor/MCC5-THU Motor/MCC5-THU Motor_torque_circulation/bearing_ball_H_torque_circulation_20Nm_2000rpm_250707140027d.csv,bearing_ball,bearing_ball,bearing_ball,179,torque_circulation,2000.0,20.0,0.8920670391061453,0.0025418994413407823,0.10220670391061454,0.0031843575418994416
cross_condition,random_forest,data/raw/mcc5_thu_motor/MCC5-THU Motor/MCC5-THU Motor_torque_circulation/bearing_ball_H_torque_circulation_20Nm_3000rpm_250707140229d.csv,bearing_ball,bearing_ball,bearing_ball,179,torque_circulation,3000.0,20.0,0.8284636871508381,0.007178770949720671,0.1624581005586592,0.0018994413407821228
cross_condition,random_forest,data/raw/mcc5_thu_motor/MCC5-THU Motor/MCC5-THU Motor_torque_circulation/bearing_ball_H_torque_circulation_40Nm_1000rpm_250707140440d.csv,bearing_ball,bearing_ball,bearing_ball,179,torque_circulation,1000.0,40.0,0.9472067039106146,0.006368715083798883,0.04284916201117319,0.0035754189944134083
cross_condition,random_forest,data/raw/mcc5_thu_motor/MCC5-THU Motor/MCC5-THU Motor_torque_circulation/bearing_ball_H_torque_circulation_40Nm_2000rpm_250707142821d.csv,bearing_ball,bearing_ball,bearing_ball,179,torque_circulation,2000.0,40.0,0.9279329608938549,0.012178770949720669,0.05606145251396648,0.003826815642458101
cross_condition,random_forest,data/raw/mcc5_thu_motor/MCC5-THU Motor/MCC5-THU Motor_torque_circulation/bearing_ball_H_torque_circulation_40Nm_3000rpm_250707143025d.csv,bearing_ball,bearing_ball,bearing_ball,179,torque_circulation,3000.0,40.0,0.9444972067039106,0.007122905027932962,0.047681564245810056,0.0006983240223463687
cross_condition,random_forest,data/raw/mcc5_thu_motor/MCC5-THU Motor/MCC5-THU Motor_torque_circulation/bearing_ball_L_torque_circulation_20Nm_1000rpm_250707153516d.csv,bearing_ball,bearing_ball,bearing_ball,179,torque_circulation,1000.0,20.0,0.9764804469273741,0.000977653631284916,0.010949720670391062,0.011592178770949722
cross_condition,random_forest,data/raw/mcc5_thu_motor/MCC5-THU Motor/MCC5-THU Motor_torque_circulation/bearing_ball_L_torque_circulation_20Nm_2000rpm_250707153733d.csv,bearing_ball,bearing_ball,bearing_ball,179,torque_circulation,2000.0,20.0,0.975558659217877,0.006983240223463687,0.006033519553072626,0.011424581005586595
cross_condition,random_forest,data/raw/mcc5_thu_motor/MCC5-THU Motor/MCC5-THU Motor_torque_circulation/bearing_ball_L_torque_circulation_20Nm_3000rpm_250707153938d.csv,bearing_ball,bearing_ball,bearing_ball,179,torque_circulation,3000.0,20.0,0.7640502793296089,0.08175977653631285,0.02916201117318436,0.12502793296089387
cross_condition,random_forest,data/raw/mcc5_thu_motor/MCC5-THU Motor/MCC5-THU Motor_torque_circulation/bearing_ball_L_torque_circulation_40Nm_1000rpm_250707154144d.csv,bearing_ball,bearing_ball,bearing_ball,179,torque_circulation,1000.0,40.0,0.9816480446927373,0.0014245810055865922,0.0069273743016759785,0.01
cross_condition,random_forest,data/raw/mcc5_thu_motor/MCC5-THU Motor/MCC5-THU Motor_torque_circulation/bearing_ball_L_torque_circulation_40Nm_2000rpm_250707154410d.csv,bearing_ball,bearing_ball,bearing_ball,179,torque_circulation,2000.0,40.0,0.9867039106145251,0.0024581005586592182,0.004273743016759777,0.006564245810055866
cross_condition,random_forest,data/raw/mcc5_thu_motor/MCC5-THU Motor/MCC5-THU Motor_torque_circulation/bearing_ball_L_torque_circulation_40Nm_3000rpm_250707154630d.csv,bearing_ball,bearing_ball,bearing_ball,179,torque_circulation,3000.0,40.0,0.9768715083798883,0.003044692737430168,0.008435754189944135,0.01164804469273743
cross_condition,random_forest,data/raw/mcc5_thu_motor/MCC5-THU Motor/MCC5-THU Motor_torque_circulation/bearing_inner_H_torque_circulation_20Nm_1000rpm_250704084736d.csv,bearing_inner,bearing_inner,bearing_inner,179,torque_circulation,1000.0,20.0,0.006368715083798883,0.9169553072625698,0.07664804469273744,2.793296089385475e-05
cross_condition,random_forest,data/raw/mcc5_thu_motor/MCC5-THU Motor/MCC5-THU Motor_torque_circulation/bearing_inner_H_torque_circulation_20Nm_2000rpm_250704084956d.csv,bearing_inner,bearing_inner,bearing_inner,179,torque_circulation,2000.0,20.0,0.004245810055865922,0.9295251396648044,0.0640223463687151,0.002206703910614525
cross_condition,random_forest,data/raw/mcc5_thu_motor/MCC5-THU Motor/MCC5-THU Motor_torque_circulation/bearing_inner_H_torque_circulation_20Nm_3000rpm_250704085209d.csv,bearing_inner,bearing_inner,bearing_inner,179,torque_circulation,3000.0,20.0,0.014134078212290504,0.8839385474860336,0.10053072625698327,0.0013966480446927375
cross_condition,random_forest,data/raw/mcc5_thu_motor/MCC5-THU Motor/MCC5-THU Motor_torque_circulation/bearing_inner_H_torque_circulation_40Nm_1000rpm_250704085422d.csv,bearing_inner,bearing_inner,bearing_inner,179,torque_circulation,1000.0,40.0,0.004329608938547487,0.9405307262569833,0.055027932960893866,0.000111731843575419
cross_condition,random_forest,data/raw/mcc5_thu_motor/MCC5-THU Motor/MCC5-THU Motor_torque_circulation/bearing_inner_H_torque_circulation_40Nm_2000rpm_250704085637d.csv,bearing_inner,bearing_inner,bearing_inner,179,torque_circulation,2000.0,40.0,0.0024860335195530728,0.9628770949720672,0.03365921787709497,0.0009776536312849163
cross_condition,random_forest,data/raw/mcc5_thu_motor/MCC5-THU Motor/MCC5-THU Motor_torque_circulation/bearing_inner_H_torque_circulation_40Nm_3000rpm_250704085907d.csv,bearing_inner,bearing_inner,bearing_inner,179,torque_circulation,3000.0,40.0,0.005698324022346369,0.936731843575419,0.05466480446927374,0.002905027932960894
cross_condition,random_forest,data/raw/mcc5_thu_motor/MCC5-THU Motor/MCC5-THU Motor_torque_circulation/bearing_inner_L_torque_circulation_20Nm_1000rpm_250707112415d.csv,bearing_inner,bearing_inner,bearing_inner,179,torque_circulation,1000.0,20.0,0.011229050279329607,0.8844692737430168,0.10402234636871507,0.0002793296089385475
cross_condition,random_forest,data/raw/mcc5_thu_motor/MCC5-THU Motor/MCC5-THU Motor_torque_circulation/bearing_inner_L_torque_circulation_20Nm_2000rpm_250707112622d.csv,bearing_inner,bearing_inner,bearing_inner,179,torque_circulation,2000.0,20.0,0.000670391061452514,0.9737150837988827,0.025055865921787705,0.000558659217877095
cross_condition,random_forest,data/raw/mcc5_thu_motor/MCC5-THU Motor/MCC5-THU Motor_torque_circulation/bearing_inner_L_torque_circulation_20Nm_3000rpm_250707112823d.csv,bearing_inner,bearing_inner,bearing_inner,179,torque_circulation,3000.0,20.0,0.004050279329608939,0.9543575418994416,0.028715083798882685,0.01287709497206704
cross_condition,random_forest,data/raw/mcc5_thu_motor/MCC5-THU Motor/MCC5-THU Motor_torque_circulation/bearing_inner_L_torque_circulation_40Nm_1000rpm_250707113035d.csv,bearing_inner,bearing_inner,bearing_inner,179,torque_circulation,1000.0,40.0,0.003128491620111732,0.9661173184357542,0.030251396648044698,0.0005027932960893855
cross_condition,random_forest,data/raw/mcc5_thu_motor/MCC5-THU Motor/MCC5-THU Motor_torque_circulation/bearing_inner_L_torque_circulation_40Nm_2000rpm_250707113243d.csv,bearing_inner,bearing_inner,bearing_inner,179,torque_circulation,2000.0,40.0,0.0004748603351955307,0.9867597765363129,0.0123463687150838,0.0004189944134078213
cross_condition,random_forest,data/raw/mcc5_thu_motor/MCC5-THU Motor/MCC5-THU Motor_torque_circulation/bearing_inner_L_torque_circulation_40Nm_3000rpm_250707113444d.csv,bearing_inner,bearing_inner,bearing_inner,179,torque_circulation,3000.0,40.0,0.001005586592178771,0.9800000000000001,0.016256983240223465,0.0027374301675977654
cross_condition,random_forest,data/raw/mcc5_thu_motor/MCC5-THU Motor/MCC5-THU Motor_torque_circulation/bearing_outer_H_torque_circulation_20Nm_1000rpm_250707103949d.csv,bearing_outer,bearing_outer,bearing_outer,179,torque_circulation,1000.0,20.0,0.006229050279329609,0.0007262569832402235,0.9926256983240224,0.0004189944134078213
cross_condition,random_forest,data/raw/mcc5_thu_motor/MCC5-THU Motor/MCC5-THU Motor_torque_circulation/bearing_outer_H_torque_circulation_20Nm_2000rpm_250707103802d.csv,bearing_outer,bearing_outer,bearing_outer,179,torque_circulation,2000.0,20.0,0.0023743016759776537,0.0047486033519553075,0.9916480446927374,0.001229050279329609
cross_condition,random_forest,data/raw/mcc5_thu_motor/MCC5-THU Motor/MCC5-THU Motor_torque_circulation/bearing_outer_H_torque_circulation_20Nm_3000rpm_250821175544.csv,bearing_outer,bearing_inner,bearing_inner,179,torque_circulation,3000.0,20.0,0.014134078212290504,0.7758659217877095,0.1949720670391061,0.015027932960893851
cross_condition,random_forest,data/raw/mcc5_thu_motor/MCC5-THU Motor/MCC5-THU Motor_torque_circulation/bearing_outer_H_torque_circulation_40Nm_1000rpm_250707104154d.csv,bearing_outer,bearing_outer,bearing_outer,179,torque_circulation,1000.0,40.0,0.008687150837988827,0.0077374301675977655,0.9797206703910614,0.0038547486033519555
cross_condition,random_forest,data/raw/mcc5_thu_motor/MCC5-THU Motor/MCC5-THU Motor_torque_circulation/bearing_outer_H_torque_circulation_40Nm_2000rpm_250707104408d.csv,bearing_outer,bearing_outer,bearing_outer,179,torque_circulation,2000.0,40.0,0.002122905027932961,0.005530726256983241,0.9915083798882682,0.0008379888268156426
cross_condition,random_forest,data/raw/mcc5_thu_motor/MCC5-THU Motor/MCC5-THU Motor_torque_circulation/bearing_outer_H_torque_circulation_40Nm_3000rpm_250707104611d.csv,bearing_outer,bearing_outer,bearing_outer,179,torque_circulation,3000.0,40.0,0.004469273743016759,0.026955307262569828,0.9667877094972067,0.001787709497206704
cross_condition,random_forest,data/raw/mcc5_thu_motor/MCC5-THU Motor/MCC5-THU Motor_torque_circulation/bearing_outer_L_torque_circulation_20Nm_1000rpm_250708093600d.csv,bearing_outer,bearing_outer,bearing_outer,179,torque_circulation,1000.0,20.0,0.004273743016759777,0.007793296089385475,0.9877932960893855,0.00013966480446927376
cross_condition,random_forest,data/raw/mcc5_thu_motor/MCC5-THU Motor/MCC5-THU Motor_torque_circulation/bearing_outer_L_torque_circulation_20Nm_2000rpm_250708093806d.csv,bearing_outer,bearing_outer,bearing_outer,179,torque_circulation,2000.0,20.0,0.022094972067039104,0.010363128491620112,0.9661452513966481,0.0013966480446927375
cross_condition,random_forest,data/raw/mcc5_thu_motor/MCC5-THU Motor/MCC5-THU Motor_torque_circulation/bearing_outer_L_torque_circulation_20Nm_3000rpm_250708094011d.csv,bearing_outer,bearing_outer,bearing_outer,179,torque_circulation,3000.0,20.0,0.003016759776536313,0.004441340782122905,0.992150837988827,0.0003910614525139665
cross_condition,random_forest,data/raw/mcc5_thu_motor/MCC5-THU Motor/MCC5-THU Motor_torque_circulation/bearing_outer_L_torque_circulation_40Nm_1000rpm_250708094205d.csv,bearing_outer,bearing_outer,bearing_outer,179,torque_circulation,1000.0,40.0,0.003826815642458101,0.014888268156424581,0.9810614525139666,0.000223463687150838
cross_condition,random_forest,data/raw/mcc5_thu_motor/MCC5-THU Motor/MCC5-THU Motor_torque_circulation/bearing_outer_L_torque_circulation_40Nm_2000rpm_250708094403d.csv,bearing_outer,bearing_outer,bearing_outer,179,torque_circulation,2000.0,40.0,0.010279329608938547,0.008463687150837989,0.9800837988826816,0.0011731843575418996
cross_condition,random_forest,data/raw/mcc5_thu_motor/MCC5-THU Motor/MCC5-THU Motor_torque_circulation/bearing_outer_L_torque_circulation_40Nm_3000rpm_250708094556d.csv,bearing_outer,bearing_outer,bearing_outer,179,torque_circulation,3000.0,40.0,0.005614525139664805,0.007737430167597766,0.985,0.0016480446927374301
cross_condition,random_forest,data/raw/mcc5_thu_motor/MCC5-THU Motor/MCC5-THU Motor_torque_circulation/health_torque_circulation_20Nm_1000rpm_250702154813d.csv,healthy,healthy,healthy,179,torque_circulation,1000.0,20.0,0.020921787709497208,0.002625698324022347,0.0062290502793296105,0.970223463687151
cross_condition,random_forest,data/raw/mcc5_thu_motor/MCC5-THU Motor/MCC5-THU Motor_torque_circulation/health_torque_circulation_20Nm_2000rpm_250702155521d.csv,healthy,healthy,healthy,179,torque_circulation,2000.0,20.0,0.029357541899441345,0.0049162011173184365,0.012402234636871507,0.9533240223463686
cross_condition,random_forest,data/raw/mcc5_thu_motor/MCC5-THU Motor/MCC5-THU Motor_torque_circulation/health_torque_circulation_20Nm_3000rpm_250702155743d.csv,healthy,healthy,healthy,179,torque_circulation,3000.0,20.0,0.04555865921787709,0.005642458100558659,0.016508379888268157,0.9322905027932961
cross_condition,random_forest,data/raw/mcc5_thu_motor/MCC5-THU Motor/MCC5-THU Motor_torque_circulation/health_torque_circulation_40Nm_1000rpm_250702161315d.csv,healthy,healthy,healthy,179,torque_circulation,1000.0,40.0,0.014357541899441342,0.0023743016759776537,0.005391061452513967,0.9778770949720672
cross_condition,random_forest,data/raw/mcc5_thu_motor/MCC5-THU Motor/MCC5-THU Motor_torque_circulation/health_torque_circulation_40Nm_2000rpm_250702161114d.csv,healthy,healthy,healthy,179,torque_circulation,2000.0,40.0,0.025027932960893857,0.00553072625698324,0.012486033519553075,0.9569553072625699
cross_condition,random_forest,data/raw/mcc5_thu_motor/MCC5-THU Motor/MCC5-THU Motor_torque_circulation/health_torque_circulation_40Nm_3000rpm_250702160849d.csv,healthy,healthy,healthy,179,torque_circulation,3000.0,40.0,0.027374301675977656,0.004692737430167598,0.01377094972067039,0.9541620111731844
cross_condition,mlp,data/raw/mcc5_thu_motor/MCC5-THU Motor/MCC5-THU Motor_torque_circulation/bearing_ball_H_torque_circulation_20Nm_1000rpm_250707135802d.csv,bearing_ball,bearing_ball,bearing_ball,179,torque_circulation,1000.0,20.0,0.819063847797238,1.5225694584708724e-06,0.18093442250677041,2.0712653328836612e-07
cross_condition,mlp,data/raw/mcc5_thu_motor/MCC5-THU Motor/MCC5-THU Motor_torque_circulation/bearing_ball_H_torque_circulation_20Nm_2000rpm_250707140027d.csv,bearing_ball,bearing_ball,bearing_ball,179,torque_circulation,2000.0,20.0,0.998188082689113,1.3082072896979095e-06,0.0018048989020595964,5.710201537762807e-06
cross_condition,mlp,data/raw/mcc5_thu_motor/MCC5-THU Motor/MCC5-THU Motor_torque_circulation/bearing_ball_H_torque_circulation_20Nm_3000rpm_250707140229d.csv,bearing_ball,bearing_ball,bearing_ball,179,torque_circulation,3000.0,20.0,0.9971071216983937,2.4686607445261753e-06,0.002853788896873583,3.6620743988212026e-05
cross_condition,mlp,data/raw/mcc5_thu_motor/MCC5-THU Motor/MCC5-THU Motor_torque_circulation/bearing_ball_H_torque_circulation_40Nm_1000rpm_250707140440d.csv,bearing_ball,bearing_ball,bearing_ball,179,torque_circulation,1000.0,40.0,0.9983622265775313,6.8857940978750505e-06,0.0016077203968250903,2.316723154572302e-05
cross_condition,mlp,data/raw/mcc5_thu_motor/MCC5-THU Motor/MCC5-THU Motor_torque_circulation/bearing_ball_H_torque_circulation_40Nm_2000rpm_250707142821d.csv,bearing_ball,bearing_ball,bearing_ball,179,torque_circulation,2000.0,40.0,0.9981570988387454,5.2177298998304846e-05,0.001157720776465679,0.0006330030857908094
cross_condition,mlp,data/raw/mcc5_thu_motor/MCC5-THU Motor/MCC5-THU Motor_torque_circulation/bearing_ball_H_torque_circulation_40Nm_3000rpm_250707143025d.csv,bearing_ball,bearing_ball,bearing_ball,179,torque_circulation,3000.0,40.0,0.9998133530767669,1.3342598665751718e-06,0.0001638534844852011,2.1459178881340407e-05
cross_condition,mlp,data/raw/mcc5_thu_motor/MCC5-THU Motor/MCC5-THU Motor_torque_circulation/bearing_ball_L_torque_circulation_20Nm_1000rpm_250707153516d.csv,bearing_ball,bearing_ball,bearing_ball,179,torque_circulation,1000.0,20.0,0.998247159532077,4.985245155404155e-09,0.00017100743897606571,0.0015818280437015786
cross_condition,mlp,data/raw/mcc5_thu_motor/MCC5-THU Motor/MCC5-THU Motor_torque_circulation/bearing_ball_L_torque_circulation_20Nm_2000rpm_250707153733d.csv,bearing_ball,bearing_ball,bearing_ball,179,torque_circulation,2000.0,20.0,0.99940715191902,9.266463702730499e-07,0.00019355298888907798,0.00039836844572083304
cross_condition,mlp,data/raw/mcc5_thu_motor/MCC5-THU Motor/MCC5-THU Motor_torque_circulation/bearing_ball_L_torque_circulation_20Nm_3000rpm_250707153938d.csv,bearing_ball,bearing_outer,bearing_outer,179,torque_circulation,3000.0,20.0,0.2484148484778742,0.007290981782213512,0.7440792469194958,0.00021492282041661142
cross_condition,mlp,data/raw/mcc5_thu_motor/MCC5-THU Motor/MCC5-THU Motor_torque_circulation/bearing_ball_L_torque_circulation_40Nm_1000rpm_250707154144d.csv,bearing_ball,bearing_ball,bearing_ball,179,torque_circulation,1000.0,40.0,0.9990912405812311,1.1867699598765467e-09,8.102663920620897e-05,0.0008277315927926205
cross_condition,mlp,data/raw/mcc5_thu_motor/MCC5-THU Motor/MCC5-THU Motor_torque_circulation/bearing_ball_L_torque_circulation_40Nm_2000rpm_250707154410d.csv,bearing_ball,bearing_ball,bearing_ball,179,torque_circulation,2000.0,40.0,0.9995580411413639,6.358699360643815e-08,1.146789479280385e-05,0.00043042737684964084
cross_condition,mlp,data/raw/mcc5_thu_motor/MCC5-THU Motor/MCC5-THU Motor_torque_circulation/bearing_ball_L_torque_circulation_40Nm_3000rpm_250707154630d.csv,bearing_ball,bearing_ball,bearing_ball,179,torque_circulation,3000.0,40.0,0.9999957806053803,7.382531812352349e-08,3.0078315527644522e-06,1.1377377487297928e-06
cross_condition,mlp,data/raw/mcc5_thu_motor/MCC5-THU Motor/MCC5-THU Motor_torque_circulation/bearing_inner_H_torque_circulation_20Nm_1000rpm_250704084736d.csv,bearing_inner,bearing_inner,bearing_inner,179,torque_circulation,1000.0,20.0,0.00011543637044283863,0.927737179522471,0.07214737739414695,6.71293927182364e-09
cross_condition,mlp,data/raw/mcc5_thu_motor/MCC5-THU Motor/MCC5-THU Motor_torque_circulation/bearing_inner_H_torque_circulation_20Nm_2000rpm_250704084956d.csv,bearing_inner,bearing_inner,bearing_inner,179,torque_circulation,2000.0,20.0,2.6518346741672727e-05,0.9991377183222464,0.0008350203789445411,7.429520672695726e-07
cross_condition,mlp,data/raw/mcc5_thu_motor/MCC5-THU Motor/MCC5-THU Motor_torque_circulation/bearing_inner_H_torque_circulation_20Nm_3000rpm_250704085209d.csv,bearing_inner,bearing_inner,bearing_inner,179,torque_circulation,3000.0,20.0,2.636545499881345e-07,0.9999965103364759,3.225763356997665e-06,2.456172567447583e-10
cross_condition,mlp,data/raw/mcc5_thu_motor/MCC5-THU Motor/MCC5-THU Motor_torque_circulation/bearing_inner_H_torque_circulation_40Nm_1000rpm_250704085422d.csv,bearing_inner,bearing_inner,bearing_inner,179,torque_circulation,1000.0,40.0,0.0002274320979939933,0.9712381510606178,0.028534403047830555,1.3793557488267047e-08
cross_condition,mlp,data/raw/mcc5_thu_motor/MCC5-THU Motor/MCC5-THU Motor_torque_circulation/bearing_inner_H_torque_circulation_40Nm_2000rpm_250704085637d.csv,bearing_inner,bearing_inner,bearing_inner,179,torque_circulation,2000.0,40.0,7.827357533556317e-07,0.9999537798316449,4.535347583058082e-05,8.395677117818914e-08
cross_condition,mlp,data/raw/mcc5_thu_motor/MCC5-THU Motor/MCC5-THU Motor_torque_circulation/bearing_inner_H_torque_circulation_40Nm_3000rpm_250704085907d.csv,bearing_inner,bearing_inner,bearing_inner,179,torque_circulation,3000.0,40.0,2.1973145027167098e-07,0.9999662267905702,3.355301351177163e-05,4.644677673224528e-10
cross_condition,mlp,data/raw/mcc5_thu_motor/MCC5-THU Motor/MCC5-THU Motor_torque_circulation/bearing_inner_L_torque_circulation_20Nm_1000rpm_250707112415d.csv,bearing_inner,bearing_inner,bearing_inner,179,torque_circulation,1000.0,20.0,9.396981602073948e-06,0.9984701399681067,0.001342094275313741,0.00017836877497747757
cross_condition,mlp,data/raw/mcc5_thu_motor/MCC5-THU Motor/MCC5-THU Motor_torque_circulation/bearing_inner_L_torque_circulation_20Nm_2000rpm_250707112622d.csv,bearing_inner,bearing_inner,bearing_inner,179,torque_circulation,2000.0,20.0,5.019977490035421e-07,0.9999702062561486,1.329457636986326e-06,2.796228846542523e-05
cross_condition,mlp,data/raw/mcc5_thu_motor/MCC5-THU Motor/MCC5-THU Motor_torque_circulation/bearing_inner_L_torque_circulation_20Nm_3000rpm_250707112823d.csv,bearing_inner,bearing_inner,bearing_inner,179,torque_circulation,3000.0,20.0,2.8095849763213625e-06,0.9996475794571686,1.70756596494484e-05,0.0003325352982056336
cross_condition,mlp,data/raw/mcc5_thu_motor/MCC5-THU Motor/MCC5-THU Motor_torque_circulation/bearing_inner_L_torque_circulation_40Nm_1000rpm_250707113035d.csv,bearing_inner,bearing_inner,bearing_inner,179,torque_circulation,1000.0,40.0,1.7287946685147891e-06,0.9997751302024889,0.0001816146675714222,4.1526335271247365e-05
cross_condition,mlp,data/raw/mcc5_thu_motor/MCC5-THU Motor/MCC5-THU Motor_torque_circulation/bearing_inner_L_torque_circulation_40Nm_2000rpm_250707113243d.csv,bearing_inner,bearing_inner,bearing_inner,179,torque_circulation,2000.0,40.0,1.5756892641027806e-07,0.99998447369738,3.449853075507238e-07,1.5023748386070044e-05
cross_condition,mlp,data/raw/mcc5_thu_motor/MCC5-THU Motor/MCC5-THU Motor_torque_circulation/bearing_inner_L_torque_circulation_40Nm_3000rpm_250707113444d.csv,bearing_inner,bearing_inner,bearing_inner,179,torque_circulation,3000.0,40.0,9.541886345539396e-07,0.9999212501492294,5.777083265468765e-06,7.2018578870553e-05
cross_condition,mlp,data/raw/mcc5_thu_motor/MCC5-THU Motor/MCC5-THU Motor_torque_circulation/bearing_outer_H_torque_circulation_20Nm_1000rpm_250707103949d.csv,bearing_outer,bearing_outer,bearing_outer,179,torque_circulation,1000.0,20.0,4.10359450402973e-05,1.3694038813182731e-05,0.999933857778838,1.1412237308414605e-05
cross_condition,mlp,data/raw/mcc5_thu_motor/MCC5-THU Motor/MCC5-THU Motor_torque_circulation/bearing_outer_H_torque_circulation_20Nm_2000rpm_250707103802d.csv,bearing_outer,bearing_outer,bearing_outer,179,torque_circulation,2000.0,20.0,2.555019204974087e-06,4.492868889617064e-05,0.999931875275948,2.064101595094273e-05
cross_condition,mlp,data/raw/mcc5_thu_motor/MCC5-THU Motor/MCC5-THU Motor_torque_circulation/bearing_outer_H_torque_circulation_20Nm_3000rpm_250821175544.csv,bearing_outer,bearing_inner,bearing_inner,179,torque_circulation,3000.0,20.0,0.022346368713833678,0.8715087936592743,0.1061448376268922,3.4477133417346905e-38
cross_condition,mlp,data/raw/mcc5_thu_motor/MCC5-THU Motor/MCC5-THU Motor_torque_circulation/bearing_outer_H_torque_circulation_40Nm_1000rpm_250707104154d.csv,bearing_outer,bearing_outer,bearing_outer,179,torque_circulation,1000.0,40.0,0.0006342999975168294,0.0003741426638493033,0.9989567972586753,3.47600799585589e-05
cross_condition,mlp,data/raw/mcc5_thu_motor/MCC5-THU Motor/MCC5-THU Motor_torque_circulation/bearing_outer_H_torque_circulation_40Nm_2000rpm_250707104408d.csv,bearing_outer,bearing_outer,bearing_outer,179,torque_circulation,2000.0,40.0,1.4458106965423351e-06,0.00019719370124492044,0.9997389181333889,6.244235466955365e-05
cross_condition,mlp,data/raw/mcc5_thu_motor/MCC5-THU Motor/MCC5-THU Motor_torque_circulation/bearing_outer_H_torque_circulation_40Nm_3000rpm_250707104611d.csv,bearing_outer,bearing_outer,bearing_outer,179,torque_circulation,3000.0,40.0,3.2966246034620195e-06,7.367412924972255e-05,0.9999092625048343,1.3766741312497405e-05
cross_condition,mlp,data/raw/mcc5_thu_motor/MCC5-THU Motor/MCC5-THU Motor_torque_circulation/bearing_outer_L_torque_circulation_20Nm_1000rpm_250708093600d.csv,bearing_outer,bearing_outer,bearing_outer,179,torque_circulation,1000.0,20.0,1.8629537900445178e-07,2.5973654679417945e-07,0.9999995455220316,8.44604256331678e-09
cross_condition,mlp,data/raw/mcc5_thu_motor/MCC5-THU Motor/MCC5-THU Motor_torque_circulation/bearing_outer_L_torque_circulation_20Nm_2000rpm_250708093806d.csv,bearing_outer,bearing_outer,bearing_outer,179,torque_circulation,2000.0,20.0,0.0005919361714914715,7.4003846720697834e-06,0.9993990053792754,1.6580645610934865e-06
cross_condition,mlp,data/raw/mcc5_thu_motor/MCC5-THU Motor/MCC5-THU Motor_torque_circulation/bearing_outer_L_torque_circulation_20Nm_3000rpm_250708094011d.csv,bearing_outer,bearing_outer,bearing_outer,179,torque_circulation,3000.0,20.0,0.0002248681464884405,8.95130163568482e-06,0.9997638857322375,2.2948196383962394e-06
cross_condition,mlp,data/raw/mcc5_thu_motor/MCC5-THU Motor/MCC5-THU Motor_torque_circulation/bearing_outer_L_torque_circulation_40Nm_1000rpm_250708094205d.csv,bearing_outer,bearing_outer,bearing_outer,179,torque_circulation,1000.0,40.0,1.6392592338000096e-05,5.900528889496817e-05,0.9999178171599276,6.784958839459708e-06
cross_condition,mlp,data/raw/mcc5_thu_motor/MCC5-THU Motor/MCC5-THU Motor_torque_circulation/bearing_outer_L_torque_circulation_40Nm_2000rpm_250708094403d.csv,bearing_outer,bearing_outer,bearing_outer,179,torque_circulation,2000.0,40.0,0.004534554625634743,7.39877977975219e-05,0.9953599266026741,3.15309738936758e-05
cross_condition,mlp,data/raw/mcc5_thu_motor/MCC5-THU Motor/MCC5-THU Motor_torque_circulation/bearing_outer_L_torque_circulation_40Nm_3000rpm_250708094556d.csv,bearing_outer,bearing_outer,bearing_outer,179,torque_circulation,3000.0,40.0,0.0008789855158407513,3.1655190322501304e-05,0.9990648648278782,2.4494465958665003e-05
cross_condition,mlp,data/raw/mcc5_thu_motor/MCC5-THU Motor/MCC5-THU Motor_torque_circulation/health_torque_circulation_20Nm_1000rpm_250702154813d.csv,healthy,healthy,healthy,179,torque_circulation,1000.0,20.0,0.024388135252428552,2.1181753780073747e-07,0.0053890050845574545,0.9702226478454762
cross_condition,mlp,data/raw/mcc5_thu_motor/MCC5-THU Motor/MCC5-THU Motor_torque_circulation/health_torque_circulation_20Nm_2000rpm_250702155521d.csv,healthy,healthy,healthy,179,torque_circulation,2000.0,20.0,0.09527578185501046,0.011176312202125654,0.00029747587888133935,0.8932504300639825
cross_condition,mlp,data/raw/mcc5_thu_motor/MCC5-THU Motor/MCC5-THU Motor_torque_circulation/health_torque_circulation_20Nm_3000rpm_250702155743d.csv,healthy,healthy,healthy,179,torque_circulation,3000.0,20.0,0.02720078497439996,7.641320030194276e-05,0.0047963394487108854,0.9679264623765872
cross_condition,mlp,data/raw/mcc5_thu_motor/MCC5-THU Motor/MCC5-THU Motor_torque_circulation/health_torque_circulation_40Nm_1000rpm_250702161315d.csv,healthy,healthy,healthy,179,torque_circulation,1000.0,40.0,0.009842717348113943,8.66173812592087e-08,0.0012145615845617372,0.988942634449943
cross_condition,mlp,data/raw/mcc5_thu_motor/MCC5-THU Motor/MCC5-THU Motor_torque_circulation/health_torque_circulation_40Nm_2000rpm_250702161114d.csv,healthy,healthy,healthy,179,torque_circulation,2000.0,40.0,0.07656564700177675,3.3245246686796455e-06,0.00024608440654676596,0.9231849440670078
cross_condition,mlp,data/raw/mcc5_thu_motor/MCC5-THU Motor/MCC5-THU Motor_torque_circulation/health_torque_circulation_40Nm_3000rpm_250702160849d.csv,healthy,healthy,healthy,179,torque_circulation,3000.0,40.0,0.021715821593254924,8.976941561099072e-05,0.007128838094955116,0.971065570896179
cross_condition,xgboost,data/raw/mcc5_thu_motor/MCC5-THU Motor/MCC5-THU Motor_torque_circulation/bearing_ball_H_torque_circulation_20Nm_1000rpm_250707135802d.csv,bearing_ball,bearing_ball,bearing_ball,179,torque_circulation,1000.0,20.0,0.8749775886535645,0.0001931089791469276,0.12474571168422699,8.358684863196686e-05
cross_condition,xgboost,data/raw/mcc5_thu_motor/MCC5-THU Motor/MCC5-THU Motor_torque_circulation/bearing_ball_H_torque_circulation_20Nm_2000rpm_250707140027d.csv,bearing_ball,bearing_ball,bearing_ball,179,torque_circulation,2000.0,20.0,0.938570499420166,0.0001862174249254167,0.06113141402602196,0.00011188537609996274
cross_condition,xgboost,data/raw/mcc5_thu_motor/MCC5-THU Motor/MCC5-THU Motor_torque_circulation/bearing_ball_H_torque_circulation_20Nm_3000rpm_250707140229d.csv,bearing_ball,bearing_ball,bearing_ball,179,torque_circulation,3000.0,20.0,0.917735755443573,0.0018735295161604881,0.07976885885000229,0.0006217571790330112
cross_condition,xgboost,data/raw/mcc5_thu_motor/MCC5-THU Motor/MCC5-THU Motor_torque_circulation/bearing_ball_H_torque_circulation_40Nm_1000rpm_250707140440d.csv,bearing_ball,bearing_ball,bearing_ball,179,torque_circulation,1000.0,40.0,0.9877434372901917,0.0008627466158941388,0.011142832227051258,0.0002509694022592157
cross_condition,xgboost,data/raw/mcc5_thu_motor/MCC5-THU Motor/MCC5-THU Motor_torque_circulation/bearing_ball_H_torque_circulation_40Nm_2000rpm_250707142821d.csv,bearing_ball,bearing_ball,bearing_ball,179,torque_circulation,2000.0,40.0,0.9940938949584961,0.0010351866949349642,0.004452004563063383,0.00041883651283569634
cross_condition,xgboost,data/raw/mcc5_thu_motor/MCC5-THU Motor/MCC5-THU Motor_torque_circulation/bearing_ball_H_torque_circulation_40Nm_3000rpm_250707143025d.csv,bearing_ball,bearing_ball,bearing_ball,179,torque_circulation,3000.0,40.0,0.9984192252159119,0.00047259932034648955,0.0009730588062666357,0.0001349657104583457
cross_condition,xgboost,data/raw/mcc5_thu_motor/MCC5-THU Motor/MCC5-THU Motor_torque_circulation/bearing_ball_L_torque_circulation_20Nm_1000rpm_250707153516d.csv,bearing_ball,bearing_ball,bearing_ball,179,torque_circulation,1000.0,20.0,0.998677670955658,0.0002444889396429062,0.0007631316548213363,0.00031463467166759074
cross_condition,xgboost,data/raw/mcc5_thu_motor/MCC5-THU Motor/MCC5-THU Motor_torque_circulation/bearing_ball_L_torque_circulation_20Nm_2000rpm_250707153733d.csv,bearing_ball,bearing_ball,bearing_ball,179,torque_circulation,2000.0,20.0,0.99918133020401,0.00014299053873401135,0.00046706991270184517,0.00020859735377598554
cross_condition,xgboost,data/raw/mcc5_thu_motor/MCC5-THU Motor/MCC5-THU Motor_torque_circulation/bearing_ball_L_torque_circulation_20Nm_3000rpm_250707153938d.csv,bearing_ball,bearing_ball,bearing_ball,179,torque_circulation,3000.0,20.0,0.9960390329360962,0.001175352605059743,0.0022168918512761593,0.0005688477540388703
cross_condition,xgboost,data/raw/mcc5_thu_motor/MCC5-THU Motor/MCC5-THU Motor_torque_circulation/bearing_ball_L_torque_circulation_40Nm_1000rpm_250707154144d.csv,bearing_ball,bearing_ball,bearing_ball,179,torque_circulation,1000.0,40.0,0.999342679977417,0.00012549858365673572,0.0003128534590359777,0.00021896956604905427
cross_condition,xgboost,data/raw/mcc5_thu_motor/MCC5-THU Motor/MCC5-THU Motor_torque_circulation/bearing_ball_L_torque_circulation_40Nm_2000rpm_250707154410d.csv,bearing_ball,bearing_ball,bearing_ball,179,torque_circulation,2000.0,40.0,0.9994634985923767,7.528458081651479e-05,0.00026926962891593575,0.00019200649694539607
cross_condition,xgboost,data/raw/mcc5_thu_motor/MCC5-THU Motor/MCC5-THU Motor_torque_circulation/bearing_ball_L_torque_circulation_40Nm_3000rpm_250707154630d.csv,bearing_ball,bearing_ball,bearing_ball,179,torque_circulation,3000.0,40.0,0.9992546439170837,0.00015387711755465716,0.000418503099353984,0.00017298584862146527
cross_condition,xgboost,data/raw/mcc5_thu_motor/MCC5-THU Motor/MCC5-THU Motor_torque_circulation/bearing_inner_H_torque_circulation_20Nm_1000rpm_250704084736d.csv,bearing_inner,bearing_inner,bearing_inner,179,torque_circulation,1000.0,20.0,0.00035950084566138685,0.9596603512763977,0.03989870101213455,8.145533502101898e-05
cross_condition,xgboost,data/raw/mcc5_thu_motor/MCC5-THU Motor/MCC5-THU Motor_torque_circulation/bearing_inner_H_torque_circulation_20Nm_2000rpm_250704084956d.csv,bearing_inner,bearing_inner,bearing_inner,179,torque_circulation,2000.0,20.0,0.00019505011732690036,0.9851841330528259,0.014549116604030132,7.161246321629733e-05
cross_condition,xgboost,data/raw/mcc5_thu_motor/MCC5-THU Motor/MCC5-THU Motor_torque_circulation/bearing_inner_H_torque_circulation_20Nm_3000rpm_250704085209d.csv,bearing_inner,bearing_inner,bearing_inner,179,torque_circulation,3000.0,20.0,0.002318211365491152,0.9704216718673706,0.027110612019896507,0.0001495365722803399
cross_condition,xgboost,data/raw/mcc5_thu_motor/MCC5-THU Motor/MCC5-THU Motor_torque_circulation/bearing_inner_H_torque_circulation_40Nm_1000rpm_250704085422d.csv,bearing_inner,bearing_inner,bearing_inner,179,torque_circulation,1000.0,40.0,0.0003144851652905345,0.9848077893257141,0.014810130931437016,6.763468991266564e-05
cross_condition,xgboost,data/raw/mcc5_thu_motor/MCC5-THU Motor/MCC5-THU Motor_torque_circulation/bearing_inner_H_torque_circulation_40Nm_2000rpm_250704085637d.csv,bearing_inner,bearing_inner,bearing_inner,179,torque_circulation,2000.0,40.0,0.00015991320833563805,0.9946053624153137,0.00517039280384779,6.42814120510593e-05
cross_condition,xgboost,data/raw/mcc5_thu_motor/MCC5-THU Motor/MCC5-THU Motor_torque_circulation/bearing_inner_H_torque_circulation_40Nm_3000rpm_250704085907d.csv,bearing_inner,bearing_inner,bearing_inner,179,torque_circulation,3000.0,40.0,0.0035841725766658783,0.9893200993537903,0.006967417895793915,0.0001282236771658063
cross_condition,xgboost,data/raw/mcc5_thu_motor/MCC5-THU Motor/MCC5-THU Motor_torque_circulation/bearing_inner_L_torque_circulation_20Nm_1000rpm_250707112415d.csv,bearing_inner,bearing_inner,bearing_inner,179,torque_circulation,1000.0,20.0,0.00025821587769314647,0.995550811290741,0.004096484277397394,9.448250057175756e-05
cross_condition,xgboost,data/raw/mcc5_thu_motor/MCC5-THU Motor/MCC5-THU Motor_torque_circulation/bearing_inner_L_torque_circulation_20Nm_2000rpm_250707112622d.csv,bearing_inner,bearing_inner,bearing_inner,179,torque_circulation,2000.0,20.0,0.00014917680528014898,0.9994716644287109,0.000326419627526775,5.28150521859061e-05
cross_condition,xgboost,data/raw/mcc5_thu_motor/MCC5-THU Motor/MCC5-THU Motor_torque_circulation/bearing_inner_L_torque_circulation_20Nm_3000rpm_250707112823d.csv,bearing_inner,bearing_inner,bearing_inner,179,torque_circulation,3000.0,20.0,0.0003729829622898251,0.9976705312728882,0.0005045415018685162,0.00145194330252707
cross_condition,xgboost,data/raw/mcc5_thu_motor/MCC5-THU Motor/MCC5-THU Motor_torque_circulation/bearing_inner_L_torque_circulation_40Nm_1000rpm_250707113035d.csv,bearing_inner,bearing_inner,bearing_inner,179,torque_circulation,1000.0,40.0,0.00011992509826086462,0.9992241263389587,0.0006009715725667775,5.505956141860224e-05
cross_condition,xgboost,data/raw/mcc5_thu_motor/MCC5-THU Motor/MCC5-THU Motor_torque_circulation/bearing_inner_L_torque_circulation_40Nm_2000rpm_250707113243d.csv,bearing_inner,bearing_inner,bearing_inner,179,torque_circulation,2000.0,40.0,0.00012620569032151252,0.9995848536491394,0.00024293317983392626,4.599442036123946e-05
cross_condition,xgboost,data/raw/mcc5_thu_motor/MCC5-THU Motor/MCC5-THU Motor_torque_circulation/bearing_inner_L_torque_circulation_40Nm_3000rpm_250707113444d.csv,bearing_inner,bearing_inner,bearing_inner,179,torque_circulation,3000.0,40.0,0.00023238702851813287,0.9989637732505798,0.0004034655576106161,0.00040035604615695775
cross_condition,xgboost,data/raw/mcc5_thu_motor/MCC5-THU Motor/MCC5-THU Motor_torque_circulation/bearing_outer_H_torque_circulation_20Nm_1000rpm_250707103949d.csv,bearing_outer,bearing_outer,bearing_outer,179,torque_circulation,1000.0,20.0,0.0005596939008682966,0.00018704129615798593,0.9991742372512817,7.900811033323407e-05
cross_condition,xgboost,data/raw/mcc5_thu_motor/MCC5-THU Motor/MCC5-THU Motor_torque_circulation/bearing_outer_H_torque_circulation_20Nm_2000rpm_250707103802d.csv,bearing_outer,bearing_outer,bearing_outer,179,torque_circulation,2000.0,20.0,0.00034835608676075935,0.0003447986673563719,0.9991403818130493,0.00016646446601953357
cross_condition,xgboost,data/raw/mcc5_thu_motor/MCC5-THU Motor/MCC5-THU Motor_torque_circulation/bearing_outer_H_torque_circulation_20Nm_3000rpm_250821175544.csv,bearing_outer,bearing_inner,bearing_inner,179,torque_circulation,3000.0,20.0,0.007867150008678436,0.7762441039085388,0.2151005119085312,0.0007882700301706791
cross_condition,xgboost,data/raw/mcc5_thu_motor/MCC5-THU Motor/MCC5-THU Motor_torque_circulation/bearing_outer_H_torque_circulation_40Nm_1000rpm_250707104154d.csv,bearing_outer,bearing_outer,bearing_outer,179,torque_circulation,1000.0,40.0,0.0005149429780431092,0.00042776347254402936,0.9989750385284424,8.23101363494061e-05
cross_condition,xgboost,data/raw/mcc5_thu_motor/MCC5-THU Motor/MCC5-THU Motor_torque_circulation/bearing_outer_H_torque_circulation_40Nm_2000rpm_250707104408d.csv,bearing_outer,bearing_outer,bearing_outer,179,torque_circulation,2000.0,40.0,0.000279012048849836,0.00022606014681514353,0.9993496537208557,0.00014527184248436242
cross_condition,xgboost,data/raw/mcc5_thu_motor/MCC5-THU Motor/MCC5-THU Motor_torque_circulation/bearing_outer_H_torque_circulation_40Nm_3000rpm_250707104611d.csv,bearing_outer,bearing_outer,bearing_outer,179,torque_circulation,3000.0,40.0,0.00030087243067100644,0.00036852320772595704,0.9992235898971558,0.00010692097566789016
cross_condition,xgboost,data/raw/mcc5_thu_motor/MCC5-THU Motor/MCC5-THU Motor_torque_circulation/bearing_outer_L_torque_circulation_20Nm_1000rpm_250708093600d.csv,bearing_outer,bearing_outer,bearing_outer,179,torque_circulation,1000.0,20.0,0.0003176848986186087,0.0003432246157899499,0.9992826581001282,5.641744064632803e-05
cross_condition,xgboost,data/raw/mcc5_thu_motor/MCC5-THU Motor/MCC5-THU Motor_torque_circulation/bearing_outer_L_torque_circulation_20Nm_2000rpm_250708093806d.csv,bearing_outer,bearing_outer,bearing_outer,179,torque_circulation,2000.0,20.0,0.0015498814173042774,0.0001949331199284643,0.9981598854064941,9.52387708821334e-05
cross_condition,xgboost,data/raw/mcc5_thu_motor/MCC5-THU Motor/MCC5-THU Motor_torque_circulation/bearing_outer_L_torque_circulation_20Nm_3000rpm_250708094011d.csv,bearing_outer,bearing_outer,bearing_outer,179,torque_circulation,3000.0,20.0,0.0003373645304236561,0.00027791556203737855,0.999257504940033,0.00012718088692054152
cross_condition,xgboost,data/raw/mcc5_thu_motor/MCC5-THU Motor/MCC5-THU Motor_torque_circulation/bearing_outer_L_torque_circulation_40Nm_1000rpm_250708094205d.csv,bearing_outer,bearing_outer,bearing_outer,179,torque_circulation,1000.0,40.0,0.0003098023880738765,0.00035493093309924006,0.9992641806602478,7.119376095943153e-05
cross_condition,xgboost,data/raw/mcc5_thu_motor/MCC5-THU Motor/MCC5-THU Motor_torque_circulation/bearing_outer_L_torque_circulation_40Nm_2000rpm_250708094403d.csv,bearing_outer,bearing_outer,bearing_outer,179,torque_circulation,2000.0,40.0,0.000704802805557847,0.0003402616421226412,0.9988336563110352,0.00012121896725147963
cross_condition,xgboost,data/raw/mcc5_thu_motor/MCC5-THU Motor/MCC5-THU Motor_torque_circulation/bearing_outer_L_torque_circulation_40Nm_3000rpm_250708094556d.csv,bearing_outer,bearing_outer,bearing_outer,179,torque_circulation,3000.0,40.0,0.0004354719421826303,0.0003853413218166679,0.9990358948707581,0.0001433361612726003
cross_condition,xgboost,data/raw/mcc5_thu_motor/MCC5-THU Motor/MCC5-THU Motor_torque_circulation/health_torque_circulation_20Nm_1000rpm_250702154813d.csv,healthy,healthy,healthy,179,torque_circulation,1000.0,20.0,0.0004630445910152048,0.00011380529031157494,0.000413795787608251,0.9990093111991882
cross_condition,xgboost,data/raw/mcc5_thu_motor/MCC5-THU Motor/MCC5-THU Motor_torque_circulation/health_torque_circulation_20Nm_2000rpm_250702155521d.csv,healthy,healthy,healthy,179,torque_circulation,2000.0,20.0,0.0002190585946664214,0.00010702601139200851,0.00020759973267558962,0.9994661808013916
cross_condition,xgboost,data/raw/mcc5_thu_motor/MCC5-THU Motor/MCC5-THU Motor_torque_circulation/health_torque_circulation_20Nm_3000rpm_250702155743d.csv,healthy,healthy,healthy,179,torque_circulation,3000.0,20.0,0.00021751162421423942,0.0001984732662094757,0.0007217598613351583,0.9988622665405273
cross_condition,xgboost,data/raw/mcc5_thu_motor/MCC5-THU Motor/MCC5-THU Motor_torque_circulation/health_torque_circulation_40Nm_1000rpm_250702161315d.csv,healthy,healthy,healthy,179,torque_circulation,1000.0,40.0,0.0003325241559650749,0.00012207767576910555,0.00025151571026071906,0.9992938041687012
cross_condition,xgboost,data/raw/mcc5_thu_motor/MCC5-THU Motor/MCC5-THU Motor_torque_circulation/health_torque_circulation_40Nm_2000rpm_250702161114d.csv,healthy,healthy,healthy,179,torque_circulation,2000.0,40.0,0.00019752340449485928,0.00019656492804642767,0.0002228646189905703,0.9993830919265747
cross_condition,xgboost,data/raw/mcc5_thu_motor/MCC5-THU Motor/MCC5-THU Motor_torque_circulation/health_torque_circulation_40Nm_3000rpm_250702160849d.csv,healthy,healthy,healthy,179,torque_circulation,3000.0,40.0,0.00017906624998431653,0.00019357643031980842,0.0006080945022404194,0.9990193247795105
cross_load,logistic_regression,data/raw/mcc5_thu_motor/MCC5-THU Motor/MCC5-THU Motor_speed_circulation/bearing_ball_H_speed_circulation_40Nm_1000rpm_250707143453.csv,bearing_ball,bearing_ball,bearing_ball,179,speed_circulation,1000.0,40.0,0.9691904797760857,0.011348879123164131,0.002953858746912374,0.016506782353837783
cross_load,logistic_regression,data/raw/mcc5_thu_motor/MCC5-THU Motor/MCC5-THU Motor_speed_circulation/bearing_ball_H_speed_circulation_40Nm_2000rpm_250707143905.csv,bearing_ball,bearing_ball,bearing_ball,179,speed_circulation,2000.0,40.0,0.9537661119563239,0.005757105836700884,0.006065329163835336,0.034411453043140014
cross_load,logistic_regression,data/raw/mcc5_thu_motor/MCC5-THU Motor/MCC5-THU Motor_speed_circulation/bearing_ball_H_speed_circulation_40Nm_3000rpm_250707144708.csv,bearing_ball,bearing_ball,bearing_ball,179,speed_circulation,3000.0,40.0,0.9567794084152795,0.005772209901896398,0.01969197111855419,0.017756410564269926
cross_load,logistic_regression,data/raw/mcc5_thu_motor/MCC5-THU Motor/MCC5-THU Motor_speed_circulation/bearing_ball_L_speed_circulation_40Nm_1000rpm_250707155133.csv,bearing_ball,bearing_ball,bearing_ball,179,speed_circulation,1000.0,40.0,0.9521778205761929,0.01117318517238156,2.3404858854790463e-05,0.03662558939257069
cross_load,logistic_regression,data/raw/mcc5_thu_motor/MCC5-THU Motor/MCC5-THU Motor_speed_circulation/bearing_ball_L_speed_circulation_40Nm_2000rpm_250707160240.csv,bearing_ball,bearing_ball,bearing_ball,179,speed_circulation,2000.0,40.0,0.9718809176466185,0.005586592184874659,0.00015674371266932014,0.022375746455837543
cross_load,logistic_regression,data/raw/mcc5_thu_motor/MCC5-THU Motor/MCC5-THU Motor_speed_circulation/bearing_ball_L_speed_circulation_40Nm_3000rpm_250707160826.csv,bearing_ball,bearing_ball,bearing_ball,179,speed_circulation,3000.0,40.0,0.9907901445783789,0.0055865921777891285,6.703684632240858e-05,0.0035562263975096424
cross_load,logistic_regression,data/raw/mcc5_thu_motor/MCC5-THU Motor/MCC5-THU Motor_speed_circulation/bearing_inner_H_speed_circulation_40Nm_1000rpm_250704090347.csv,bearing_inner,bearing_inner,bearing_inner,179,speed_circulation,1000.0,40.0,0.013947058805284527,0.9841298911103235,0.0019183614961174218,4.6885882746477785e-06
cross_load,logistic_regression,data/raw/mcc5_thu_motor/MCC5-THU Motor/MCC5-THU Motor_speed_circulation/bearing_inner_H_speed_circulation_40Nm_2000rpm_250704090841.csv,bearing_inner,bearing_inner,bearing_inner,179,speed_circulation,2000.0,40.0,0.0004586417145223811,0.9472824139563126,0.04666271851874612,0.005596225810418874
cross_load,logistic_regression,data/raw/mcc5_thu_motor/MCC5-THU Motor/MCC5-THU Motor_speed_circulation/bearing_inner_H_speed_circulation_40Nm_3000rpm_250704091435.csv,bearing_inner,bearing_inner,bearing_inner,179,speed_circulation,3000.0,40.0,0.0003283689753491817,0.641116617828712,0.3585413353873349,1.3677808604021597e-05
cross_load,logistic_regression,data/raw/mcc5_thu_motor/MCC5-THU Motor/MCC5-THU Motor_speed_circulation/bearing_inner_L_speed_circulation_40Nm_1000rpm_250707114105.csv,bearing_inner,bearing_inner,bearing_inner,179,speed_circulation,1000.0,40.0,8.666288612801884e-06,0.9835949720622573,0.005593520913577992,0.010802840735551914
cross_load,logistic_regression,data/raw/mcc5_thu_motor/MCC5-THU Motor/MCC5-THU Motor_speed_circulation/bearing_inner_L_speed_circulation_40Nm_2000rpm_250707114548.csv,bearing_inner,bearing_inner,bearing_inner,179,speed_circulation,2000.0,40.0,4.867352796229679e-07,0.9819250921694043,0.008920049740524048,0.009154371354792
cross_load,logistic_regression,data/raw/mcc5_thu_motor/MCC5-THU Motor/MCC5-THU Motor_speed_circulation/bearing_inner_L_speed_circulation_40Nm_3000rpm_250707114941.csv,bearing_inner,bearing_inner,bearing_inner,179,speed_circulation,3000.0,40.0,9.004792837599218e-08,0.9799451564966979,0.0118636333370075,0.00819112011836617
cross_load,logistic_regression,data/raw/mcc5_thu_motor/MCC5-THU Motor/MCC5-THU Motor_speed_circulation/bearing_outer_H_speed_circulation_40Nm_1000rpm_250707105055.csv,bearing_outer,bearing_outer,bearing_outer,179,speed_circulation,1000.0,40.0,0.1101721014621379,0.011266755187071997,0.6722416957531535,0.20631944759763662
cross_load,logistic_regression,data/raw/mcc5_thu_motor/MCC5-THU Motor/MCC5-THU Motor_speed_circulation/bearing_outer_H_speed_circulation_40Nm_2000rpm_250707105500.csv,bearing_outer,bearing_outer,bearing_outer,179,speed_circulation,2000.0,40.0,0.0018324585611248156,0.0004127463456120349,0.986171341829952,0.011583453263311007
cross_load,logistic_regression,data/raw/mcc5_thu_motor/MCC5-THU Motor/MCC5-THU Motor_speed_circulation/bearing_outer_H_speed_circulation_40Nm_3000rpm_250707105959.csv,bearing_outer,bearing_outer,bearing_outer,179,speed_circulation,3000.0,40.0,0.003661698866738371,0.011176393039961464,0.9809900464054636,0.004171861687836555
cross_load,logistic_regression,data/raw/mcc5_thu_motor/MCC5-THU Motor/MCC5-THU Motor_speed_circulation/bearing_outer_L_speed_circulation_40Nm_1000rpm_250708094556.csv,bearing_outer,bearing_outer,bearing_outer,179,speed_circulation,1000.0,40.0,0.007535449346769226,0.01594290383186604,0.9655199323243259,0.011001714497038826
cross_load,logistic_regression,data/raw/mcc5_thu_motor/MCC5-THU Motor/MCC5-THU Motor_speed_circulation/bearing_outer_L_speed_circulation_40Nm_2000rpm_250708100011.csv,bearing_outer,bearing_outer,bearing_outer,179,speed_circulation,2000.0,40.0,0.021107835050760318,0.006306060202804378,0.9614855210133936,0.011100583733041685
cross_load,logistic_regression,data/raw/mcc5_thu_motor/MCC5-THU Motor/MCC5-THU Motor_speed_circulation/bearing_outer_L_speed_circulation_40Nm_3000rpm_250708100602.csv,bearing_outer,bearing_outer,bearing_outer,179,speed_circulation,3000.0,40.0,0.06911378435775165,0.00657245443943406,0.9214799257846605,0.002833835418153791
cross_load,logistic_regression,data/raw/mcc5_thu_motor/MCC5-THU Motor/MCC5-THU Motor_speed_circulation/health_speed_circulation_40Nm_1000rpm_250702161900.csv,healthy,healthy,healthy,179,speed_circulation,1000.0,40.0,0.013608429387966766,0.011173186394724576,3.732527155777418e-05,0.975181058945751
cross_load,logistic_regression,data/raw/mcc5_thu_motor/MCC5-THU Motor/MCC5-THU Motor_speed_circulation/health_speed_circulation_40Nm_2000rpm_250702162327.csv,healthy,healthy,healthy,179,speed_circulation,2000.0,40.0,0.006793933457244695,0.00558656278643468,0.0004069354299822533,0.9872125683263384
cross_load,logistic_regression,data/raw/mcc5_thu_motor/MCC5-THU Motor/MCC5-THU Motor_speed_circulation/health_speed_circulation_40Nm_3000rpm_250702162804.csv,healthy,healthy,healthy,179,speed_circulation,3000.0,40.0,0.001552289353399691,0.0055866031370322665,0.01286243850463602,0.979998669004932
cross_load,logistic_regression,data/raw/mcc5_thu_motor/MCC5-THU Motor/MCC5-THU Motor_torque_circulation/bearing_ball_H_torque_circulation_40Nm_1000rpm_250707140440d.csv,bearing_ball,bearing_ball,bearing_ball,179,torque_circulation,1000.0,40.0,0.9836787345358181,0.00010339260907371502,0.0003555729395730947,0.015862299915535026
cross_load,logistic_regression,data/raw/mcc5_thu_motor/MCC5-THU Motor/MCC5-THU Motor_torque_circulation/bearing_ball_H_torque_circulation_40Nm_2000rpm_250707142821d.csv,bearing_ball,bearing_ball,bearing_ball,179,torque_circulation,2000.0,40.0,0.9451905312232892,0.0002293744890136428,0.00123607365052774,0.053344020637169365
cross_load,logistic_regression,data/raw/mcc5_thu_motor/MCC5-THU Motor/MCC5-THU Motor_torque_circulation/bearing_ball_H_torque_circulation_40Nm_3000rpm_250707143025d.csv,bearing_ball,bearing_ball,bearing_ball,179,torque_circulation,3000.0,40.0,0.9973802847473368,4.337187882296493e-06,0.0010961845037061855,0.0015191935610746987
cross_load,logistic_regression,data/raw/mcc5_thu_motor/MCC5-THU Motor/MCC5-THU Motor_torque_circulation/bearing_ball_L_torque_circulation_40Nm_1000rpm_250707154144d.csv,bearing_ball,bearing_ball,bearing_ball,179,torque_circulation,1000.0,40.0,0.9744968604170122,4.797678675653982e-12,4.684645743103626e-05,0.025456293120759036
cross_load,logistic_regression,data/raw/mcc5_thu_motor/MCC5-THU Motor/MCC5-THU Motor_torque_circulation/bearing_ball_L_torque_circulation_40Nm_2000rpm_250707154410d.csv,bearing_ball,bearing_ball,bearing_ball,179,torque_circulation,2000.0,40.0,0.9853262539543273,4.851496817951126e-12,0.00013102210263714545,0.014542723938184236
cross_load,logistic_regression,data/raw/mcc5_thu_motor/MCC5-THU Motor/MCC5-THU Motor_torque_circulation/bearing_ball_L_torque_circulation_40Nm_3000rpm_250707154630d.csv,bearing_ball,bearing_ball,bearing_ball,179,torque_circulation,3000.0,40.0,0.9999968826504467,1.0783729108572997e-12,4.6819231592598614e-09,3.1126665516247e-06
cross_load,logistic_regression,data/raw/mcc5_thu_motor/MCC5-THU Motor/MCC5-THU Motor_torque_circulation/bearing_inner_H_torque_circulation_40Nm_1000rpm_250704085422d.csv,bearing_inner,bearing_inner,bearing_inner,179,torque_circulation,1000.0,40.0,7.056426970504413e-05,0.9957415916942177,0.004187842167542795,1.8685343151019747e-09
cross_load,logistic_regression,data/raw/mcc5_thu_motor/MCC5-THU Motor/MCC5-THU Motor_torque_circulation/bearing_inner_H_torque_circulation_40Nm_2000rpm_250704085637d.csv,bearing_inner,bearing_inner,bearing_inner,179,torque_circulation,2000.0,40.0,2.1949812422723875e-05,0.9978104600890094,0.002145156903932821,2.2433194635078877e-05
cross_load,logistic_regression,data/raw/mcc5_thu_motor/MCC5-THU Motor/MCC5-THU Motor_torque_circulation/bearing_inner_H_torque_circulation_40Nm_3000rpm_250704085907d.csv,bearing_inner,bearing_inner,bearing_inner,179,torque_circulation,3000.0,40.0,7.135208236399696e-08,0.9999995206568756,4.079910398795196e-07,2.1859382440460006e-15
cross_load,logistic_regression,data/raw/mcc5_thu_motor/MCC5-THU Motor/MCC5-THU Motor_torque_circulation/bearing_inner_L_torque_circulation_40Nm_1000rpm_250707113035d.csv,bearing_inner,bearing_inner,bearing_inner,179,torque_circulation,1000.0,40.0,2.5480278256786435e-08,0.9799712100338986,0.0005718471344164517,0.019456917351406644
cross_load,logistic_regression,data/raw/mcc5_thu_motor/MCC5-THU Motor/MCC5-THU Motor_torque_circulation/bearing_inner_L_torque_circulation_40Nm_2000rpm_250707113243d.csv,bearing_inner,bearing_inner,bearing_inner,179,torque_circulation,2000.0,40.0,1.0337836515142783e-11,0.9994938086734431,1.0615066734444213e-07,0.0005060851655517441
cross_load,logistic_regression,data/raw/mcc5_thu_motor/MCC5-THU Motor/MCC5-THU Motor_torque_circulation/bearing_inner_L_torque_circulation_40Nm_3000rpm_250707113444d.csv,bearing_inner,bearing_inner,bearing_inner,179,torque_circulation,3000.0,40.0,8.938611728184812e-16,0.9999134501079151,1.0909549089281059e-10,8.654978298846944e-05
cross_load,logistic_regression,data/raw/mcc5_thu_motor/MCC5-THU Motor/MCC5-THU Motor_torque_circulation/bearing_outer_H_torque_circulation_40Nm_1000rpm_250707104154d.csv,bearing_outer,bearing_outer,bearing_outer,179,torque_circulation,1000.0,40.0,0.1375090754676658,0.01555706861279981,0.7606552358296379,0.0862786200898965
cross_load,logistic_regression,data/raw/mcc5_thu_motor/MCC5-THU Motor/MCC5-THU Motor_torque_circulation/bearing_outer_H_torque_circulation_40Nm_2000rpm_250707104408d.csv,bearing_outer,bearing_outer,bearing_outer,179,torque_circulation,2000.0,40.0,0.0013413874200215049,0.0008065006148342197,0.975768821607221,0.022083290357923127
cross_load,logistic_regression,data/raw/mcc5_thu_motor/MCC5-THU Motor/MCC5-THU Motor_torque_circulation/bearing_outer_H_torque_circulation_40Nm_3000rpm_250707104611d.csv,bearing_outer,bearing_outer,bearing_outer,179,torque_circulation,3000.0,40.0,0.0023436302779518705,1.9355231163811695e-05,0.9976336496013045,3.3648895797535105e-06
cross_load,logistic_regression,data/raw/mcc5_thu_motor/MCC5-THU Motor/MCC5-THU Motor_torque_circulation/bearing_outer_L_torque_circulation_40Nm_1000rpm_250708094205d.csv,bearing_outer,bearing_outer,bearing_outer,179,torque_circulation,1000.0,40.0,0.0013676799815894292,0.004834627082971,0.9806256576424188,0.013172035293020735
cross_load,logistic_regression,data/raw/mcc5_thu_motor/MCC5-THU Motor/MCC5-THU Motor_torque_circulation/bearing_outer_L_torque_circulation_40Nm_2000rpm_250708094403d.csv,bearing_outer,bearing_outer,bearing_outer,179,torque_circulation,2000.0,40.0,0.008318132796136635,0.0007470756819715514,0.988552608250234,0.0023821832716577037
cross_load,logistic_regression,data/raw/mcc5_thu_motor/MCC5-THU Motor/MCC5-THU Motor_torque_circulation/bearing_outer_L_torque_circulation_40Nm_3000rpm_250708094556d.csv,bearing_outer,bearing_outer,bearing_outer,179,torque_circulation,3000.0,40.0,0.041770300751255034,0.00032649932151343014,0.9578469260107918,5.627391643968468e-05
cross_load,logistic_regression,data/raw/mcc5_thu_motor/MCC5-THU Motor/MCC5-THU Motor_torque_circulation/health_torque_circulation_40Nm_1000rpm_250702161315d.csv,healthy,healthy,healthy,179,torque_circulation,1000.0,40.0,0.0022439974939507438,4.016812573626459e-10,4.330767981235649e-06,0.9977516713363866
cross_load,logistic_regression,data/raw/mcc5_thu_motor/MCC5-THU Motor/MCC5-THU Motor_torque_circulation/health_torque_circulation_40Nm_2000rpm_250702161114d.csv,healthy,healthy,healthy,179,torque_circulation,2000.0,40.0,0.002651930843415883,3.3751459884723193e-08,0.00017836960555598182,0.9971696657995682
cross_load,logistic_regression,data/raw/mcc5_thu_motor/MCC5-THU Motor/MCC5-THU Motor_torque_circulation/health_torque_circulation_40Nm_3000rpm_250702160849d.csv,healthy,healthy,healthy,179,torque_circulation,3000.0,40.0,0.0007340837101552643,1.6508173641905007e-08,6.574404421812992e-05,0.9992001557374529
cross_load,svm,data/raw/mcc5_thu_motor/MCC5-THU Motor/MCC5-THU Motor_speed_circulation/bearing_ball_H_speed_circulation_40Nm_1000rpm_250707143453.csv,bearing_ball,bearing_ball,bearing_ball,179,speed_circulation,1000.0,40.0,0.4015075763482676,0.1693988749819347,0.38305004834576084,0.04604350032403697
cross_load,svm,data/raw/mcc5_thu_motor/MCC5-THU Motor/MCC5-THU Motor_speed_circulation/bearing_ball_H_speed_circulation_40Nm_2000rpm_250707143905.csv,bearing_ball,bearing_ball,bearing_ball,179,speed_circulation,2000.0,40.0,0.44310533676525293,0.15478008771275098,0.35720431517888884,0.044910260343107224
cross_load,svm,data/raw/mcc5_thu_motor/MCC5-THU Motor/MCC5-THU Motor_speed_circulation/bearing_ball_H_speed_circulation_40Nm_3000rpm_250707144708.csv,bearing_ball,bearing_ball,bearing_ball,179,speed_circulation,3000.0,40.0,0.4469077126306231,0.13588456786938094,0.3717763437515413,0.04543137574845457
cross_load,svm,data/raw/mcc5_thu_motor/MCC5-THU Motor/MCC5-THU Motor_speed_circulation/bearing_ball_L_speed_circulation_40Nm_1000rpm_250707155133.csv,bearing_ball,bearing_ball,bearing_ball,179,speed_circulation,1000.0,40.0,0.4342349451747602,0.13138715042128965,0.35219537842347726,0.08218252598047286
cross_load,svm,data/raw/mcc5_thu_motor/MCC5-THU Motor/MCC5-THU Motor_speed_circulation/bearing_ball_L_speed_circulation_40Nm_2000rpm_250707160240.csv,bearing_ball,bearing_ball,bearing_ball,179,speed_circulation,2000.0,40.0,0.441584962339079,0.1211796834983873,0.3434928999751906,0.09374245418734305
cross_load,svm,data/raw/mcc5_thu_motor/MCC5-THU Motor/MCC5-THU Motor_speed_circulation/bearing_ball_L_speed_circulation_40Nm_3000rpm_250707160826.csv,bearing_ball,bearing_ball,bearing_ball,179,speed_circulation,3000.0,40.0,0.4705376545456923,0.12979226980863898,0.31396043396310463,0.08570964168256401
cross_load,svm,data/raw/mcc5_thu_motor/MCC5-THU Motor/MCC5-THU Motor_speed_circulation/bearing_inner_H_speed_circulation_40Nm_1000rpm_250704090347.csv,bearing_inner,bearing_outer,bearing_outer,179,speed_circulation,1000.0,40.0,0.20930185362697587,0.3108541252340029,0.4384414430592138,0.04140257807980741
cross_load,svm,data/raw/mcc5_thu_motor/MCC5-THU Motor/MCC5-THU Motor_speed_circulation/bearing_inner_H_speed_circulation_40Nm_2000rpm_250704090841.csv,bearing_inner,bearing_outer,bearing_outer,179,speed_circulation,2000.0,40.0,0.17507935717947357,0.32552969388607433,0.4612545619054162,0.03813638702903582
cross_load,svm,data/raw/mcc5_thu_motor/MCC5-THU Motor/MCC5-THU Motor_speed_circulation/bearing_inner_H_speed_circulation_40Nm_3000rpm_250704091435.csv,bearing_inner,bearing_outer,bearing_outer,179,speed_circulation,3000.0,40.0,0.19748752724717317,0.2867656335009981,0.47450349013365056,0.04124334911817813
cross_load,svm,data/raw/mcc5_thu_motor/MCC5-THU Motor/MCC5-THU Motor_speed_circulation/bearing_inner_L_speed_circulation_40Nm_1000rpm_250707114105.csv,bearing_inner,bearing_outer,bearing_outer,179,speed_circulation,1000.0,40.0,0.19133857975352833,0.3100310050225009,0.44806341360672525,0.05056700161724542
cross_load,svm,data/raw/mcc5_thu_motor/MCC5-THU Motor/MCC5-THU Motor_speed_circulation/bearing_inner_L_speed_circulation_40Nm_2000rpm_250707114548.csv,bearing_inner,bearing_outer,bearing_outer,179,speed_circulation,2000.0,40.0,0.16918078430390168,0.33380172689304594,0.4403922212091132,0.056625267593939155
cross_load,svm,data/raw/mcc5_thu_motor/MCC5-THU Motor/MCC5-THU Motor_speed_circulation/bearing_inner_L_speed_circulation_40Nm_3000rpm_250707114941.csv,bearing_inner,bearing_outer,bearing_outer,179,speed_circulation,3000.0,40.0,0.18002251316124468,0.3506531102871535,0.41692364644174723,0.052400730109854625
cross_load,svm,data/raw/mcc5_thu_motor/MCC5-THU Motor/MCC5-THU Motor_speed_circulation/bearing_outer_H_speed_circulation_40Nm_1000rpm_250707105055.csv,bearing_outer,bearing_outer,bearing_outer,179,speed_circulation,1000.0,40.0,0.24704121657694164,0.18263176280506274,0.5182357879197657,0.05209123269822997
cross_load,svm,data/raw/mcc5_thu_motor/MCC5-THU Motor/MCC5-THU Motor_speed_circulation/bearing_outer_H_speed_circulation_40Nm_2000rpm_250707105500.csv,bearing_outer,bearing_outer,bearing_outer,179,speed_circulation,2000.0,40.0,0.20793099965423345,0.1476688643409182,0.5939425460024654,0.05045759000238301
cross_load,svm,data/raw/mcc5_thu_motor/MCC5-THU Motor/MCC5-THU Motor_speed_circulation/bearing_outer_H_speed_circulation_40Nm_3000rpm_250707105959.csv,bearing_outer,bearing_outer,bearing_outer,179,speed_circulation,3000.0,40.0,0.22557111123714169,0.14786121082809717,0.5780398522962885,0.0485278256384726
cross_load,svm,data/raw/mcc5_thu_motor/MCC5-THU Motor/MCC5-THU Motor_speed_circulation/bearing_outer_L_speed_circulation_40Nm_1000rpm_250708094556.csv,bearing_outer,bearing_outer,bearing_outer,179,speed_circulation,1000.0,40.0,0.2127430604600471,0.18480548203602334,0.5554432907902508,0.04700816671367873
cross_load,svm,data/raw/mcc5_thu_motor/MCC5-THU Motor/MCC5-THU Motor_speed_circulation/bearing_outer_L_speed_circulation_40Nm_2000rpm_250708100011.csv,bearing_outer,bearing_outer,bearing_outer,179,speed_circulation,2000.0,40.0,0.21484234954263817,0.15088179010028527,0.5880401660033225,0.04623569435375409
cross_load,svm,data/raw/mcc5_thu_motor/MCC5-THU Motor/MCC5-THU Motor_speed_circulation/bearing_outer_L_speed_circulation_40Nm_3000rpm_250708100602.csv,bearing_outer,bearing_outer,bearing_outer,179,speed_circulation,3000.0,40.0,0.22404704489038482,0.12608697254665016,0.6043647933951305,0.04550118916783448
cross_load,svm,data/raw/mcc5_thu_motor/MCC5-THU Motor/MCC5-THU Motor_speed_circulation/health_speed_circulation_40Nm_1000rpm_250702161900.csv,healthy,bearing_outer,bearing_outer,179,speed_circulation,1000.0,40.0,0.3462242830031983,0.151267030786659,0.4229482413466942,0.07956044486344852
cross_load,svm,data/raw/mcc5_thu_motor/MCC5-THU Motor/MCC5-THU Motor_speed_circulation/health_speed_circulation_40Nm_2000rpm_250702162327.csv,healthy,bearing_outer,bearing_outer,179,speed_circulation,2000.0,40.0,0.3485094840426457,0.14038153364774986,0.4189012127882583,0.09220776952134604
cross_load,svm,data/raw/mcc5_thu_motor/MCC5-THU Motor/MCC5-THU Motor_speed_circulation/health_speed_circulation_40Nm_3000rpm_250702162804.csv,healthy,bearing_outer,bearing_outer,179,speed_circulation,3000.0,40.0,0.346604996667279,0.14287881991942517,0.41333842005718646,0.0971777633561094
cross_load,svm,data/raw/mcc5_thu_motor/MCC5-THU Motor/MCC5-THU Motor_torque_circulation/bearing_ball_H_torque_circulation_40Nm_1000rpm_250707140440d.csv,bearing_ball,bearing_ball,bearing_ball,179,torque_circulation,1000.0,40.0,0.49964681342218115,0.14086635665758915,0.3204845992715864,0.03900223064864332
cross_load,svm,data/raw/mcc5_thu_motor/MCC5-THU Motor/MCC5-THU Motor_torque_circulation/bearing_ball_H_torque_circulation_40Nm_2000rpm_250707142821d.csv,bearing_ball,bearing_ball,bearing_ball,179,torque_circulation,2000.0,40.0,0.47677052904649786,0.1494712847496153,0.3313219993171174,0.042436186886769506
cross_load,svm,data/raw/mcc5_thu_motor/MCC5-THU Motor/MCC5-THU Motor_torque_circulation/bearing_ball_H_torque_circulation_40Nm_3000rpm_250707143025d.csv,bearing_ball,bearing_ball,bearing_ball,179,torque_circulation,3000.0,40.0,0.5682518620725916,0.10687011320419428,0.2862712585283936,0.038606766194820445
cross_load,svm,data/raw/mcc5_thu_motor/MCC5-THU Motor/MCC5-THU Motor_torque_circulation/bearing_ball_L_torque_circulation_40Nm_1000rpm_250707154144d.csv,bearing_ball,bearing_ball,bearing_ball,179,torque_circulation,1000.0,40.0,0.5803281488692441,0.09448601692902578,0.24334727295939007,0.08183856124234
cross_load,svm,data/raw/mcc5_thu_motor/MCC5-THU Motor/MCC5-THU Motor_torque_circulation/bearing_ball_L_torque_circulation_40Nm_2000rpm_250707154410d.csv,bearing_ball,bearing_ball,bearing_ball,179,torque_circulation,2000.0,40.0,0.526981431787586,0.10605610627988346,0.2836239418017351,0.08333852013079542
cross_load,svm,data/raw/mcc5_thu_motor/MCC5-THU Motor/MCC5-THU Motor_torque_circulation/bearing_ball_L_torque_circulation_40Nm_3000rpm_250707154630d.csv,bearing_ball,bearing_ball,bearing_ball,179,torque_circulation,3000.0,40.0,0.6408933455904592,0.09459221198191317,0.1931883734501281,0.07132606897749955
cross_load,svm,data/raw/mcc5_thu_motor/MCC5-THU Motor/MCC5-THU Motor_torque_circulation/bearing_inner_H_torque_circulation_40Nm_1000rpm_250704085422d.csv,bearing_inner,bearing_inner,bearing_outer,179,torque_circulation,1000.0,40.0,0.1638717506595473,0.4122494103047699,0.3888502715315761,0.03502856750410664
cross_load,svm,data/raw/mcc5_thu_motor/MCC5-THU Motor/MCC5-THU Motor_torque_circulation/bearing_inner_H_torque_circulation_40Nm_2000rpm_250704085637d.csv,bearing_inner,bearing_inner,bearing_outer,179,torque_circulation,2000.0,40.0,0.16266536465248702,0.4029586131110484,0.3984495725390965,0.03592644969736806
cross_load,svm,data/raw/mcc5_thu_motor/MCC5-THU Motor/MCC5-THU Motor_torque_circulation/bearing_inner_H_torque_circulation_40Nm_3000rpm_250704085907d.csv,bearing_inner,bearing_inner,bearing_outer,179,torque_circulation,3000.0,40.0,0.13852411204104761,0.4383908671955731,0.3901213603852067,0.03296366037817269
cross_load,svm,data/raw/mcc5_thu_motor/MCC5-THU Motor/MCC5-THU Motor_torque_circulation/bearing_inner_L_torque_circulation_40Nm_1000rpm_250707113035d.csv,bearing_inner,bearing_outer,bearing_outer,179,torque_circulation,1000.0,40.0,0.15921115917614015,0.38999059152448506,0.39839700434180375,0.05240124495757106
cross_load,svm,data/raw/mcc5_thu_motor/MCC5-THU Motor/MCC5-THU Motor_torque_circulation/bearing_inner_L_torque_circulation_40Nm_2000rpm_250707113243d.csv,bearing_inner,bearing_inner,bearing_outer,179,torque_circulation,2000.0,40.0,0.140843800512779,0.4268814895906958,0.3768972256631766,0.05537748423334859
cross_load,svm,data/raw/mcc5_thu_motor/MCC5-THU Motor/MCC5-THU Motor_torque_circulation/bearing_inner_L_torque_circulation_40Nm_3000rpm_250707113444d.csv,bearing_inner,bearing_inner,bearing_inner,179,torque_circulation,3000.0,40.0,0.15407246009107653,0.4586489601925665,0.34243704729052193,0.04484153242583502
cross_load,svm,data/raw/mcc5_thu_motor/MCC5-THU Motor/MCC5-THU Motor_torque_circulation/bearing_outer_H_torque_circulation_40Nm_1000rpm_250707104154d.csv,bearing_outer,bearing_outer,bearing_outer,179,torque_circulation,1000.0,40.0,0.22794184895973085,0.15906693983799364,0.5666006390824199,0.046390572119855644
cross_load,svm,data/raw/mcc5_thu_motor/MCC5-THU Motor/MCC5-THU Motor_torque_circulation/bearing_outer_H_torque_circulation_40Nm_2000rpm_250707104408d.csv,bearing_outer,bearing_outer,bearing_outer,179,torque_circulation,2000.0,40.0,0.18846619627586164,0.13886605362192855,0.6267873856533828,0.0458803644488269
cross_load,svm,data/raw/mcc5_thu_motor/MCC5-THU Motor/MCC5-THU Motor_torque_circulation/bearing_outer_H_torque_circulation_40Nm_3000rpm_250707104611d.csv,bearing_outer,bearing_outer,bearing_outer,179,torque_circulation,3000.0,40.0,0.19089075079198528,0.12511023356392081,0.6477122703764931,0.03628674526760077
cross_load,svm,data/raw/mcc5_thu_motor/MCC5-THU Motor/MCC5-THU Motor_torque_circulation/bearing_outer_L_torque_circulation_40Nm_1000rpm_250708094205d.csv,bearing_outer,bearing_outer,bearing_outer,179,torque_circulation,1000.0,40.0,0.1822988101196238,0.1479107149051532,0.6286139911957133,0.04117648377950981
cross_load,svm,data/raw/mcc5_thu_motor/MCC5-THU Motor/MCC5-THU Motor_torque_circulation/bearing_outer_L_torque_circulation_40Nm_2000rpm_250708094403d.csv,bearing_outer,bearing_outer,bearing_outer,179,torque_circulation,2000.0,40.0,0.21141260671098186,0.13415703828858655,0.6130604196948486,0.041369935305582944
cross_load,svm,data/raw/mcc5_thu_motor/MCC5-THU Motor/MCC5-THU Motor_torque_circulation/bearing_outer_L_torque_circulation_40Nm_3000rpm_250708094556d.csv,bearing_outer,bearing_outer,bearing_outer,179,torque_circulation,3000.0,40.0,0.21596434443303883,0.10136935331536946,0.6481507912112204,0.03451551104037123
cross_load,svm,data/raw/mcc5_thu_motor/MCC5-THU Motor/MCC5-THU Motor_torque_circulation/health_torque_circulation_40Nm_1000rpm_250702161315d.csv,healthy,bearing_ball,bearing_ball,179,torque_circulation,1000.0,40.0,0.41996339402576804,0.11418942730788552,0.3402447380509201,0.12560244061542633
cross_load,svm,data/raw/mcc5_thu_motor/MCC5-THU Motor/MCC5-THU Motor_torque_circulation/health_torque_circulation_40Nm_2000rpm_250702161114d.csv,healthy,bearing_ball,bearing_outer,179,torque_circulation,2000.0,40.0,0.3860615935580056,0.12232274514125731,0.3653346805555409,0.12628098074519611
cross_load,svm,data/raw/mcc5_thu_motor/MCC5-THU Motor/MCC5-THU Motor_torque_circulation/health_torque_circulation_40Nm_3000rpm_250702160849d.csv,healthy,bearing_ball,bearing_ball,179,torque_circulation,3000.0,40.0,0.4540279331121559,0.09610910188235863,0.2907689437443192,0.1590940212611663
cross_load,random_forest,data/raw/mcc5_thu_motor/MCC5-THU Motor/MCC5-THU Motor_speed_circulation/bearing_ball_H_speed_circulation_40Nm_1000rpm_250707143453.csv,bearing_ball,bearing_ball,bearing_ball,179,speed_circulation,1000.0,40.0,0.8466759776536313,0.013826815642458102,0.11287709497206704,0.026620111731843574
cross_load,random_forest,data/raw/mcc5_thu_motor/MCC5-THU Motor/MCC5-THU Motor_speed_circulation/bearing_ball_H_speed_circulation_40Nm_2000rpm_250707143905.csv,bearing_ball,bearing_ball,bearing_ball,179,speed_circulation,2000.0,40.0,0.8246648044692738,0.018882681564245808,0.1141340782122905,0.04231843575418995
cross_load,random_forest,data/raw/mcc5_thu_motor/MCC5-THU Motor/MCC5-THU Motor_speed_circulation/bearing_ball_H_speed_circulation_40Nm_3000rpm_250707144708.csv,bearing_ball,bearing_ball,bearing_ball,179,speed_circulation,3000.0,40.0,0.6109776536312848,0.049357541899441346,0.3125418994413408,0.027122905027932964
cross_load,random_forest,data/raw/mcc5_thu_motor/MCC5-THU Motor/MCC5-THU Motor_speed_circulation/bearing_ball_L_speed_circulation_40Nm_1000rpm_250707155133.csv,bearing_ball,bearing_ball,bearing_ball,179,speed_circulation,1000.0,40.0,0.8178212290502792,0.006871508379888268,0.09083798882681565,0.08446927374301677
cross_load,random_forest,data/raw/mcc5_thu_motor/MCC5-THU Motor/MCC5-THU Motor_speed_circulation/bearing_ball_L_speed_circulation_40Nm_2000rpm_250707160240.csv,bearing_ball,bearing_ball,bearing_ball,179,speed_circulation,2000.0,40.0,0.831508379888268,0.003435754189944134,0.10097765363128489,0.06407821229050278
cross_load,random_forest,data/raw/mcc5_thu_motor/MCC5-THU Motor/MCC5-THU Motor_speed_circulation/bearing_ball_L_speed_circulation_40Nm_3000rpm_250707160826.csv,bearing_ball,bearing_ball,bearing_ball,179,speed_circulation,3000.0,40.0,0.8508100558659217,0.004608938547486033,0.07480446927374303,0.06977653631284918
cross_load,random_forest,data/raw/mcc5_thu_motor/MCC5-THU Motor/MCC5-THU Motor_speed_circulation/bearing_inner_H_speed_circulation_40Nm_1000rpm_250704090347.csv,bearing_inner,bearing_inner,bearing_inner,179,speed_circulation,1000.0,40.0,0.024860335195530728,0.8884357541899441,0.08329608938547486,0.0034078212290502793
cross_load,random_forest,data/raw/mcc5_thu_motor/MCC5-THU Motor/MCC5-THU Motor_speed_circulation/bearing_inner_H_speed_circulation_40Nm_2000rpm_250704090841.csv,bearing_inner,bearing_inner,bearing_inner,179,speed_circulation,2000.0,40.0,0.013519553072625697,0.8387430167597767,0.13594972067039107,0.011787709497206705
cross_load,random_forest,data/raw/mcc5_thu_motor/MCC5-THU Motor/MCC5-THU Motor_speed_circulation/bearing_inner_H_speed_circulation_40Nm_3000rpm_250704091435.csv,bearing_inner,bearing_inner,bearing_inner,179,speed_circulation,3000.0,40.0,0.0135195530726257,0.6980446927374301,0.27318435754189946,0.015251396648044693
cross_load,random_forest,data/raw/mcc5_thu_motor/MCC5-THU Motor/MCC5-THU Motor_speed_circulation/bearing_inner_L_speed_circulation_40Nm_1000rpm_250707114105.csv,bearing_inner,bearing_inner,bearing_inner,179,speed_circulation,1000.0,40.0,0.015251396648044695,0.7906424581005587,0.18064245810055865,0.013463687150837992
cross_load,random_forest,data/raw/mcc5_thu_motor/MCC5-THU Motor/MCC5-THU Motor_speed_circulation/bearing_inner_L_speed_circulation_40Nm_2000rpm_250707114548.csv,bearing_inner,bearing_inner,bearing_inner,179,speed_circulation,2000.0,40.0,0.0074581005586592175,0.7891340782122904,0.18379888268156425,0.019608938547486035
cross_load,random_forest,data/raw/mcc5_thu_motor/MCC5-THU Motor/MCC5-THU Motor_speed_circulation/bearing_inner_L_speed_circulation_40Nm_3000rpm_250707114941.csv,bearing_inner,bearing_inner,bearing_inner,179,speed_circulation,3000.0,40.0,0.004497206703910614,0.7754189944134078,0.19930167597765366,0.02078212290502793
cross_load,random_forest,data/raw/mcc5_thu_motor/MCC5-THU Motor/MCC5-THU Motor_speed_circulation/bearing_outer_H_speed_circulation_40Nm_1000rpm_250707105055.csv,bearing_outer,bearing_outer,bearing_outer,179,speed_circulation,1000.0,40.0,0.07776536312849162,0.0453072625698324,0.8589664804469274,0.017960893854748604
cross_load,random_forest,data/raw/mcc5_thu_motor/MCC5-THU Motor/MCC5-THU Motor_speed_circulation/bearing_outer_H_speed_circulation_40Nm_2000rpm_250707105500.csv,bearing_outer,bearing_outer,bearing_outer,179,speed_circulation,2000.0,40.0,0.043743016759776536,0.02801675977653631,0.8978491620111734,0.030391061452513968
cross_load,random_forest,data/raw/mcc5_thu_motor/MCC5-THU Motor/MCC5-THU Motor_speed_circulation/bearing_outer_H_speed_circulation_40Nm_3000rpm_250707105959.csv,bearing_outer,bearing_outer,bearing_outer,179,speed_circulation,3000.0,40.0,0.03413407821229051,0.08843575418994412,0.8553072625698326,0.02212290502793296
cross_load,random_forest,data/raw/mcc5_thu_motor/MCC5-THU Motor/MCC5-THU Motor_speed_circulation/bearing_outer_L_speed_circulation_40Nm_1000rpm_250708094556.csv,bearing_outer,bearing_outer,bearing_outer,179,speed_circulation,1000.0,40.0,0.04053072625698324,0.03910614525139665,0.9049720670391062,0.015391061452513967
cross_load,random_forest,data/raw/mcc5_thu_motor/MCC5-THU Motor/MCC5-THU Motor_speed_circulation/bearing_outer_L_speed_circulation_40Nm_2000rpm_250708100011.csv,bearing_outer,bearing_outer,bearing_outer,179,speed_circulation,2000.0,40.0,0.047765363128491625,0.031592178770949726,0.9002513966480445,0.020391061452513962
cross_load,random_forest,data/raw/mcc5_thu_motor/MCC5-THU Motor/MCC5-THU Motor_speed_circulation/bearing_outer_L_speed_circulation_40Nm_3000rpm_250708100602.csv,bearing_outer,bearing_outer,bearing_outer,179,speed_circulation,3000.0,40.0,0.03206703910614525,0.05385474860335196,0.8914245810055865,0.0226536312849162
cross_load,random_forest,data/raw/mcc5_thu_motor/MCC5-THU Motor/MCC5-THU Motor_speed_circulation/health_speed_circulation_40Nm_1000rpm_250702161900.csv,healthy,healthy,healthy,179,speed_circulation,1000.0,40.0,0.03918994413407822,0.007346368715083798,0.01835195530726257,0.9351117318435753
cross_load,random_forest,data/raw/mcc5_thu_motor/MCC5-THU Motor/MCC5-THU Motor_speed_circulation/health_speed_circulation_40Nm_2000rpm_250702162327.csv,healthy,healthy,healthy,179,speed_circulation,2000.0,40.0,0.027513966480446933,0.01195530726256983,0.018547486033519554,0.9419832402234636
cross_load,random_forest,data/raw/mcc5_thu_motor/MCC5-THU Motor/MCC5-THU Motor_speed_circulation/health_speed_circulation_40Nm_3000rpm_250702162804.csv,healthy,healthy,healthy,179,speed_circulation,3000.0,40.0,0.03167597765363128,0.0111731843575419,0.02994413407821229,0.9272067039106145
cross_load,random_forest,data/raw/mcc5_thu_motor/MCC5-THU Motor/MCC5-THU Motor_torque_circulation/bearing_ball_H_torque_circulation_40Nm_1000rpm_250707140440d.csv,bearing_ball,bearing_ball,bearing_ball,179,torque_circulation,1000.0,40.0,0.863882681564246,0.008491620111731844,0.10519553072625698,0.022430167597765362
cross_load,random_forest,data/raw/mcc5_thu_motor/MCC5-THU Motor/MCC5-THU Motor_torque_circulation/bearing_ball_H_torque_circulation_40Nm_2000rpm_250707142821d.csv,bearing_ball,bearing_ball,bearing_ball,179,torque_circulation,2000.0,40.0,0.825586592178771,0.02237430167597766,0.11008379888268155,0.04195530726256983
cross_load,random_forest,data/raw/mcc5_thu_motor/MCC5-THU Motor/MCC5-THU Motor_torque_circulation/bearing_ball_H_torque_circulation_40Nm_3000rpm_250707143025d.csv,bearing_ball,bearing_ball,bearing_ball,179,torque_circulation,3000.0,40.0,0.633826815642458,0.041731843575418995,0.2991061452513966,0.02533519553072626
cross_load,random_forest,data/raw/mcc5_thu_motor/MCC5-THU Motor/MCC5-THU Motor_torque_circulation/bearing_ball_L_torque_circulation_40Nm_1000rpm_250707154144d.csv,bearing_ball,bearing_ball,bearing_ball,179,torque_circulation,1000.0,40.0,0.8897486033519553,0.000558659217877095,0.06268156424581005,0.04701117318435754
cross_load,random_forest,data/raw/mcc5_thu_motor/MCC5-THU Motor/MCC5-THU Motor_torque_circulation/bearing_ball_L_torque_circulation_40Nm_2000rpm_250707154410d.csv,bearing_ball,bearing_ball,bearing_ball,179,torque_circulation,2000.0,40.0,0.8851396648044693,0.000782122905027933,0.07153631284916201,0.042541899441340784
cross_load,random_forest,data/raw/mcc5_thu_motor/MCC5-THU Motor/MCC5-THU Motor_torque_circulation/bearing_ball_L_torque_circulation_40Nm_3000rpm_250707154630d.csv,bearing_ball,bearing_ball,bearing_ball,179,torque_circulation,3000.0,40.0,0.9133519553072624,0.0003910614525139665,0.04047486033519554,0.045782122905027936
cross_load,random_forest,data/raw/mcc5_thu_motor/MCC5-THU Motor/MCC5-THU Motor_torque_circulation/bearing_inner_H_torque_circulation_40Nm_1000rpm_250704085422d.csv,bearing_inner,bearing_inner,bearing_inner,179,torque_circulation,1000.0,40.0,0.013435754189944133,0.9328491620111733,0.05340782122905027,0.0003072625698324022
cross_load,random_forest,data/raw/mcc5_thu_motor/MCC5-THU Motor/MCC5-THU Motor_torque_circulation/bearing_inner_H_torque_circulation_40Nm_2000rpm_250704085637d.csv,bearing_inner,bearing_inner,bearing_inner,179,torque_circulation,2000.0,40.0,0.00276536312849162,0.8479050279329607,0.13435754189944135,0.014972067039106144
cross_load,random_forest,data/raw/mcc5_thu_motor/MCC5-THU Motor/MCC5-THU Motor_torque_circulation/bearing_inner_H_torque_circulation_40Nm_3000rpm_250704085907d.csv,bearing_inner,bearing_inner,bearing_inner,179,torque_circulation,3000.0,40.0,0.006480446927374302,0.735195530726257,0.24159217877094974,0.016731843575418993
cross_load,random_forest,data/raw/mcc5_thu_motor/MCC5-THU Motor/MCC5-THU Motor_torque_circulation/bearing_inner_L_torque_circulation_40Nm_1000rpm_250707113035d.csv,bearing_inner,bearing_inner,bearing_inner,179,torque_circulation,1000.0,40.0,0.010418994413407821,0.8260335195530727,0.15310055865921787,0.010446927374301675
cross_load,random_forest,data/raw/mcc5_thu_motor/MCC5-THU Motor/MCC5-THU Motor_torque_circulation/bearing_inner_L_torque_circulation_40Nm_2000rpm_250707113243d.csv,bearing_inner,bearing_inner,bearing_inner,179,torque_circulation,2000.0,40.0,0.006340782122905028,0.8428212290502793,0.1355586592178771,0.01527932960893855
cross_load,random_forest,data/raw/mcc5_thu_motor/MCC5-THU Motor/MCC5-THU Motor_torque_circulation/bearing_inner_L_torque_circulation_40Nm_3000rpm_250707113444d.csv,bearing_inner,bearing_inner,bearing_inner,179,torque_circulation,3000.0,40.0,0.0033798882681564243,0.7978212290502793,0.183072625698324,0.015726256983240223
cross_load,random_forest,data/raw/mcc5_thu_motor/MCC5-THU Motor/MCC5-THU Motor_torque_circulation/bearing_outer_H_torque_circulation_40Nm_1000rpm_250707104154d.csv,bearing_outer,bearing_outer,bearing_outer,179,torque_circulation,1000.0,40.0,0.07893854748603353,0.04427374301675978,0.8640223463687151,0.01276536312849162
cross_load,random_forest,data/raw/mcc5_thu_motor/MCC5-THU Motor/MCC5-THU Motor_torque_circulation/bearing_outer_H_torque_circulation_40Nm_2000rpm_250707104408d.csv,bearing_outer,bearing_outer,bearing_outer,179,torque_circulation,2000.0,40.0,0.03332402234636871,0.017206703910614525,0.924608938547486,0.02486033519553073
cross_load,random_forest,data/raw/mcc5_thu_motor/MCC5-THU Motor/MCC5-THU Motor_torque_circulation/bearing_outer_H_torque_circulation_40Nm_3000rpm_250707104611d.csv,bearing_outer,bearing_outer,bearing_outer,179,torque_circulation,3000.0,40.0,0.03432960893854748,0.11170391061452513,0.8305586592178769,0.02340782122905028
cross_load,random_forest,data/raw/mcc5_thu_motor/MCC5-THU Motor/MCC5-THU Motor_torque_circulation/bearing_outer_L_torque_circulation_40Nm_1000rpm_250708094205d.csv,bearing_outer,bearing_outer,bearing_outer,179,torque_circulation,1000.0,40.0,0.03592178770949721,0.015949720670391063,0.938659217877095,0.00946927374301676
cross_load,random_forest,data/raw/mcc5_thu_motor/MCC5-THU Motor/MCC5-THU Motor_torque_circulation/bearing_outer_L_torque_circulation_40Nm_2000rpm_250708094403d.csv,bearing_outer,bearing_outer,bearing_outer,179,torque_circulation,2000.0,40.0,0.04298882681564246,0.02511173184357542,0.9124301675977653,0.01946927374301676
cross_load,random_forest,data/raw/mcc5_thu_motor/MCC5-THU Motor/MCC5-THU Motor_torque_circulation/bearing_outer_L_torque_circulation_40Nm_3000rpm_250708094556d.csv,bearing_outer,bearing_outer,bearing_outer,179,torque_circulation,3000.0,40.0,0.03243016759776537,0.03801675977653631,0.9127653631284919,0.016787709497206704
cross_load,random_forest,data/raw/mcc5_thu_motor/MCC5-THU Motor/MCC5-THU Motor_torque_circulation/health_torque_circulation_40Nm_1000rpm_250702161315d.csv,healthy,healthy,healthy,179,torque_circulation,1000.0,40.0,0.020335195530726255,0.001005586592178771,0.012178770949720672,0.9664804469273743
cross_load,random_forest,data/raw/mcc5_thu_motor/MCC5-THU Motor/MCC5-THU Motor_torque_circulation/health_torque_circulation_40Nm_2000rpm_250702161114d.csv,healthy,healthy,healthy,179,torque_circulation,2000.0,40.0,0.02041899441340782,0.016564245810055864,0.023743016759776536,0.9392737430167597
cross_load,random_forest,data/raw/mcc5_thu_motor/MCC5-THU Motor/MCC5-THU Motor_torque_circulation/health_torque_circulation_40Nm_3000rpm_250702160849d.csv,healthy,healthy,healthy,179,torque_circulation,3000.0,40.0,0.014804469273743017,0.0010893854748603353,0.012597765363128491,0.971508379888268
cross_load,mlp,data/raw/mcc5_thu_motor/MCC5-THU Motor/MCC5-THU Motor_speed_circulation/bearing_ball_H_speed_circulation_40Nm_1000rpm_250707143453.csv,bearing_ball,bearing_ball,bearing_ball,179,speed_circulation,1000.0,40.0,0.9740298424077933,0.011252779607568604,0.0028575921878487387,0.011859785796789264
cross_load,mlp,data/raw/mcc5_thu_motor/MCC5-THU Motor/MCC5-THU Motor_speed_circulation/bearing_ball_H_speed_circulation_40Nm_2000rpm_250707143905.csv,bearing_ball,bearing_ball,bearing_ball,179,speed_circulation,2000.0,40.0,0.9511604095266991,0.005622944417432092,0.0007772073736815989,0.042439438682187317
cross_load,mlp,data/raw/mcc5_thu_motor/MCC5-THU Motor/MCC5-THU Motor_speed_circulation/bearing_ball_H_speed_circulation_40Nm_3000rpm_250707144708.csv,bearing_ball,bearing_ball,bearing_ball,179,speed_circulation,3000.0,40.0,0.9791578872841399,1.1869848257014495e-05,0.009379863414025401,0.011450379453577816
cross_load,mlp,data/raw/mcc5_thu_motor/MCC5-THU Motor/MCC5-THU Motor_speed_circulation/bearing_ball_L_speed_circulation_40Nm_1000rpm_250707155133.csv,bearing_ball,bearing_ball,bearing_ball,179,speed_circulation,1000.0,40.0,0.9199316331099567,0.010915000124152504,0.003488057451969155,0.06566530931392142
cross_load,mlp,data/raw/mcc5_thu_motor/MCC5-THU Motor/MCC5-THU Motor_speed_circulation/bearing_ball_L_speed_circulation_40Nm_2000rpm_250707160240.csv,bearing_ball,bearing_ball,bearing_ball,179,speed_circulation,2000.0,40.0,0.8630135885096138,0.0055852769970330535,1.0935762824364749e-05,0.1313901987305287
cross_load,mlp,data/raw/mcc5_thu_motor/MCC5-THU Motor/MCC5-THU Motor_speed_circulation/bearing_ball_L_speed_circulation_40Nm_3000rpm_250707160826.csv,bearing_ball,bearing_ball,bearing_ball,179,speed_circulation,3000.0,40.0,0.9877374426962049,0.005586596783014843,5.215257229839536e-07,0.006675438995057282
cross_load,mlp,data/raw/mcc5_thu_motor/MCC5-THU Motor/MCC5-THU Motor_speed_circulation/bearing_inner_H_speed_circulation_40Nm_1000rpm_250704090347.csv,bearing_inner,bearing_inner,bearing_inner,179,speed_circulation,1000.0,40.0,0.008750682806922594,0.9099464836689402,0.08115308975017262,0.0001497437739646066
cross_load,mlp,data/raw/mcc5_thu_motor/MCC5-THU Motor/MCC5-THU Motor_speed_circulation/bearing_inner_H_speed_circulation_40Nm_2000rpm_250704090841.csv,bearing_inner,bearing_inner,bearing_inner,179,speed_circulation,2000.0,40.0,0.007588496505632103,0.6807235605312107,0.3067688631880592,0.004919079775098052
cross_load,mlp,data/raw/mcc5_thu_motor/MCC5-THU Motor/MCC5-THU Motor_speed_circulation/bearing_inner_H_speed_circulation_40Nm_3000rpm_250704091435.csv,bearing_inner,bearing_inner,bearing_inner,179,speed_circulation,3000.0,40.0,0.002381828385123896,0.6176410334967143,0.3799024088793455,7.472923881621051e-05
cross_load,mlp,data/raw/mcc5_thu_motor/MCC5-THU Motor/MCC5-THU Motor_speed_circulation/bearing_inner_L_speed_circulation_40Nm_1000rpm_250707114105.csv,bearing_inner,bearing_inner,bearing_inner,179,speed_circulation,1000.0,40.0,4.0486351394453044e-05,0.8679330525600896,0.10015809774917511,0.031868363339340795
cross_load,mlp,data/raw/mcc5_thu_motor/MCC5-THU Motor/MCC5-THU Motor_speed_circulation/bearing_inner_L_speed_circulation_40Nm_2000rpm_250707114548.csv,bearing_inner,bearing_inner,bearing_inner,179,speed_circulation,2000.0,40.0,0.0028201704015494247,0.8391036912451934,0.03325334922132268,0.12482278913193456
cross_load,mlp,data/raw/mcc5_thu_motor/MCC5-THU Motor/MCC5-THU Motor_speed_circulation/bearing_inner_L_speed_circulation_40Nm_3000rpm_250707114941.csv,bearing_inner,bearing_inner,bearing_inner,179,speed_circulation,3000.0,40.0,1.818910126416862e-05,0.9638999453910572,0.010264379986690214,0.025817485520988406
cross_load,mlp,data/raw/mcc5_thu_motor/MCC5-THU Motor/MCC5-THU Motor_speed_circulation/bearing_outer_H_speed_circulation_40Nm_1000rpm_250707105055.csv,bearing_outer,bearing_outer,bearing_outer,179,speed_circulation,1000.0,40.0,0.014192621265626315,0.010353369832591537,0.8584250438276513,0.11702896507413091
cross_load,mlp,data/raw/mcc5_thu_motor/MCC5-THU Motor/MCC5-THU Motor_speed_circulation/bearing_outer_H_speed_circulation_40Nm_2000rpm_250707105500.csv,bearing_outer,bearing_outer,bearing_outer,179,speed_circulation,2000.0,40.0,0.0019640206862921,0.00016925066338602368,0.9702664270969432,0.02760030155337853
cross_load,mlp,data/raw/mcc5_thu_motor/MCC5-THU Motor/MCC5-THU Motor_speed_circulation/bearing_outer_H_speed_circulation_40Nm_3000rpm_250707105959.csv,bearing_outer,bearing_outer,bearing_outer,179,speed_circulation,3000.0,40.0,0.025848778029682915,0.007348446408670481,0.9547360618946734,0.012066713666973174
cross_load,mlp,data/raw/mcc5_thu_motor/MCC5-THU Motor/MCC5-THU Motor_speed_circulation/bearing_outer_L_speed_circulation_40Nm_1000rpm_250708094556.csv,bearing_outer,bearing_outer,bearing_outer,179,speed_circulation,1000.0,40.0,0.006004690138516678,0.011855265036980383,0.9716891445058013,0.010450900318701538
cross_load,mlp,data/raw/mcc5_thu_motor/MCC5-THU Motor/MCC5-THU Motor_speed_circulation/bearing_outer_L_speed_circulation_40Nm_2000rpm_250708100011.csv,bearing_outer,bearing_outer,bearing_outer,179,speed_circulation,2000.0,40.0,0.03043471987773929,0.005970036543865961,0.9413247893798189,0.022270454198575755
cross_load,mlp,data/raw/mcc5_thu_motor/MCC5-THU Motor/MCC5-THU Motor_speed_circulation/bearing_outer_L_speed_circulation_40Nm_3000rpm_250708100602.csv,bearing_outer,bearing_outer,bearing_outer,179,speed_circulation,3000.0,40.0,0.1413860076303536,0.00768140114050854,0.8370357232036221,0.01389686802551594
cross_load,mlp,data/raw/mcc5_thu_motor/MCC5-THU Motor/MCC5-THU Motor_speed_circulation/health_speed_circulation_40Nm_1000rpm_250702161900.csv,healthy,healthy,healthy,179,speed_circulation,1000.0,40.0,0.011954701693971417,0.011175436959468817,3.358770638058314e-05,0.9768362736401792
cross_load,mlp,data/raw/mcc5_thu_motor/MCC5-THU Motor/MCC5-THU Motor_speed_circulation/health_speed_circulation_40Nm_2000rpm_250702162327.csv,healthy,healthy,healthy,179,speed_circulation,2000.0,40.0,0.0011913518852858344,0.005566090634598447,0.00011025937732026752,0.9931322981027954
cross_load,mlp,data/raw/mcc5_thu_motor/MCC5-THU Motor/MCC5-THU Motor_speed_circulation/health_speed_circulation_40Nm_3000rpm_250702162804.csv,healthy,healthy,healthy,179,speed_circulation,3000.0,40.0,0.0005011005679201399,0.005588162004440833,0.0029067293627380686,0.9910040080649009
cross_load,mlp,data/raw/mcc5_thu_motor/MCC5-THU Motor/MCC5-THU Motor_torque_circulation/bearing_ball_H_torque_circulation_40Nm_1000rpm_250707140440d.csv,bearing_ball,bearing_ball,bearing_ball,179,torque_circulation,1000.0,40.0,0.9977294799709383,0.00010039977027937719,0.00042789921539358153,0.0017422210433888803
cross_load,mlp,data/raw/mcc5_thu_motor/MCC5-THU Motor/MCC5-THU Motor_torque_circulation/bearing_ball_H_torque_circulation_40Nm_2000rpm_250707142821d.csv,bearing_ball,bearing_ball,bearing_ball,179,torque_circulation,2000.0,40.0,0.9349687438369471,0.00045704753534560306,0.004435122641980369,0.06013908598572685
cross_load,mlp,data/raw/mcc5_thu_motor/MCC5-THU Motor/MCC5-THU Motor_torque_circulation/bearing_ball_H_torque_circulation_40Nm_3000rpm_250707143025d.csv,bearing_ball,bearing_ball,bearing_ball,179,torque_circulation,3000.0,40.0,0.9951213859287181,3.514168136497539e-06,0.0012099017182776498,0.0036651981848677424
cross_load,mlp,data/raw/mcc5_thu_motor/MCC5-THU Motor/MCC5-THU Motor_torque_circulation/bearing_ball_L_torque_circulation_40Nm_1000rpm_250707154144d.csv,bearing_ball,bearing_ball,bearing_ball,179,torque_circulation,1000.0,40.0,0.980002685479449,6.861625682128011e-09,1.2243894071198149e-05,0.019985063764854084
cross_load,mlp,data/raw/mcc5_thu_motor/MCC5-THU Motor/MCC5-THU Motor_torque_circulation/bearing_ball_L_torque_circulation_40Nm_2000rpm_250707154410d.csv,bearing_ball,bearing_ball,bearing_ball,179,torque_circulation,2000.0,40.0,0.9968415751498659,3.18955712436581e-08,3.844733414005259e-06,0.003154548221148734
cross_load,mlp,data/raw/mcc5_thu_motor/MCC5-THU Motor/MCC5-THU Motor_torque_circulation/bearing_ball_L_torque_circulation_40Nm_3000rpm_250707154630d.csv,bearing_ball,bearing_ball,bearing_ball,179,torque_circulation,3000.0,40.0,0.999987888691455,1.3906899452165958e-08,3.1354797078898495e-08,1.2066046848583909e-05
cross_load,mlp,data/raw/mcc5_thu_motor/MCC5-THU Motor/MCC5-THU Motor_torque_circulation/bearing_inner_H_torque_circulation_40Nm_1000rpm_250704085422d.csv,bearing_inner,bearing_inner,bearing_inner,179,torque_circulation,1000.0,40.0,0.000458312530947374,0.9174544758310589,0.08208143235072764,5.779287266163444e-06
cross_load,mlp,data/raw/mcc5_thu_motor/MCC5-THU Motor/MCC5-THU Motor_torque_circulation/bearing_inner_H_torque_circulation_40Nm_2000rpm_250704085637d.csv,bearing_inner,bearing_inner,bearing_inner,179,torque_circulation,2000.0,40.0,0.0006675152714245186,0.9274332704605399,0.07101768583716546,0.0008815284308700908
cross_load,mlp,data/raw/mcc5_thu_motor/MCC5-THU Motor/MCC5-THU Motor_torque_circulation/bearing_inner_H_torque_circulation_40Nm_3000rpm_250704085907d.csv,bearing_inner,bearing_inner,bearing_inner,179,torque_circulation,3000.0,40.0,0.0005790474605694512,0.992677276086005,0.006742345240039475,1.3312133861325119e-06
cross_load,mlp,data/raw/mcc5_thu_motor/MCC5-THU Motor/MCC5-THU Motor_torque_circulation/bearing_inner_L_torque_circulation_40Nm_1000rpm_250707113035d.csv,bearing_inner,bearing_inner,bearing_inner,179,torque_circulation,1000.0,40.0,3.096157250611503e-05,0.8922213358194913,0.07734253897882336,0.030405163629179163
cross_load,mlp,data/raw/mcc5_thu_motor/MCC5-THU Motor/MCC5-THU Motor_torque_circulation/bearing_inner_L_torque_circulation_40Nm_2000rpm_250707113243d.csv,bearing_inner,bearing_inner,bearing_inner,179,torque_circulation,2000.0,40.0,2.7229924549567936e-06,0.9893812219773919,0.003340502216659579,0.007275552813493668
cross_load,mlp,data/raw/mcc5_thu_motor/MCC5-THU Motor/MCC5-THU Motor_torque_circulation/bearing_inner_L_torque_circulation_40Nm_3000rpm_250707113444d.csv,bearing_inner,bearing_inner,bearing_inner,179,torque_circulation,3000.0,40.0,4.194733568090456e-07,0.999805469246223,4.3494077188888745e-05,0.00015061720323134142
cross_load,mlp,data/raw/mcc5_thu_motor/MCC5-THU Motor/MCC5-THU Motor_torque_circulation/bearing_outer_H_torque_circulation_40Nm_1000rpm_250707104154d.csv,bearing_outer,bearing_outer,bearing_outer,179,torque_circulation,1000.0,40.0,0.013639651917211584,0.004648505293120589,0.9390765446278768,0.04263529816179084
cross_load,mlp,data/raw/mcc5_thu_motor/MCC5-THU Motor/MCC5-THU Motor_torque_circulation/bearing_outer_H_torque_circulation_40Nm_2000rpm_250707104408d.csv,bearing_outer,bearing_outer,bearing_outer,179,torque_circulation,2000.0,40.0,0.00027933162516635023,0.0002724343067853194,0.994711091887043,0.004737142181005336
cross_load,mlp,data/raw/mcc5_thu_motor/MCC5-THU Motor/MCC5-THU Motor_torque_circulation/bearing_outer_H_torque_circulation_40Nm_3000rpm_250707104611d.csv,bearing_outer,bearing_outer,bearing_outer,179,torque_circulation,3000.0,40.0,0.004539737058559262,4.619274396872852e-05,0.994422518673277,0.0009915515241948423
cross_load,mlp,data/raw/mcc5_thu_motor/MCC5-THU Motor/MCC5-THU Motor_torque_circulation/bearing_outer_L_torque_circulation_40Nm_1000rpm_250708094205d.csv,bearing_outer,bearing_outer,bearing_outer,179,torque_circulation,1000.0,40.0,0.000714981323602174,0.0017864319064932078,0.9888776854502213,0.00862090131968325
cross_load,mlp,data/raw/mcc5_thu_motor/MCC5-THU Motor/MCC5-THU Motor_torque_circulation/bearing_outer_L_torque_circulation_40Nm_2000rpm_250708094403d.csv,bearing_outer,bearing_outer,bearing_outer,179,torque_circulation,2000.0,40.0,0.009317582347491226,0.0007200112375264201,0.9874907803770314,0.0024716260379509035
cross_load,mlp,data/raw/mcc5_thu_motor/MCC5-THU Motor/MCC5-THU Motor_torque_circulation/bearing_outer_L_torque_circulation_40Nm_3000rpm_250708094556d.csv,bearing_outer,bearing_outer,bearing_outer,179,torque_circulation,3000.0,40.0,0.1502545655083901,0.00019826190714405668,0.8481182024543162,0.0014289701301495228
cross_load,mlp,data/raw/mcc5_thu_motor/MCC5-THU Motor/MCC5-THU Motor_torque_circulation/health_torque_circulation_40Nm_1000rpm_250702161315d.csv,healthy,healthy,healthy,179,torque_circulation,1000.0,40.0,0.0009044141543350695,5.9381091198672054e-08,4.266823852888609e-05,0.999052858226045
cross_load,mlp,data/raw/mcc5_thu_motor/MCC5-THU Motor/MCC5-THU Motor_torque_circulation/health_torque_circulation_40Nm_2000rpm_250702161114d.csv,healthy,healthy,healthy,179,torque_circulation,2000.0,40.0,0.000979239627757722,1.4380253264152338e-06,6.291824445135305e-05,0.9989564041024644
cross_load,mlp,data/raw/mcc5_thu_motor/MCC5-THU Motor/MCC5-THU Motor_torque_circulation/health_torque_circulation_40Nm_3000rpm_250702160849d.csv,healthy,healthy,healthy,179,torque_circulation,3000.0,40.0,0.00033226829920946573,2.3136593945135907e-06,4.241179661094316e-05,0.9996230062447851
cross_load,xgboost,data/raw/mcc5_thu_motor/MCC5-THU Motor/MCC5-THU Motor_speed_circulation/bearing_ball_H_speed_circulation_40Nm_1000rpm_250707143453.csv,bearing_ball,bearing_ball,bearing_ball,179,speed_circulation,1000.0,40.0,0.9931660890579224,0.002828730270266533,0.0030984312761574984,0.0009067943319678307
cross_load,xgboost,data/raw/mcc5_thu_motor/MCC5-THU Motor/MCC5-THU Motor_speed_circulation/bearing_ball_H_speed_circulation_40Nm_2000rpm_250707143905.csv,bearing_ball,bearing_ball,bearing_ball,179,speed_circulation,2000.0,40.0,0.9894151091575623,0.005694983527064323,0.002406972460448742,0.0024829600006341934
cross_load,xgboost,data/raw/mcc5_thu_motor/MCC5-THU Motor/MCC5-THU Motor_speed_circulation/bearing_ball_H_speed_circulation_40Nm_3000rpm_250707144708.csv,bearing_ball,bearing_ball,bearing_ball,179,speed_circulation,3000.0,40.0,0.7854196429252625,0.013568484224379063,0.19417043030261993,0.006841414608061314
cross_load,xgboost,data/raw/mcc5_thu_motor/MCC5-THU Motor/MCC5-THU Motor_speed_circulation/bearing_ball_L_speed_circulation_40Nm_1000rpm_250707155133.csv,bearing_ball,bearing_ball,bearing_ball,179,speed_circulation,1000.0,40.0,0.982417106628418,0.007972733117640018,0.00134543445892632,0.008264671079814434
cross_load,xgboost,data/raw/mcc5_thu_motor/MCC5-THU Motor/MCC5-THU Motor_speed_circulation/bearing_ball_L_speed_circulation_40Nm_2000rpm_250707160240.csv,bearing_ball,bearing_ball,bearing_ball,179,speed_circulation,2000.0,40.0,0.9932922720909119,0.0055787512101233006,0.0005819785874336958,0.0005469904863275588
cross_load,xgboost,data/raw/mcc5_thu_motor/MCC5-THU Motor/MCC5-THU Motor_speed_circulation/bearing_ball_L_speed_circulation_40Nm_3000rpm_250707160826.csv,bearing_ball,bearing_ball,bearing_ball,179,speed_circulation,3000.0,40.0,0.9902999401092529,0.002252963138744235,0.0059688882902264595,0.0014782629441469908
cross_load,xgboost,data/raw/mcc5_thu_motor/MCC5-THU Motor/MCC5-THU Motor_speed_circulation/bearing_inner_H_speed_circulation_40Nm_1000rpm_250704090347.csv,bearing_inner,bearing_inner,bearing_inner,179,speed_circulation,1000.0,40.0,0.0038205664604902267,0.9928616285324097,0.003123663365840912,0.00019420654280111194
cross_load,xgboost,data/raw/mcc5_thu_motor/MCC5-THU Motor/MCC5-THU Motor_speed_circulation/bearing_inner_H_speed_circulation_40Nm_2000rpm_250704090841.csv,bearing_inner,bearing_inner,bearing_inner,179,speed_circulation,2000.0,40.0,0.017843211069703102,0.9237973690032959,0.04685932397842407,0.011500228196382523
cross_load,xgboost,data/raw/mcc5_thu_motor/MCC5-THU Motor/MCC5-THU Motor_speed_circulation/bearing_inner_H_speed_circulation_40Nm_3000rpm_250704091435.csv,bearing_inner,bearing_outer,bearing_inner,179,speed_circulation,3000.0,40.0,0.01506125833839178,0.4627707004547119,0.5167058110237122,0.005462281405925751
cross_load,xgboost,data/raw/mcc5_thu_motor/MCC5-THU Motor/MCC5-THU Motor_speed_circulation/bearing_inner_L_speed_circulation_40Nm_1000rpm_250707114105.csv,bearing_inner,bearing_inner,bearing_inner,179,speed_circulation,1000.0,40.0,0.011798419058322906,0.9465880990028381,0.03218546137213707,0.009428052231669426
cross_load,xgboost,data/raw/mcc5_thu_motor/MCC5-THU Motor/MCC5-THU Motor_speed_circulation/bearing_inner_L_speed_circulation_40Nm_2000rpm_250707114548.csv,bearing_inner,bearing_inner,bearing_inner,179,speed_circulation,2000.0,40.0,0.018216360360383987,0.9230691194534302,0.042965538799762726,0.015748996287584305
cross_load,xgboost,data/raw/mcc5_thu_motor/MCC5-THU Motor/MCC5-THU Motor_speed_circulation/bearing_inner_L_speed_circulation_40Nm_3000rpm_250707114941.csv,bearing_inner,bearing_inner,bearing_inner,179,speed_circulation,3000.0,40.0,0.02485172636806965,0.9207070469856262,0.0421559102833271,0.01228531263768673
cross_load,xgboost,data/raw/mcc5_thu_motor/MCC5-THU Motor/MCC5-THU Motor_speed_circulation/bearing_outer_H_speed_circulation_40Nm_1000rpm_250707105055.csv,bearing_outer,bearing_outer,bearing_outer,179,speed_circulation,1000.0,40.0,0.011102629825472832,0.01154685951769352,0.9753586053848267,0.00199187733232975
cross_load,xgboost,data/raw/mcc5_thu_motor/MCC5-THU Motor/MCC5-THU Motor_speed_circulation/bearing_outer_H_speed_circulation_40Nm_2000rpm_250707105500.csv,bearing_outer,bearing_outer,bearing_outer,179,speed_circulation,2000.0,40.0,0.004044633824378252,0.008994929492473602,0.9843729734420776,0.0025875475257635117
cross_load,xgboost,data/raw/mcc5_thu_motor/MCC5-THU Motor/MCC5-THU Motor_speed_circulation/bearing_outer_H_speed_circulation_40Nm_3000rpm_250707105959.csv,bearing_outer,bearing_outer,bearing_outer,179,speed_circulation,3000.0,40.0,0.0005655973218381405,0.011484211310744286,0.9877213835716248,0.00022884125064592808
cross_load,xgboost,data/raw/mcc5_thu_motor/MCC5-THU Motor/MCC5-THU Motor_speed_circulation/bearing_outer_L_speed_circulation_40Nm_1000rpm_250708094556.csv,bearing_outer,bearing_outer,bearing_outer,179,speed_circulation,1000.0,40.0,0.007063873577862978,0.010400474071502686,0.9817599654197693,0.0007756658596917987
cross_load,xgboost,data/raw/mcc5_thu_motor/MCC5-THU Motor/MCC5-THU Motor_speed_circulation/bearing_outer_L_speed_circulation_40Nm_2000rpm_250708100011.csv,bearing_outer,bearing_outer,bearing_outer,179,speed_circulation,2000.0,40.0,0.0005786733818240464,0.0014968494651839137,0.9967429041862488,0.0011816463666036725
cross_load,xgboost,data/raw/mcc5_thu_motor/MCC5-THU Motor/MCC5-THU Motor_speed_circulation/bearing_outer_L_speed_circulation_40Nm_3000rpm_250708100602.csv,bearing_outer,bearing_outer,bearing_outer,179,speed_circulation,3000.0,40.0,0.0004315785481594503,0.007383778225630522,0.9877996444702148,0.004385069478303194
cross_load,xgboost,data/raw/mcc5_thu_motor/MCC5-THU Motor/MCC5-THU Motor_speed_circulation/health_speed_circulation_40Nm_1000rpm_250702161900.csv,healthy,healthy,healthy,179,speed_circulation,1000.0,40.0,0.016303472220897675,0.009055466391146183,0.0014656445709988475,0.9731754064559937
cross_load,xgboost,data/raw/mcc5_thu_motor/MCC5-THU Motor/MCC5-THU Motor_speed_circulation/health_speed_circulation_40Nm_2000rpm_250702162327.csv,healthy,healthy,healthy,179,speed_circulation,2000.0,40.0,0.005954666528850794,0.0015126479556784034,0.002365986816585064,0.9901666641235352
cross_load,xgboost,data/raw/mcc5_thu_motor/MCC5-THU Motor/MCC5-THU Motor_speed_circulation/health_speed_circulation_40Nm_3000rpm_250702162804.csv,healthy,healthy,healthy,179,speed_circulation,3000.0,40.0,0.0033333434257656336,0.005170693155378103,0.0028464235365390778,0.9886494874954224
cross_load,xgboost,data/raw/mcc5_thu_motor/MCC5-THU Motor/MCC5-THU Motor_torque_circulation/bearing_ball_H_torque_circulation_40Nm_1000rpm_250707140440d.csv,bearing_ball,bearing_ball,bearing_ball,179,torque_circulation,1000.0,40.0,0.9987141489982605,0.00032393625588156283,0.0008216667338274419,0.0001402387861162424
cross_load,xgboost,data/raw/mcc5_thu_motor/MCC5-THU Motor/MCC5-THU Motor_torque_circulation/bearing_ball_H_torque_circulation_40Nm_2000rpm_250707142821d.csv,bearing_ball,bearing_ball,bearing_ball,179,torque_circulation,2000.0,40.0,0.9933412671089172,0.0029859410133212805,0.0025958784390240908,0.0010768868960440159
cross_load,xgboost,data/raw/mcc5_thu_motor/MCC5-THU Motor/MCC5-THU Motor_torque_circulation/bearing_ball_H_torque_circulation_40Nm_3000rpm_250707143025d.csv,bearing_ball,bearing_ball,bearing_ball,179,torque_circulation,3000.0,40.0,0.8157895803451538,0.010240938514471054,0.171664759516716,0.002304771915078163
cross_load,xgboost,data/raw/mcc5_thu_motor/MCC5-THU Motor/MCC5-THU Motor_torque_circulation/bearing_ball_L_torque_circulation_40Nm_1000rpm_250707154144d.csv,bearing_ball,bearing_ball,bearing_ball,179,torque_circulation,1000.0,40.0,0.9993752241134644,0.00011398991046007723,0.00020401290385052562,0.00030676330788992345
cross_load,xgboost,data/raw/mcc5_thu_motor/MCC5-THU Motor/MCC5-THU Motor_torque_circulation/bearing_ball_L_torque_circulation_40Nm_2000rpm_250707154410d.csv,bearing_ball,bearing_ball,bearing_ball,179,torque_circulation,2000.0,40.0,0.9995198249816895,8.437116775894538e-05,0.00019278281251899898,0.0002030413888860494
cross_load,xgboost,data/raw/mcc5_thu_motor/MCC5-THU Motor/MCC5-THU Motor_torque_circulation/bearing_ball_L_torque_circulation_40Nm_3000rpm_250707154630d.csv,bearing_ball,bearing_ball,bearing_ball,179,torque_circulation,3000.0,40.0,0.9985398650169373,0.0003230829315725714,0.0005678611341863871,0.0005691598635166883
cross_load,xgboost,data/raw/mcc5_thu_motor/MCC5-THU Motor/MCC5-THU Motor_torque_circulation/bearing_inner_H_torque_circulation_40Nm_1000rpm_250704085422d.csv,bearing_inner,bearing_inner,bearing_inner,179,torque_circulation,1000.0,40.0,0.00019555992912501097,0.998512327671051,0.0012041706359013915,8.792427979642525e-05
cross_load,xgboost,data/raw/mcc5_thu_motor/MCC5-THU Motor/MCC5-THU Motor_torque_circulation/bearing_inner_H_torque_circulation_40Nm_2000rpm_250704085637d.csv,bearing_inner,bearing_inner,bearing_inner,179,torque_circulation,2000.0,40.0,0.022573186084628105,0.9195957183837891,0.04701993614435196,0.01081114262342453
cross_load,xgboost,data/raw/mcc5_thu_motor/MCC5-THU Motor/MCC5-THU Motor_torque_circulation/bearing_inner_H_torque_circulation_40Nm_3000rpm_250704085907d.csv,bearing_inner,bearing_inner,bearing_inner,179,torque_circulation,3000.0,40.0,0.02012806385755539,0.6070880889892578,0.36589622497558594,0.006887652911245823
cross_load,xgboost,data/raw/mcc5_thu_motor/MCC5-THU Motor/MCC5-THU Motor_torque_circulation/bearing_inner_L_torque_circulation_40Nm_1000rpm_250707113035d.csv,bearing_inner,bearing_inner,bearing_inner,179,torque_circulation,1000.0,40.0,0.005834175273776054,0.9777806401252747,0.012892977334558964,0.0034922065678983927
cross_load,xgboost,data/raw/mcc5_thu_motor/MCC5-THU Motor/MCC5-THU Motor_torque_circulation/bearing_inner_L_torque_circulation_40Nm_2000rpm_250707113243d.csv,bearing_inner,bearing_inner,bearing_inner,179,torque_circulation,2000.0,40.0,0.014352473430335522,0.950630247592926,0.027205409482121468,0.007811833173036575
cross_load,xgboost,data/raw/mcc5_thu_motor/MCC5-THU Motor/MCC5-THU Motor_torque_circulation/bearing_inner_L_torque_circulation_40Nm_3000rpm_250707113444d.csv,bearing_inner,bearing_inner,bearing_inner,179,torque_circulation,3000.0,40.0,0.02450087107717991,0.9291083216667175,0.0352020226418972,0.011188826523721218
cross_load,xgboost,data/raw/mcc5_thu_motor/MCC5-THU Motor/MCC5-THU Motor_torque_circulation/bearing_outer_H_torque_circulation_40Nm_1000rpm_250707104154d.csv,bearing_outer,bearing_outer,bearing_outer,179,torque_circulation,1000.0,40.0,0.0004743852186948061,0.0003473035467322916,0.9990741014480591,0.0001042327712639235
cross_load,xgboost,data/raw/mcc5_thu_motor/MCC5-THU Motor/MCC5-THU Motor_torque_circulation/bearing_outer_H_torque_circulation_40Nm_2000rpm_250707104408d.csv,bearing_outer,bearing_outer,bearing_outer,179,torque_circulation,2000.0,40.0,0.0008208935614675283,0.0006347991875372827,0.99808269739151,0.0004615643701981753
cross_load,xgboost,data/raw/mcc5_thu_motor/MCC5-THU Motor/MCC5-THU Motor_torque_circulation/bearing_outer_H_torque_circulation_40Nm_3000rpm_250707104611d.csv,bearing_outer,bearing_outer,bearing_outer,179,torque_circulation,3000.0,40.0,0.00018499820725992322,0.00018476086552254856,0.9995535612106323,7.667626778129488e-05
cross_load,xgboost,data/raw/mcc5_thu_motor/MCC5-THU Motor/MCC5-THU Motor_torque_circulation/bearing_outer_L_torque_circulation_40Nm_1000rpm_250708094205d.csv,bearing_outer,bearing_outer,bearing_outer,179,torque_circulation,1000.0,40.0,0.00016212943592108786,0.00026826708926819265,0.9995137453079224,5.591997251030989e-05
cross_load,xgboost,data/raw/mcc5_thu_motor/MCC5-THU Motor/MCC5-THU Motor_torque_circulation/bearing_outer_L_torque_circulation_40Nm_2000rpm_250708094403d.csv,bearing_outer,bearing_outer,bearing_outer,179,torque_circulation,2000.0,40.0,0.00015218759654089808,0.0001045983299263753,0.9996883273124695,5.495151344803162e-05
cross_load,xgboost,data/raw/mcc5_thu_motor/MCC5-THU Motor/MCC5-THU Motor_torque_circulation/bearing_outer_L_torque_circulation_40Nm_3000rpm_250708094556d.csv,bearing_outer,bearing_outer,bearing_outer,179,torque_circulation,3000.0,40.0,0.00018710122094489634,0.00017964332073461264,0.9995517730712891,8.142551087075844e-05
cross_load,xgboost,data/raw/mcc5_thu_motor/MCC5-THU Motor/MCC5-THU Motor_torque_circulation/health_torque_circulation_40Nm_1000rpm_250702161315d.csv,healthy,healthy,healthy,179,torque_circulation,1000.0,40.0,0.0005216016434133053,9.964745549950749e-05,0.00016786856576800346,0.9992109537124634
cross_load,xgboost,data/raw/mcc5_thu_motor/MCC5-THU Motor/MCC5-THU Motor_torque_circulation/health_torque_circulation_40Nm_2000rpm_250702161114d.csv,healthy,healthy,healthy,179,torque_circulation,2000.0,40.0,0.00017233080870937556,0.00042918737744912505,0.00013999576913192868,0.9992585182189941
cross_load,xgboost,data/raw/mcc5_thu_motor/MCC5-THU Motor/MCC5-THU Motor_torque_circulation/health_torque_circulation_40Nm_3000rpm_250702160849d.csv,healthy,healthy,healthy,179,torque_circulation,3000.0,40.0,0.00016565131954848766,0.0001383758062729612,0.0002793767489492893,0.9994165897369385
cross_rpm,logistic_regression,data/raw/mcc5_thu_motor/MCC5-THU Motor/MCC5-THU Motor_speed_circulation/bearing_ball_H_speed_circulation_20Nm_3000rpm_250707144104.csv,bearing_ball,bearing_outer,bearing_outer,179,speed_circulation,3000.0,20.0,0.430294186508571,0.005586607659749066,0.5201707714240902,0.04394843440758975
cross_rpm,logistic_regression,data/raw/mcc5_thu_motor/MCC5-THU Motor/MCC5-THU Motor_speed_circulation/bearing_ball_H_speed_circulation_40Nm_3000rpm_250707144708.csv,bearing_ball,bearing_outer,bearing_outer,179,speed_circulation,3000.0,40.0,0.44710292168652616,0.005609328954526724,0.5075912485451045,0.03969650081384255
cross_rpm,logistic_regression,data/raw/mcc5_thu_motor/MCC5-THU Motor/MCC5-THU Motor_speed_circulation/bearing_ball_L_speed_circulation_20Nm_3000rpm_250707160626.csv,bearing_ball,bearing_outer,bearing_outer,179,speed_circulation,3000.0,20.0,0.39737063314814935,1.3206872517448524e-13,0.5510141568518476,0.051615209999870994
cross_rpm,logistic_regression,data/raw/mcc5_thu_motor/MCC5-THU Motor/MCC5-THU Motor_speed_circulation/bearing_ball_L_speed_circulation_40Nm_3000rpm_250707160826.csv,bearing_ball,bearing_outer,bearing_outer,179,speed_circulation,3000.0,40.0,0.4188891289095123,0.00032309873252268944,0.5249866901621348,0.05580108219583017
cross_rpm,logistic_regression,data/raw/mcc5_thu_motor/MCC5-THU Motor/MCC5-THU Motor_speed_circulation/bearing_inner_H_speed_circulation_40Nm_3000rpm_250704091435.csv,bearing_inner,bearing_inner,bearing_inner,179,speed_circulation,3000.0,40.0,0.24954831203925892,0.6400680528354935,0.08803461801377395,0.022349017111473475
cross_rpm,logistic_regression,data/raw/mcc5_thu_motor/MCC5-THU Motor/MCC5-THU Motor_speed_circulation/bearing_inner_L_speed_circulation_20Nm_3000rpm_250707114743.csv,bearing_inner,bearing_inner,bearing_inner,179,speed_circulation,3000.0,20.0,0.010287942160946372,0.9443727032084344,0.0007307491223244588,0.04460860550829476
cross_rpm,logistic_regression,data/raw/mcc5_thu_motor/MCC5-THU Motor/MCC5-THU Motor_speed_circulation/bearing_inner_L_speed_circulation_40Nm_3000rpm_250707114941.csv,bearing_inner,bearing_inner,bearing_inner,179,speed_circulation,3000.0,40.0,0.0001905408560230974,0.9540318730072073,0.001082794276402408,0.044694791860367226
cross_rpm,logistic_regression,data/raw/mcc5_thu_motor/MCC5-THU Motor/MCC5-THU Motor_speed_circulation/bearing_outer_H_speed_circulation_20Nm_3000rpm_250707105700.csv,bearing_outer,bearing_outer,bearing_outer,179,speed_circulation,3000.0,20.0,0.3231589400814324,0.04950129027396248,0.6273395077492411,2.618953640347336e-07
cross_rpm,logistic_regression,data/raw/mcc5_thu_motor/MCC5-THU Motor/MCC5-THU Motor_speed_circulation/bearing_outer_H_speed_circulation_20Nm_3000rpm_250821110519.csv,bearing_outer,bearing_ball,bearing_ball,179,speed_circulation,3000.0,20.0,0.5997599835539066,0.026955187721616324,0.3282457140821145,0.04503911464236253
cross_rpm,logistic_regression,data/raw/mcc5_thu_motor/MCC5-THU Motor/MCC5-THU Motor_speed_circulation/bearing_outer_H_speed_circulation_40Nm_3000rpm_250707105959.csv,bearing_outer,bearing_outer,bearing_outer,179,speed_circulation,3000.0,40.0,0.373010503735482,0.02203052290612907,0.5794112259500224,0.025547747408366694
cross_rpm,logistic_regression,data/raw/mcc5_thu_motor/MCC5-THU Motor/MCC5-THU Motor_speed_circulation/bearing_outer_L_speed_circulation_20Nm_3000rpm_250708100411.csv,bearing_outer,bearing_outer,bearing_outer,179,speed_circulation,3000.0,20.0,0.31932187505454507,0.012069561153138827,0.6461039263690631,0.022504637423252944
cross_rpm,logistic_regression,data/raw/mcc5_thu_motor/MCC5-THU Motor/MCC5-THU Motor_speed_circulation/bearing_outer_L_speed_circulation_40Nm_3000rpm_250708100602.csv,bearing_outer,bearing_outer,bearing_outer,179,speed_circulation,3000.0,40.0,0.3680312173058499,0.01238024052240741,0.5879847329804196,0.03160380919132302
cross_rpm,logistic_regression,data/raw/mcc5_thu_motor/MCC5-THU Motor/MCC5-THU Motor_speed_circulation/health_speed_circulation_20Nm_3000rpm_250702162533.csv,healthy,bearing_outer,bearing_outer,179,speed_circulation,3000.0,20.0,0.32069697719527246,0.00025297686028180854,0.5877619787911497,0.091288067153296
cross_rpm,logistic_regression,data/raw/mcc5_thu_motor/MCC5-THU Motor/MCC5-THU Motor_speed_circulation/health_speed_circulation_40Nm_3000rpm_250702162804.csv,healthy,bearing_outer,bearing_outer,179,speed_circulation,3000.0,40.0,0.38479752259247646,8.727624686493123e-05,0.5239349165374703,0.09118028462318835
cross_rpm,logistic_regression,data/raw/mcc5_thu_motor/MCC5-THU Motor/MCC5-THU Motor_torque_circulation/bearing_ball_H_torque_circulation_20Nm_3000rpm_250707140229d.csv,bearing_ball,bearing_outer,bearing_outer,179,torque_circulation,3000.0,20.0,3.46339006756534e-13,5.581141629847591e-19,0.9999999999996537,5.829735359117682e-29
cross_rpm,logistic_regression,data/raw/mcc5_thu_motor/MCC5-THU Motor/MCC5-THU Motor_torque_circulation/bearing_ball_H_torque_circulation_40Nm_3000rpm_250707143025d.csv,bearing_ball,bearing_outer,bearing_outer,179,torque_circulation,3000.0,40.0,9.048193720336661e-13,1.679438737759777e-16,0.999999999999095,2.0439934677059194e-28
cross_rpm,logistic_regression,data/raw/mcc5_thu_motor/MCC5-THU Motor/MCC5-THU Motor_torque_circulation/bearing_ball_L_torque_circulation_20Nm_3000rpm_250707153938d.csv,bearing_ball,bearing_outer,bearing_outer,179,torque_circulation,3000.0,20.0,6.724109138074445e-51,1.0235820632884354e-29,1.0,3.455165187921475e-70
cross_rpm,logistic_regression,data/raw/mcc5_thu_motor/MCC5-THU Motor/MCC5-THU Motor_torque_circulation/bearing_ball_L_torque_circulation_40Nm_3000rpm_250707154630d.csv,bearing_ball,bearing_outer,bearing_outer,179,torque_circulation,3000.0,40.0,8.475984001275218e-53,1.367990613130039e-35,1.0,7.934124172164995e-70
cross_rpm,logistic_regression,data/raw/mcc5_thu_motor/MCC5-THU Motor/MCC5-THU Motor_torque_circulation/bearing_inner_H_torque_circulation_20Nm_3000rpm_250704085209d.csv,bearing_inner,bearing_inner,bearing_inner,179,torque_circulation,3000.0,20.0,6.084266193493552e-41,0.6602296315687743,0.33977036843122566,1.0476603637779675e-64
cross_rpm,logistic_regression,data/raw/mcc5_thu_motor/MCC5-THU Motor/MCC5-THU Motor_torque_circulation/bearing_inner_H_torque_circulation_40Nm_3000rpm_250704085907d.csv,bearing_inner,bearing_inner,bearing_inner,179,torque_circulation,3000.0,40.0,1.1364721586794479e-34,0.9374762987074147,0.06252370129258512,1.56884651177544e-59
cross_rpm,logistic_regression,data/raw/mcc5_thu_motor/MCC5-THU Motor/MCC5-THU Motor_torque_circulation/bearing_inner_L_torque_circulation_20Nm_3000rpm_250707112823d.csv,bearing_inner,bearing_inner,bearing_inner,179,torque_circulation,3000.0,20.0,9.310986546930362e-25,0.566420922948181,0.433579077051819,2.6431534311404886e-30
cross_rpm,logistic_regression,data/raw/mcc5_thu_motor/MCC5-THU Motor/MCC5-THU Motor_torque_circulation/bearing_inner_L_torque_circulation_40Nm_3000rpm_250707113444d.csv,bearing_inner,bearing_inner,bearing_inner,179,torque_circulation,3000.0,40.0,2.239333564183291e-24,0.8851257729625583,0.11487422703744182,2.58668728995361e-32
cross_rpm,logistic_regression,data/raw/mcc5_thu_motor/MCC5-THU Motor/MCC5-THU Motor_torque_circulation/bearing_outer_H_torque_circulation_20Nm_3000rpm_250821175544.csv,bearing_outer,bearing_inner,bearing_inner,179,torque_circulation,3000.0,20.0,0.13325114120863898,0.8667488587913611,7.245920562723496e-90,7.328142970800793e-99
cross_rpm,logistic_regression,data/raw/mcc5_thu_motor/MCC5-THU Motor/MCC5-THU Motor_torque_circulation/bearing_outer_H_torque_circulation_40Nm_3000rpm_250707104611d.csv,bearing_outer,bearing_outer,bearing_outer,179,torque_circulation,3000.0,40.0,1.445732659324008e-30,4.300217951432052e-22,1.0,1.5264698658504665e-61
cross_rpm,logistic_regression,data/raw/mcc5_thu_motor/MCC5-THU Motor/MCC5-THU Motor_torque_circulation/bearing_outer_L_torque_circulation_20Nm_3000rpm_250708094011d.csv,bearing_outer,bearing_outer,bearing_outer,179,torque_circulation,3000.0,20.0,3.64694654357073e-19,3.3676920989207993e-18,1.0,1.5474856065650188e-43
cross_rpm,logistic_regression,data/raw/mcc5_thu_motor/MCC5-THU Motor/MCC5-THU Motor_torque_circulation/bearing_outer_L_torque_circulation_40Nm_3000rpm_250708094556d.csv,bearing_outer,bearing_outer,bearing_outer,179,torque_circulation,3000.0,40.0,1.5848523757154666e-26,2.403665233543883e-23,1.0,2.782606718972036e-45
cross_rpm,logistic_regression,data/raw/mcc5_thu_motor/MCC5-THU Motor/MCC5-THU Motor_torque_circulation/health_torque_circulation_20Nm_3000rpm_250702155743d.csv,healthy,bearing_outer,bearing_outer,179,torque_circulation,3000.0,20.0,3.8570463818140076e-31,4.1200179447433765e-26,1.0,1.33001048421147e-31
cross_rpm,logistic_regression,data/raw/mcc5_thu_motor/MCC5-THU Motor/MCC5-THU Motor_torque_circulation/health_torque_circulation_40Nm_3000rpm_250702160849d.csv,healthy,bearing_outer,bearing_outer,179,torque_circulation,3000.0,40.0,1.6251108575307133e-20,7.350274651373051e-20,1.0,7.650057947547921e-24
cross_rpm,svm,data/raw/mcc5_thu_motor/MCC5-THU Motor/MCC5-THU Motor_speed_circulation/bearing_ball_H_speed_circulation_20Nm_3000rpm_250707144104.csv,bearing_ball,bearing_inner,bearing_inner,179,speed_circulation,3000.0,20.0,0.3596625439605775,0.37297025381071913,0.21247797864025336,0.054889223588450026
cross_rpm,svm,data/raw/mcc5_thu_motor/MCC5-THU Motor/MCC5-THU Motor_speed_circulation/bearing_ball_H_speed_circulation_40Nm_3000rpm_250707144708.csv,bearing_ball,bearing_inner,bearing_inner,179,speed_circulation,3000.0,40.0,0.340671913680516,0.39564668328426744,0.2043497037703466,0.05933169926486988
cross_rpm,svm,data/raw/mcc5_thu_motor/MCC5-THU Motor/MCC5-THU Motor_speed_circulation/bearing_ball_L_speed_circulation_20Nm_3000rpm_250707160626.csv,bearing_ball,bearing_ball,bearing_inner,179,speed_circulation,3000.0,20.0,0.37596461254994834,0.3664672345602515,0.19629295725091728,0.061275195638882785
cross_rpm,svm,data/raw/mcc5_thu_motor/MCC5-THU Motor/MCC5-THU Motor_speed_circulation/bearing_ball_L_speed_circulation_40Nm_3000rpm_250707160826.csv,bearing_ball,bearing_inner,bearing_inner,179,speed_circulation,3000.0,40.0,0.35366219029336915,0.38414466094263827,0.2002830217385561,0.061910127025436384
cross_rpm,svm,data/raw/mcc5_thu_motor/MCC5-THU Motor/MCC5-THU Motor_speed_circulation/bearing_inner_H_speed_circulation_40Nm_3000rpm_250704091435.csv,bearing_inner,bearing_inner,bearing_inner,179,speed_circulation,3000.0,40.0,0.30341714837211636,0.4223590271431501,0.21217076794449213,0.06205305654024123
cross_rpm,svm,data/raw/mcc5_thu_motor/MCC5-THU Motor/MCC5-THU Motor_speed_circulation/bearing_inner_L_speed_circulation_20Nm_3000rpm_250707114743.csv,bearing_inner,bearing_inner,bearing_inner,179,speed_circulation,3000.0,20.0,0.28079796889514536,0.46330825658910807,0.19757996674916875,0.05831380776657768
cross_rpm,svm,data/raw/mcc5_thu_motor/MCC5-THU Motor/MCC5-THU Motor_speed_circulation/bearing_inner_L_speed_circulation_40Nm_3000rpm_250707114941.csv,bearing_inner,bearing_inner,bearing_inner,179,speed_circulation,3000.0,40.0,0.289391695724463,0.44746228266030375,0.20323706187067267,0.05990895974456042
cross_rpm,svm,data/raw/mcc5_thu_motor/MCC5-THU Motor/MCC5-THU Motor_speed_circulation/bearing_outer_H_speed_circulation_20Nm_3000rpm_250707105700.csv,bearing_outer,bearing_inner,bearing_inner,179,speed_circulation,3000.0,20.0,0.2990188346691125,0.4197282420391358,0.21981482691243756,0.061438096379314196
cross_rpm,svm,data/raw/mcc5_thu_motor/MCC5-THU Motor/MCC5-THU Motor_speed_circulation/bearing_outer_H_speed_circulation_20Nm_3000rpm_250821110519.csv,bearing_outer,bearing_inner,bearing_inner,179,speed_circulation,3000.0,20.0,0.2949717976826413,0.42420075945382674,0.22025872422422382,0.06056871863930818
cross_rpm,svm,data/raw/mcc5_thu_motor/MCC5-THU Motor/MCC5-THU Motor_speed_circulation/bearing_outer_H_speed_circulation_40Nm_3000rpm_250707105959.csv,bearing_outer,bearing_inner,bearing_inner,179,speed_circulation,3000.0,40.0,0.3040071613205284,0.41684665834126666,0.21708081532317317,0.062065365015031626
cross_rpm,svm,data/raw/mcc5_thu_motor/MCC5-THU Motor/MCC5-THU Motor_speed_circulation/bearing_outer_L_speed_circulation_20Nm_3000rpm_250708100411.csv,bearing_outer,bearing_inner,bearing_inner,179,speed_circulation,3000.0,20.0,0.28221419083040755,0.43036407487046796,0.22874287409208616,0.05867886020703838
cross_rpm,svm,data/raw/mcc5_thu_motor/MCC5-THU Motor/MCC5-THU Motor_speed_circulation/bearing_outer_L_speed_circulation_40Nm_3000rpm_250708100602.csv,bearing_outer,bearing_inner,bearing_inner,179,speed_circulation,3000.0,40.0,0.29468758995254923,0.4200087681596352,0.22474805646871454,0.060555585419100916
cross_rpm,svm,data/raw/mcc5_thu_motor/MCC5-THU Motor/MCC5-THU Motor_speed_circulation/health_speed_circulation_20Nm_3000rpm_250702162533.csv,healthy,bearing_inner,bearing_inner,179,speed_circulation,3000.0,20.0,0.2931353624051778,0.4011452248453826,0.2182503200115621,0.0874690927378774
cross_rpm,svm,data/raw/mcc5_thu_motor/MCC5-THU Motor/MCC5-THU Motor_speed_circulation/health_speed_circulation_40Nm_3000rpm_250702162804.csv,healthy,bearing_inner,bearing_inner,179,speed_circulation,3000.0,40.0,0.3012098643871116,0.3948641661071744,0.21233737483845405,0.09158859466725984
cross_rpm,svm,data/raw/mcc5_thu_motor/MCC5-THU Motor/MCC5-THU Motor_torque_circulation/bearing_ball_H_torque_circulation_20Nm_3000rpm_250707140229d.csv,bearing_ball,bearing_inner,bearing_inner,179,torque_circulation,3000.0,20.0,0.3063792171324887,0.41813370245557907,0.21302647309501577,0.06246060731691633
cross_rpm,svm,data/raw/mcc5_thu_motor/MCC5-THU Motor/MCC5-THU Motor_torque_circulation/bearing_ball_H_torque_circulation_40Nm_3000rpm_250707143025d.csv,bearing_ball,bearing_inner,bearing_inner,179,torque_circulation,3000.0,40.0,0.3063792170395943,0.4181337024895023,0.21302647317153395,0.06246060729936922
cross_rpm,svm,data/raw/mcc5_thu_motor/MCC5-THU Motor/MCC5-THU Motor_torque_circulation/bearing_ball_L_torque_circulation_20Nm_3000rpm_250707153938d.csv,bearing_ball,bearing_inner,bearing_inner,179,torque_circulation,3000.0,20.0,0.30637921716071287,0.4181337024676658,0.2130264730466109,0.06246060732501022
cross_rpm,svm,data/raw/mcc5_thu_motor/MCC5-THU Motor/MCC5-THU Motor_torque_circulation/bearing_ball_L_torque_circulation_40Nm_3000rpm_250707154630d.csv,bearing_ball,bearing_inner,bearing_inner,179,torque_circulation,3000.0,40.0,0.30637921716071287,0.4181337024676658,0.2130264730466109,0.06246060732501022
cross_rpm,svm,data/raw/mcc5_thu_motor/MCC5-THU Motor/MCC5-THU Motor_torque_circulation/bearing_inner_H_torque_circulation_20Nm_3000rpm_250704085209d.csv,bearing_inner,bearing_inner,bearing_inner,179,torque_circulation,3000.0,20.0,0.30637921716071287,0.4181337024676658,0.2130264730466109,0.06246060732501022
cross_rpm,svm,data/raw/mcc5_thu_motor/MCC5-THU Motor/MCC5-THU Motor_torque_circulation/bearing_inner_H_torque_circulation_40Nm_3000rpm_250704085907d.csv,bearing_inner,bearing_inner,bearing_inner,179,torque_circulation,3000.0,40.0,0.30637921716071287,0.4181337024676658,0.2130264730466109,0.06246060732501022
cross_rpm,svm,data/raw/mcc5_thu_motor/MCC5-THU Motor/MCC5-THU Motor_torque_circulation/bearing_inner_L_torque_circulation_20Nm_3000rpm_250707112823d.csv,bearing_inner,bearing_inner,bearing_inner,179,torque_circulation,3000.0,20.0,0.30637921716071287,0.4181337024676658,0.2130264730466109,0.06246060732501022
cross_rpm,svm,data/raw/mcc5_thu_motor/MCC5-THU Motor/MCC5-THU Motor_torque_circulation/bearing_inner_L_torque_circulation_40Nm_3000rpm_250707113444d.csv,bearing_inner,bearing_inner,bearing_inner,179,torque_circulation,3000.0,40.0,0.30637921716071287,0.4181337024676658,0.2130264730466109,0.06246060732501022
cross_rpm,svm,data/raw/mcc5_thu_motor/MCC5-THU Motor/MCC5-THU Motor_torque_circulation/bearing_outer_H_torque_circulation_20Nm_3000rpm_250821175544.csv,bearing_outer,bearing_inner,bearing_inner,179,torque_circulation,3000.0,20.0,0.30637921716071287,0.4181337024676658,0.2130264730466109,0.06246060732501022
cross_rpm,svm,data/raw/mcc5_thu_motor/MCC5-THU Motor/MCC5-THU Motor_torque_circulation/bearing_outer_H_torque_circulation_40Nm_3000rpm_250707104611d.csv,bearing_outer,bearing_inner,bearing_inner,179,torque_circulation,3000.0,40.0,0.30637921716071287,0.4181337024676658,0.2130264730466109,0.06246060732501022
cross_rpm,svm,data/raw/mcc5_thu_motor/MCC5-THU Motor/MCC5-THU Motor_torque_circulation/bearing_outer_L_torque_circulation_20Nm_3000rpm_250708094011d.csv,bearing_outer,bearing_inner,bearing_inner,179,torque_circulation,3000.0,20.0,0.30637921716071287,0.4181337024676658,0.21302647304661093,0.06246060732501022
cross_rpm,svm,data/raw/mcc5_thu_motor/MCC5-THU Motor/MCC5-THU Motor_torque_circulation/bearing_outer_L_torque_circulation_40Nm_3000rpm_250708094556d.csv,bearing_outer,bearing_inner,bearing_inner,179,torque_circulation,3000.0,40.0,0.30637921716071287,0.4181337024676658,0.2130264730466109,0.06246060732501022
cross_rpm,svm,data/raw/mcc5_thu_motor/MCC5-THU Motor/MCC5-THU Motor_torque_circulation/health_torque_circulation_20Nm_3000rpm_250702155743d.csv,healthy,bearing_inner,bearing_inner,179,torque_circulation,3000.0,20.0,0.30637921716071287,0.4181337024676658,0.21302647304661093,0.06246060732501022
cross_rpm,svm,data/raw/mcc5_thu_motor/MCC5-THU Motor/MCC5-THU Motor_torque_circulation/health_torque_circulation_40Nm_3000rpm_250702160849d.csv,healthy,bearing_inner,bearing_inner,179,torque_circulation,3000.0,40.0,0.30637921054691275,0.41813370682264095,0.21302647575496192,0.062460606875484305
cross_rpm,random_forest,data/raw/mcc5_thu_motor/MCC5-THU Motor/MCC5-THU Motor_speed_circulation/bearing_ball_H_speed_circulation_20Nm_3000rpm_250707144104.csv,bearing_ball,bearing_ball,bearing_ball,179,speed_circulation,3000.0,20.0,0.6586033519553072,0.11134078212290503,0.17522346368715086,0.05483240223463688
cross_rpm,random_forest,data/raw/mcc5_thu_motor/MCC5-THU Motor/MCC5-THU Motor_speed_circulation/bearing_ball_H_speed_circulation_40Nm_3000rpm_250707144708.csv,bearing_ball,bearing_ball,bearing_ball,179,speed_circulation,3000.0,40.0,0.5093016759776536,0.22533519553072626,0.20078212290502792,0.06458100558659217
cross_rpm,random_forest,data/raw/mcc5_thu_motor/MCC5-THU Motor/MCC5-THU Motor_speed_circulation/bearing_ball_L_speed_circulation_20Nm_3000rpm_250707160626.csv,bearing_ball,bearing_ball,bearing_ball,179,speed_circulation,3000.0,20.0,0.6997486033519553,0.06371508379888269,0.07810055865921788,0.15843575418994416
cross_rpm,random_forest,data/raw/mcc5_thu_motor/MCC5-THU Motor/MCC5-THU Motor_speed_circulation/bearing_ball_L_speed_circulation_40Nm_3000rpm_250707160826.csv,bearing_ball,bearing_ball,bearing_ball,179,speed_circulation,3000.0,40.0,0.5689106145251396,0.14044692737430167,0.05614525139664805,0.2344972067039106
cross_rpm,random_forest,data/raw/mcc5_thu_motor/MCC5-THU Motor/MCC5-THU Motor_speed_circulation/bearing_inner_H_speed_circulation_40Nm_3000rpm_250704091435.csv,bearing_inner,bearing_inner,bearing_inner,179,speed_circulation,3000.0,40.0,0.016843575418994415,0.8656983240223466,0.06709497206703911,0.05036312849162011
cross_rpm,random_forest,data/raw/mcc5_thu_motor/MCC5-THU Motor/MCC5-THU Motor_speed_circulation/bearing_inner_L_speed_circulation_20Nm_3000rpm_250707114743.csv,bearing_inner,bearing_inner,bearing_inner,179,speed_circulation,3000.0,20.0,0.013547486033519553,0.8515642458100557,0.0691340782122905,0.06575418994413408
cross_rpm,random_forest,data/raw/mcc5_thu_motor/MCC5-THU Motor/MCC5-THU Motor_speed_circulation/bearing_inner_L_speed_circulation_40Nm_3000rpm_250707114941.csv,bearing_inner,bearing_inner,bearing_inner,179,speed_circulation,3000.0,40.0,0.011703910614525139,0.858268156424581,0.08061452513966479,0.049413407821229056
cross_rpm,random_forest,data/raw/mcc5_thu_motor/MCC5-THU Motor/MCC5-THU Motor_speed_circulation/bearing_outer_H_speed_circulation_20Nm_3000rpm_250707105700.csv,bearing_outer,bearing_outer,bearing_inner,179,speed_circulation,3000.0,20.0,0.015391061452513967,0.46558659217877096,0.48041899441340785,0.038603351955307265
cross_rpm,random_forest,data/raw/mcc5_thu_motor/MCC5-THU Motor/MCC5-THU Motor_speed_circulation/bearing_outer_H_speed_circulation_20Nm_3000rpm_250821110519.csv,bearing_outer,bearing_ball,bearing_ball,179,speed_circulation,3000.0,20.0,0.45944134078212295,0.27472067039106146,0.2337150837988827,0.03212290502793296
cross_rpm,random_forest,data/raw/mcc5_thu_motor/MCC5-THU Motor/MCC5-THU Motor_speed_circulation/bearing_outer_H_speed_circulation_40Nm_3000rpm_250707105959.csv,bearing_outer,bearing_inner,bearing_inner,179,speed_circulation,3000.0,40.0,0.017960893854748604,0.5236033519553073,0.40695530726256984,0.0514804469273743
cross_rpm,random_forest,data/raw/mcc5_thu_motor/MCC5-THU Motor/MCC5-THU Motor_speed_circulation/bearing_outer_L_speed_circulation_20Nm_3000rpm_250708100411.csv,bearing_outer,bearing_inner,bearing_inner,179,speed_circulation,3000.0,20.0,0.02407821229050279,0.5131005586592179,0.41346368715083803,0.049357541899441346
cross_rpm,random_forest,data/raw/mcc5_thu_motor/MCC5-THU Motor/MCC5-THU Motor_speed_circulation/bearing_outer_L_speed_circulation_40Nm_3000rpm_250708100602.csv,bearing_outer,bearing_inner,bearing_inner,179,speed_circulation,3000.0,40.0,0.020810055865921787,0.5412011173184358,0.3754748603351955,0.06251396648044694
cross_rpm,random_forest,data/raw/mcc5_thu_motor/MCC5-THU Motor/MCC5-THU Motor_speed_circulation/health_speed_circulation_20Nm_3000rpm_250702162533.csv,healthy,healthy,healthy,179,speed_circulation,3000.0,20.0,0.057960893854748605,0.17902234636871509,0.052458100558659224,0.7105586592178772
cross_rpm,random_forest,data/raw/mcc5_thu_motor/MCC5-THU Motor/MCC5-THU Motor_speed_circulation/health_speed_circulation_40Nm_3000rpm_250702162804.csv,healthy,healthy,healthy,179,speed_circulation,3000.0,40.0,0.0691340782122905,0.18745810055865922,0.04346368715083799,0.6999441340782122
cross_rpm,random_forest,data/raw/mcc5_thu_motor/MCC5-THU Motor/MCC5-THU Motor_torque_circulation/bearing_ball_H_torque_circulation_20Nm_3000rpm_250707140229d.csv,bearing_ball,bearing_ball,bearing_ball,179,torque_circulation,3000.0,20.0,0.5406145251396648,0.17804469273743018,0.22175977653631285,0.05958100558659219
cross_rpm,random_forest,data/raw/mcc5_thu_motor/MCC5-THU Motor/MCC5-THU Motor_torque_circulation/bearing_ball_H_torque_circulation_40Nm_3000rpm_250707143025d.csv,bearing_ball,bearing_ball,bearing_ball,179,torque_circulation,3000.0,40.0,0.5547765363128492,0.14111731843575417,0.2511173184357542,0.052988826815642466
cross_rpm,random_forest,data/raw/mcc5_thu_motor/MCC5-THU Motor/MCC5-THU Motor_torque_circulation/bearing_ball_L_torque_circulation_20Nm_3000rpm_250707153938d.csv,bearing_ball,bearing_ball,bearing_ball,179,torque_circulation,3000.0,20.0,0.46994413407821234,0.20229050279329605,0.038966480446927375,0.2887988826815643
cross_rpm,random_forest,data/raw/mcc5_thu_motor/MCC5-THU Motor/MCC5-THU Motor_torque_circulation/bearing_ball_L_torque_circulation_40Nm_3000rpm_250707154630d.csv,bearing_ball,bearing_ball,bearing_ball,179,torque_circulation,3000.0,40.0,0.5314245810055865,0.15734636871508378,0.06466480446927375,0.24656424581005584
cross_rpm,random_forest,data/raw/mcc5_thu_motor/MCC5-THU Motor/MCC5-THU Motor_torque_circulation/bearing_inner_H_torque_circulation_20Nm_3000rpm_250704085209d.csv,bearing_inner,bearing_inner,bearing_inner,179,torque_circulation,3000.0,20.0,0.040195530726256985,0.8612849162011174,0.05480446927374303,0.04371508379888267
cross_rpm,random_forest,data/raw/mcc5_thu_motor/MCC5-THU Motor/MCC5-THU Motor_torque_circulation/bearing_inner_H_torque_circulation_40Nm_3000rpm_250704085907d.csv,bearing_inner,bearing_inner,bearing_inner,179,torque_circulation,3000.0,40.0,0.03458100558659218,0.8539944134078212,0.06667597765363129,0.044748603351955296
cross_rpm,random_forest,data/raw/mcc5_thu_motor/MCC5-THU Motor/MCC5-THU Motor_torque_circulation/bearing_inner_L_torque_circulation_20Nm_3000rpm_250707112823d.csv,bearing_inner,bearing_inner,bearing_inner,179,torque_circulation,3000.0,20.0,0.01977653631284916,0.7879888268156425,0.07055865921787709,0.1216759776536313
cross_rpm,random_forest,data/raw/mcc5_thu_motor/MCC5-THU Motor/MCC5-THU Motor_torque_circulation/bearing_inner_L_torque_circulation_40Nm_3000rpm_250707113444d.csv,bearing_inner,bearing_inner,bearing_inner,179,torque_circulation,3000.0,40.0,0.014748603351955308,0.8086033519553073,0.08248603351955307,0.09416201117318435
cross_rpm,random_forest,data/raw/mcc5_thu_motor/MCC5-THU Motor/MCC5-THU Motor_torque_circulation/bearing_outer_H_torque_circulation_20Nm_3000rpm_250821175544.csv,bearing_outer,bearing_inner,bearing_inner,179,torque_circulation,3000.0,20.0,0.008268156424581006,0.8554748603351955,0.10254189944134079,0.03371508379888268
cross_rpm,random_forest,data/raw/mcc5_thu_motor/MCC5-THU Motor/MCC5-THU Motor_torque_circulation/bearing_outer_H_torque_circulation_40Nm_3000rpm_250707104611d.csv,bearing_outer,bearing_inner,bearing_inner,179,torque_circulation,3000.0,40.0,0.013687150837988828,0.628659217877095,0.30156424581005586,0.05608938547486033
cross_rpm,random_forest,data/raw/mcc5_thu_motor/MCC5-THU Motor/MCC5-THU Motor_torque_circulation/bearing_outer_L_torque_circulation_20Nm_3000rpm_250708094011d.csv,bearing_outer,bearing_inner,bearing_inner,179,torque_circulation,3000.0,20.0,0.023435754189944136,0.613659217877095,0.30460893854748605,0.05829608938547486
cross_rpm,random_forest,data/raw/mcc5_thu_motor/MCC5-THU Motor/MCC5-THU Motor_torque_circulation/bearing_outer_L_torque_circulation_40Nm_3000rpm_250708094556d.csv,bearing_outer,bearing_inner,bearing_inner,179,torque_circulation,3000.0,40.0,0.019106145251396645,0.6478212290502792,0.26843575418994414,0.06463687150837988
cross_rpm,random_forest,data/raw/mcc5_thu_motor/MCC5-THU Motor/MCC5-THU Motor_torque_circulation/health_torque_circulation_20Nm_3000rpm_250702155743d.csv,healthy,healthy,healthy,179,torque_circulation,3000.0,20.0,0.0773463687150838,0.2447486033519553,0.05513966480446928,0.6227653631284916
cross_rpm,random_forest,data/raw/mcc5_thu_motor/MCC5-THU Motor/MCC5-THU Motor_torque_circulation/health_torque_circulation_40Nm_3000rpm_250702160849d.csv,healthy,healthy,healthy,179,torque_circulation,3000.0,40.0,0.07229050279329609,0.22586592178770945,0.05846368715083799,0.6433798882681565
cross_rpm,mlp,data/raw/mcc5_thu_motor/MCC5-THU Motor/MCC5-THU Motor_speed_circulation/bearing_ball_H_speed_circulation_20Nm_3000rpm_250707144104.csv,bearing_ball,bearing_outer,bearing_outer,179,speed_circulation,3000.0,20.0,0.42098131537734673,0.0035309310402999324,0.5447289056262946,0.030758847956058672
cross_rpm,mlp,data/raw/mcc5_thu_motor/MCC5-THU Motor/MCC5-THU Motor_speed_circulation/bearing_ball_H_speed_circulation_40Nm_3000rpm_250707144708.csv,bearing_ball,bearing_outer,bearing_outer,179,speed_circulation,3000.0,40.0,0.4603385072585898,0.005694914513523701,0.502842504728511,0.031124073499375387
cross_rpm,mlp,data/raw/mcc5_thu_motor/MCC5-THU Motor/MCC5-THU Motor_speed_circulation/bearing_ball_L_speed_circulation_20Nm_3000rpm_250707160626.csv,bearing_ball,bearing_ball,bearing_ball,179,speed_circulation,3000.0,20.0,0.4765314595785447,0.047915486667264494,0.4202765790936805,0.055276474660510215
cross_rpm,mlp,data/raw/mcc5_thu_motor/MCC5-THU Motor/MCC5-THU Motor_speed_circulation/bearing_ball_L_speed_circulation_40Nm_3000rpm_250707160826.csv,bearing_ball,bearing_outer,bearing_outer,179,speed_circulation,3000.0,40.0,0.46146393457352836,0.004971611523153324,0.4780759141582573,0.05548853974506098
cross_rpm,mlp,data/raw/mcc5_thu_motor/MCC5-THU Motor/MCC5-THU Motor_speed_circulation/bearing_inner_H_speed_circulation_40Nm_3000rpm_250704091435.csv,bearing_inner,bearing_inner,bearing_inner,179,speed_circulation,3000.0,40.0,0.2775194556772451,0.7224797606532094,7.231527571434654e-07,6.051678812534755e-08
cross_rpm,mlp,data/raw/mcc5_thu_motor/MCC5-THU Motor/MCC5-THU Motor_speed_circulation/bearing_inner_L_speed_circulation_20Nm_3000rpm_250707114743.csv,bearing_inner,bearing_inner,bearing_inner,179,speed_circulation,3000.0,20.0,0.00013501491809354352,0.9998592345409391,1.0427603468937816e-07,5.646264932727016e-06
cross_rpm,mlp,data/raw/mcc5_thu_motor/MCC5-THU Motor/MCC5-THU Motor_speed_circulation/bearing_inner_L_speed_circulation_40Nm_3000rpm_250707114941.csv,bearing_inner,bearing_inner,bearing_inner,179,speed_circulation,3000.0,40.0,1.1067131974087823e-05,0.9998430793008819,0.00014368564600111244,2.1679211429581606e-06
cross_rpm,mlp,data/raw/mcc5_thu_motor/MCC5-THU Motor/MCC5-THU Motor_speed_circulation/bearing_outer_H_speed_circulation_20Nm_3000rpm_250707105700.csv,bearing_outer,bearing_inner,bearing_inner,179,speed_circulation,3000.0,20.0,0.3204043879703866,0.542761467058075,0.13683373621141837,4.087601200232935e-07
cross_rpm,mlp,data/raw/mcc5_thu_motor/MCC5-THU Motor/MCC5-THU Motor_speed_circulation/bearing_outer_H_speed_circulation_20Nm_3000rpm_250821110519.csv,bearing_outer,bearing_ball,bearing_ball,179,speed_circulation,3000.0,20.0,0.5826050867633408,0.0895028196501205,0.31987372225679783,0.00801837132974093
cross_rpm,mlp,data/raw/mcc5_thu_motor/MCC5-THU Motor/MCC5-THU Motor_speed_circulation/bearing_outer_H_speed_circulation_40Nm_3000rpm_250707105959.csv,bearing_outer,bearing_outer,bearing_outer,179,speed_circulation,3000.0,40.0,0.3613926737764152,0.10647617958377811,0.5201629391143275,0.011968207525479065
cross_rpm,mlp,data/raw/mcc5_thu_motor/MCC5-THU Motor/MCC5-THU Motor_speed_circulation/bearing_outer_L_speed_circulation_20Nm_3000rpm_250708100411.csv,bearing_outer,bearing_outer,bearing_outer,179,speed_circulation,3000.0,20.0,0.2704801177889801,0.042342410860556456,0.6816316276659171,0.005545843684546238
cross_rpm,mlp,data/raw/mcc5_thu_motor/MCC5-THU Motor/MCC5-THU Motor_speed_circulation/bearing_outer_L_speed_circulation_40Nm_3000rpm_250708100602.csv,bearing_outer,bearing_outer,bearing_outer,179,speed_circulation,3000.0,40.0,0.35485590830225777,0.03611801729856556,0.5993658751027148,0.009660199296461966
cross_rpm,mlp,data/raw/mcc5_thu_motor/MCC5-THU Motor/MCC5-THU Motor_speed_circulation/health_speed_circulation_20Nm_3000rpm_250702162533.csv,healthy,bearing_outer,bearing_outer,179,speed_circulation,3000.0,20.0,0.32119564015967944,0.03619058527335189,0.5706140303338268,0.07199974423314182
cross_rpm,mlp,data/raw/mcc5_thu_motor/MCC5-THU Motor/MCC5-THU Motor_speed_circulation/health_speed_circulation_40Nm_3000rpm_250702162804.csv,healthy,bearing_outer,bearing_outer,179,speed_circulation,3000.0,40.0,0.3926016647073482,0.010752570019061247,0.5199054767874477,0.07674028848614299
cross_rpm,mlp,data/raw/mcc5_thu_motor/MCC5-THU Motor/MCC5-THU Motor_torque_circulation/bearing_ball_H_torque_circulation_20Nm_3000rpm_250707140229d.csv,bearing_ball,bearing_outer,bearing_outer,179,torque_circulation,3000.0,20.0,0.022119035798073908,0.003820506179431485,0.974060457983631,3.886354020878695e-11
cross_rpm,mlp,data/raw/mcc5_thu_motor/MCC5-THU Motor/MCC5-THU Motor_torque_circulation/bearing_ball_H_torque_circulation_40Nm_3000rpm_250707143025d.csv,bearing_ball,bearing_outer,bearing_outer,179,torque_circulation,3000.0,40.0,0.019652787476464893,0.006252446822720474,0.9740947656703521,3.046254021982403e-11
cross_rpm,mlp,data/raw/mcc5_thu_motor/MCC5-THU Motor/MCC5-THU Motor_torque_circulation/bearing_ball_L_torque_circulation_20Nm_3000rpm_250707153938d.csv,bearing_ball,bearing_inner,bearing_inner,179,torque_circulation,3000.0,20.0,0.0006199082438096864,0.9009059291421494,0.0984741626140408,2.489802911753768e-32
cross_rpm,mlp,data/raw/mcc5_thu_motor/MCC5-THU Motor/MCC5-THU Motor_torque_circulation/bearing_ball_L_torque_circulation_40Nm_3000rpm_250707154630d.csv,bearing_ball,bearing_outer,bearing_outer,179,torque_circulation,3000.0,40.0,0.05651058856239161,0.060846885201845786,0.8826425262357626,6.2338611718147765e-28
cross_rpm,mlp,data/raw/mcc5_thu_motor/MCC5-THU Motor/MCC5-THU Motor_torque_circulation/bearing_inner_H_torque_circulation_20Nm_3000rpm_250704085209d.csv,bearing_inner,bearing_inner,bearing_inner,179,torque_circulation,3000.0,20.0,3.14549142809705e-15,0.9999999999999968,1.8385655621308685e-21,4.5483370340644775e-36
cross_rpm,mlp,data/raw/mcc5_thu_motor/MCC5-THU Motor/MCC5-THU Motor_torque_circulation/bearing_inner_H_torque_circulation_40Nm_3000rpm_250704085907d.csv,bearing_inner,bearing_inner,bearing_inner,179,torque_circulation,3000.0,40.0,5.613073985756733e-16,0.9999999999999989,5.91516279129917e-16,4.795382153916493e-34
cross_rpm,mlp,data/raw/mcc5_thu_motor/MCC5-THU Motor/MCC5-THU Motor_torque_circulation/bearing_inner_L_torque_circulation_20Nm_3000rpm_250707112823d.csv,bearing_inner,bearing_inner,bearing_inner,179,torque_circulation,3000.0,20.0,2.1639644497410515e-16,0.9999999999987499,1.2295945724672511e-12,2.029984446062459e-14
cross_rpm,mlp,data/raw/mcc5_thu_motor/MCC5-THU Motor/MCC5-THU Motor_torque_circulation/bearing_inner_L_torque_circulation_40Nm_3000rpm_250707113444d.csv,bearing_inner,bearing_inner,bearing_inner,179,torque_circulation,3000.0,40.0,1.7786017552151194e-16,0.9999999999999111,8.891609530042977e-14,2.8403721681128636e-17
cross_rpm,mlp,data/raw/mcc5_thu_motor/MCC5-THU Motor/MCC5-THU Motor_torque_circulation/bearing_outer_H_torque_circulation_20Nm_3000rpm_250821175544.csv,bearing_outer,bearing_inner,bearing_inner,179,torque_circulation,3000.0,20.0,0.05027932862152098,0.9497206713784789,1.2684813633521423e-76,1.26263682493815e-90
cross_rpm,mlp,data/raw/mcc5_thu_motor/MCC5-THU Motor/MCC5-THU Motor_torque_circulation/bearing_outer_H_torque_circulation_40Nm_3000rpm_250707104611d.csv,bearing_outer,bearing_outer,bearing_outer,179,torque_circulation,3000.0,40.0,4.683105363713165e-06,0.23889151024626004,0.7611038066483763,2.2290952077509516e-22
cross_rpm,mlp,data/raw/mcc5_thu_motor/MCC5-THU Motor/MCC5-THU Motor_torque_circulation/bearing_outer_L_torque_circulation_20Nm_3000rpm_250708094011d.csv,bearing_outer,bearing_outer,bearing_outer,179,torque_circulation,3000.0,20.0,4.046762225384438e-05,0.15715574641528768,0.8428037859624575,8.97219638435735e-16
cross_rpm,mlp,data/raw/mcc5_thu_motor/MCC5-THU Motor/MCC5-THU Motor_torque_circulation/bearing_outer_L_torque_circulation_40Nm_3000rpm_250708094556d.csv,bearing_outer,bearing_outer,bearing_outer,179,torque_circulation,3000.0,40.0,8.972739762127844e-07,0.07336738740957206,0.9266317153164516,6.907954550321409e-17
cross_rpm,mlp,data/raw/mcc5_thu_motor/MCC5-THU Motor/MCC5-THU Motor_torque_circulation/health_torque_circulation_20Nm_3000rpm_250702155743d.csv,healthy,bearing_outer,bearing_outer,179,torque_circulation,3000.0,20.0,2.3712019668411206e-10,0.0002707524598977515,0.9997292470342943,2.6868780896483893e-10
cross_rpm,mlp,data/raw/mcc5_thu_motor/MCC5-THU Motor/MCC5-THU Motor_torque_circulation/health_torque_circulation_40Nm_3000rpm_250702160849d.csv,healthy,bearing_outer,bearing_outer,179,torque_circulation,3000.0,40.0,3.0604264381488524e-08,0.008476228218314015,0.9915237389160273,2.2613944162010974e-09
cross_rpm,xgboost,data/raw/mcc5_thu_motor/MCC5-THU Motor/MCC5-THU Motor_speed_circulation/bearing_ball_H_speed_circulation_20Nm_3000rpm_250707144104.csv,bearing_ball,bearing_ball,bearing_ball,179,speed_circulation,3000.0,20.0,0.8531647324562073,0.07669840008020401,0.0670894905924797,0.0030474390368908644
cross_rpm,xgboost,data/raw/mcc5_thu_motor/MCC5-THU Motor/MCC5-THU Motor_speed_circulation/bearing_ball_H_speed_circulation_40Nm_3000rpm_250707144708.csv,bearing_ball,bearing_ball,bearing_ball,179,speed_circulation,3000.0,40.0,0.8366245627403259,0.08639809489250183,0.07375659048557281,0.00322077888995409
cross_rpm,xgboost,data/raw/mcc5_thu_motor/MCC5-THU Motor/MCC5-THU Motor_speed_circulation/bearing_ball_L_speed_circulation_20Nm_3000rpm_250707160626.csv,bearing_ball,bearing_ball,bearing_ball,179,speed_circulation,3000.0,20.0,0.9946889281272888,0.0020815026946365833,0.002702887635678053,0.0005266807856969535
cross_rpm,xgboost,data/raw/mcc5_thu_motor/MCC5-THU Motor/MCC5-THU Motor_speed_circulation/bearing_ball_L_speed_circulation_40Nm_3000rpm_250707160826.csv,bearing_ball,bearing_ball,bearing_ball,179,speed_circulation,3000.0,40.0,0.9064210057258606,0.07983057200908661,0.012949058786034584,0.0007994266343303025
cross_rpm,xgboost,data/raw/mcc5_thu_motor/MCC5-THU Motor/MCC5-THU Motor_speed_circulation/bearing_inner_H_speed_circulation_40Nm_3000rpm_250704091435.csv,bearing_inner,bearing_inner,bearing_inner,179,speed_circulation,3000.0,40.0,0.004323032684624195,0.9897399544715881,0.005628155544400215,0.0003087866061832756
cross_rpm,xgboost,data/raw/mcc5_thu_motor/MCC5-THU Motor/MCC5-THU Motor_speed_circulation/bearing_inner_L_speed_circulation_20Nm_3000rpm_250707114743.csv,bearing_inner,bearing_inner,bearing_inner,179,speed_circulation,3000.0,20.0,0.0007565172272734344,0.9820864200592041,0.01584845595061779,0.001308536739088595
cross_rpm,xgboost,data/raw/mcc5_thu_motor/MCC5-THU Motor/MCC5-THU Motor_speed_circulation/bearing_inner_L_speed_circulation_40Nm_3000rpm_250707114941.csv,bearing_inner,bearing_inner,bearing_inner,179,speed_circulation,3000.0,40.0,0.0005432761972770095,0.9797083735466003,0.017496921122074127,0.0022514231968671083
cross_rpm,xgboost,data/raw/mcc5_thu_motor/MCC5-THU Motor/MCC5-THU Motor_speed_circulation/bearing_outer_H_speed_circulation_20Nm_3000rpm_250707105700.csv,bearing_outer,bearing_outer,bearing_outer,179,speed_circulation,3000.0,20.0,0.0019624358974397182,0.189927875995636,0.8076984882354736,0.00041115557542070746
cross_rpm,xgboost,data/raw/mcc5_thu_motor/MCC5-THU Motor/MCC5-THU Motor_speed_circulation/bearing_outer_H_speed_circulation_20Nm_3000rpm_250821110519.csv,bearing_outer,bearing_inner,bearing_inner,179,speed_circulation,3000.0,20.0,0.179030179977417,0.5858315825462341,0.18633006513118744,0.048808176070451736
cross_rpm,xgboost,data/raw/mcc5_thu_motor/MCC5-THU Motor/MCC5-THU Motor_speed_circulation/bearing_outer_H_speed_circulation_40Nm_3000rpm_250707105959.csv,bearing_outer,bearing_outer,bearing_outer,179,speed_circulation,3000.0,40.0,0.0018969166558235884,0.1923457384109497,0.80544513463974,0.0003122600319329649
cross_rpm,xgboost,data/raw/mcc5_thu_motor/MCC5-THU Motor/MCC5-THU Motor_speed_circulation/bearing_outer_L_speed_circulation_20Nm_3000rpm_250708100411.csv,bearing_outer,bearing_outer,bearing_outer,179,speed_circulation,3000.0,20.0,0.003983776550740004,0.19323620200157166,0.8019787669181824,0.0008012679172679782
cross_rpm,xgboost,data/raw/mcc5_thu_motor/MCC5-THU Motor/MCC5-THU Motor_speed_circulation/bearing_outer_L_speed_circulation_40Nm_3000rpm_250708100602.csv,bearing_outer,bearing_outer,bearing_outer,179,speed_circulation,3000.0,40.0,0.00532279210165143,0.18356357514858246,0.810221254825592,0.0008925412548705935
cross_rpm,xgboost,data/raw/mcc5_thu_motor/MCC5-THU Motor/MCC5-THU Motor_speed_circulation/health_speed_circulation_20Nm_3000rpm_250702162533.csv,healthy,bearing_inner,bearing_inner,179,speed_circulation,3000.0,20.0,0.01144485455006361,0.38181713223457336,0.2783993184566498,0.32833871245384216
cross_rpm,xgboost,data/raw/mcc5_thu_motor/MCC5-THU Motor/MCC5-THU Motor_speed_circulation/health_speed_circulation_40Nm_3000rpm_250702162804.csv,healthy,bearing_inner,bearing_inner,179,speed_circulation,3000.0,40.0,0.012250990606844425,0.5767432451248169,0.10862521082162857,0.3023805320262909
cross_rpm,xgboost,data/raw/mcc5_thu_motor/MCC5-THU Motor/MCC5-THU Motor_torque_circulation/bearing_ball_H_torque_circulation_20Nm_3000rpm_250707140229d.csv,bearing_ball,bearing_ball,bearing_ball,179,torque_circulation,3000.0,20.0,0.7218606472015381,0.1283419132232666,0.1449444591999054,0.004852962680160999
cross_rpm,xgboost,data/raw/mcc5_thu_motor/MCC5-THU Motor/MCC5-THU Motor_torque_circulation/bearing_ball_H_torque_circulation_40Nm_3000rpm_250707143025d.csv,bearing_ball,bearing_ball,bearing_ball,179,torque_circulation,3000.0,40.0,0.8054057955741882,0.11181175708770752,0.0784410908818245,0.0043414137326180935
cross_rpm,xgboost,data/raw/mcc5_thu_motor/MCC5-THU Motor/MCC5-THU Motor_torque_circulation/bearing_ball_L_torque_circulation_20Nm_3000rpm_250707153938d.csv,bearing_ball,bearing_ball,bearing_ball,179,torque_circulation,3000.0,20.0,0.9851809144020081,0.012244475074112415,0.001506674219854176,0.0010679408442229033
cross_rpm,xgboost,data/raw/mcc5_thu_motor/MCC5-THU Motor/MCC5-THU Motor_torque_circulation/bearing_ball_L_torque_circulation_40Nm_3000rpm_250707154630d.csv,bearing_ball,bearing_ball,bearing_ball,179,torque_circulation,3000.0,40.0,0.9260187149047852,0.07258709520101547,0.0009630388813093305,0.00043106696102768183
cross_rpm,xgboost,data/raw/mcc5_thu_motor/MCC5-THU Motor/MCC5-THU Motor_torque_circulation/bearing_inner_H_torque_circulation_20Nm_3000rpm_250704085209d.csv,bearing_inner,bearing_inner,bearing_inner,179,torque_circulation,3000.0,20.0,0.002564852824434638,0.9968663454055786,0.0004635073128156364,0.00010534330067457631
cross_rpm,xgboost,data/raw/mcc5_thu_motor/MCC5-THU Motor/MCC5-THU Motor_torque_circulation/bearing_inner_H_torque_circulation_40Nm_3000rpm_250704085907d.csv,bearing_inner,bearing_inner,bearing_inner,179,torque_circulation,3000.0,40.0,0.0040003228932619095,0.995177686214447,0.0006679519428871572,0.00015394287765957415
cross_rpm,xgboost,data/raw/mcc5_thu_motor/MCC5-THU Motor/MCC5-THU Motor_torque_circulation/bearing_inner_L_torque_circulation_20Nm_3000rpm_250707112823d.csv,bearing_inner,bearing_inner,bearing_inner,179,torque_circulation,3000.0,20.0,0.0008649170049466193,0.9847867488861084,0.012196822091937065,0.0021514366380870342
cross_rpm,xgboost,data/raw/mcc5_thu_motor/MCC5-THU Motor/MCC5-THU Motor_torque_circulation/bearing_inner_L_torque_circulation_40Nm_3000rpm_250707113444d.csv,bearing_inner,bearing_inner,bearing_inner,179,torque_circulation,3000.0,40.0,0.000611098192166537,0.9670032262802124,0.030558796599507332,0.0018268630374222994
cross_rpm,xgboost,data/raw/mcc5_thu_motor/MCC5-THU Motor/MCC5-THU Motor_torque_circulation/bearing_outer_H_torque_circulation_20Nm_3000rpm_250821175544.csv,bearing_outer,bearing_outer,bearing_outer,179,torque_circulation,3000.0,20.0,0.00435285409912467,0.4524259865283966,0.5420179963111877,0.0012030921643599868
cross_rpm,xgboost,data/raw/mcc5_thu_motor/MCC5-THU Motor/MCC5-THU Motor_torque_circulation/bearing_outer_H_torque_circulation_40Nm_3000rpm_250707104611d.csv,bearing_outer,bearing_outer,bearing_outer,179,torque_circulation,3000.0,40.0,0.0014932015910744667,0.2652656137943268,0.7329536080360413,0.00028759389533661306
cross_rpm,xgboost,data/raw/mcc5_thu_motor/MCC5-THU Motor/MCC5-THU Motor_torque_circulation/bearing_outer_L_torque_circulation_20Nm_3000rpm_250708094011d.csv,bearing_outer,bearing_outer,bearing_outer,179,torque_circulation,3000.0,20.0,0.0037868767976760864,0.31190910935401917,0.6833786964416504,0.0009253408061340451
cross_rpm,xgboost,data/raw/mcc5_thu_motor/MCC5-THU Motor/MCC5-THU Motor_torque_circulation/bearing_outer_L_torque_circulation_40Nm_3000rpm_250708094556d.csv,bearing_outer,bearing_outer,bearing_outer,179,torque_circulation,3000.0,40.0,0.004007117822766304,0.3453781306743622,0.649665117263794,0.0009496318525634706
cross_rpm,xgboost,data/raw/mcc5_thu_motor/MCC5-THU Motor/MCC5-THU Motor_torque_circulation/health_torque_circulation_20Nm_3000rpm_250702155743d.csv,healthy,bearing_inner,bearing_inner,179,torque_circulation,3000.0,20.0,0.004492908250540495,0.47601038217544556,0.36307859420776367,0.15641814470291138
cross_rpm,xgboost,data/raw/mcc5_thu_motor/MCC5-THU Motor/MCC5-THU Motor_torque_circulation/health_torque_circulation_40Nm_3000rpm_250702160849d.csv,healthy,bearing_outer,bearing_outer,179,torque_circulation,3000.0,40.0,0.0018651941791176796,0.19604139029979706,0.72043776512146,0.08165568113327026
