split_name,setting,input_group,feature,transformed_mean,transformed_std,fitted_scale,constant,status
cross_condition,full_engineered_features_254,current,channel_0,3.40870603186427e-12,0.9999999999998842,0.202212833046758,False,pass
cross_condition,full_engineered_features_254,current,channel_1,-9.511509136081092e-13,0.9999999999939072,0.2015234415046897,False,pass
cross_condition,full_engineered_features_254,current,channel_2,-1.1763207466373428e-11,0.9999999999983727,0.2017546983284377,False,pass
cross_condition,full_engineered_features_254,scalar,cur_0_band_energy_0_500,5.054483180997247e-10,1.0000000003066698,1087641.4788433604,False,pass
cross_condition,full_engineered_features_254,scalar,cur_0_band_energy_2000_5000,-1.3085724886921802e-10,1.0000000004611609,5393.903772845562,False,pass
cross_condition,full_engineered_features_254,scalar,cur_0_band_energy_500_2000,-1.3054163059610855e-10,0.999999999912228,596.5715360350376,False,pass
cross_condition,full_engineered_features_254,scalar,cur_0_clearance_factor,4.76334923452897e-10,1.0000000098779045,0.540643960079061,False,pass
cross_condition,full_engineered_features_254,scalar,cur_0_crest_factor,-1.1413097479911668e-10,0.9999999969074624,0.1191905158514475,False,pass
cross_condition,full_engineered_features_254,scalar,cur_0_dominant_frequency,2.7042938775229604e-09,1.0000000065850227,14.104393940585693,False,pass
cross_condition,full_engineered_features_254,scalar,cur_0_energy,1.1109763213454443e-10,0.9999999997589176,170.05572717919046,False,pass
cross_condition,full_engineered_features_254,scalar,cur_0_high_frequency_ratio,-3.1426494021116803e-10,0.9999999996052318,9.25455863734593e-06,False,pass
cross_condition,full_engineered_features_254,scalar,cur_0_impulse_factor,6.285824834678544e-11,1.0000000055408829,0.2402220074923631,False,pass
cross_condition,full_engineered_features_254,scalar,cur_0_kurtosis,-2.3035830051451187e-10,0.999999995570272,0.2029161755120061,False,pass
cross_condition,full_engineered_features_254,scalar,cur_0_mean,1.4141163151913834e-10,1.000000000611799,0.0036075292932813,False,pass
cross_condition,full_engineered_features_254,scalar,cur_0_order_energy_0.5_1.5,-5.270251309523015e-10,1.0000000004205685,1509870.8311097212,False,pass
cross_condition,full_engineered_features_254,scalar,cur_0_order_energy_1.5_2.5,3.0155891367098706e-11,1.0000000006574,8634.016576570835,False,pass
cross_condition,full_engineered_features_254,scalar,cur_0_order_energy_10_20,4.803315593885222e-10,1.00000000036902,857.9847419537083,False,pass
cross_condition,full_engineered_features_254,scalar,cur_0_order_energy_2.5_5,6.335223876515228e-10,1.000000001238072,3857.7833591012654,False,pass
cross_condition,full_engineered_features_254,scalar,cur_0_order_energy_20_50,4.267368269098768e-10,1.000000001409196,505.301342358298,False,pass
cross_condition,full_engineered_features_254,scalar,cur_0_order_energy_5_10,-3.2594759841126666e-11,0.9999999998416808,1765.346110998936,False,pass
cross_condition,full_engineered_features_254,scalar,cur_0_order_entropy,-1.695730903706502e-11,1.0000000004845249,0.4873836581489862,False,pass
cross_condition,full_engineered_features_254,scalar,cur_0_peak,8.508303507824615e-11,1.0000000008938268,0.0477033441119766,False,pass
cross_condition,full_engineered_features_254,scalar,cur_0_peak_order,7.924658371514487e-09,1.0000000009632457,0.2495443765925432,False,pass
cross_condition,full_engineered_features_254,scalar,cur_0_peak_order_amp,-3.452672624016059e-11,0.9999999998152836,354.69832894460814,False,pass
cross_condition,full_engineered_features_254,scalar,cur_0_peak_to_peak,1.9480342383922184e-10,0.9999999999166848,0.0957965019688119,False,pass
cross_condition,full_engineered_features_254,scalar,cur_0_rms,-1.4397931767849786e-10,1.0000000000368665,0.034574073770094,False,pass
cross_condition,full_engineered_features_254,scalar,cur_0_shape_factor,-1.773735840353139e-10,0.9999999957320008,0.0381828307253465,False,pass
cross_condition,full_engineered_features_254,scalar,cur_0_skewness,2.2926379851060368e-10,1.000000003309951,0.0739191212340536,False,pass
cross_condition,full_engineered_features_254,scalar,cur_0_spectral_centroid,5.0274165230305854e-11,0.999999999609742,20.23006854719965,False,pass
cross_condition,full_engineered_features_254,scalar,cur_0_spectral_entropy,-1.695730903706502e-11,1.0000000004845249,0.4873836581489862,False,pass
cross_condition,full_engineered_features_254,scalar,cur_0_spectral_kurtosis,5.184938733882507e-10,0.9999999987452236,1338.633469786321,False,pass
cross_condition,full_engineered_features_254,scalar,cur_0_std,6.050689221211963e-10,0.9999999990174876,0.0346153356735169,False,pass
cross_condition,full_engineered_features_254,scalar,cur_1_band_energy_0_500,-6.327668166340786e-10,1.0000000000246083,1075704.706972733,False,pass
cross_condition,full_engineered_features_254,scalar,cur_1_band_energy_2000_5000,1.5591542691609358e-10,1.000000000589517,5660.476202169077,False,pass
cross_condition,full_engineered_features_254,scalar,cur_1_band_energy_500_2000,5.76665070826984e-10,1.0000000003219451,583.6991216962454,False,pass
cross_condition,full_engineered_features_254,scalar,cur_1_clearance_factor,-1.3200525056146575e-10,0.9999999930128884,0.5466184990218452,False,pass
cross_condition,full_engineered_features_254,scalar,cur_1_crest_factor,-2.3109474315176736e-10,0.9999999999547018,0.1246299660483147,False,pass
cross_condition,full_engineered_features_254,scalar,cur_1_dominant_frequency,-1.462020354563963e-09,1.0000000144966674,14.107914224492507,False,pass
cross_condition,full_engineered_features_254,scalar,cur_1_energy,3.901424423237204e-10,0.9999999999603746,168.19113244555518,False,pass
cross_condition,full_engineered_features_254,scalar,cur_1_high_frequency_ratio,2.535945003484372e-11,1.0000000005256433,9.038585698817547e-06,False,pass
cross_condition,full_engineered_features_254,scalar,cur_1_impulse_factor,-4.5320153866248465e-10,0.999999998246428,0.262666704010622,False,pass
cross_condition,full_engineered_features_254,scalar,cur_1_kurtosis,-4.929606240865387e-10,0.9999999911770352,0.2284725090991968,False,pass
cross_condition,full_engineered_features_254,scalar,cur_1_mean,-2.4595749455819664e-10,1.000000000642952,0.0035642930805335,False,pass
cross_condition,full_engineered_features_254,scalar,cur_1_order_energy_0.5_1.5,-4.590811245229109e-11,1.0000000004303005,1495981.3427961564,False,pass
cross_condition,full_engineered_features_254,scalar,cur_1_order_energy_1.5_2.5,-2.3245764024019477e-10,0.9999999990871064,8614.14514391942,False,pass
cross_condition,full_engineered_features_254,scalar,cur_1_order_energy_10_20,-3.036630354917171e-10,0.9999999993604006,856.6919975114466,False,pass
cross_condition,full_engineered_features_254,scalar,cur_1_order_energy_2.5_5,1.1440445085962351e-10,0.9999999995118466,3862.986374365594,False,pass
cross_condition,full_engineered_features_254,scalar,cur_1_order_energy_20_50,1.34758242903901e-10,1.0000000001747222,505.5636985503273,False,pass
cross_condition,full_engineered_features_254,scalar,cur_1_order_energy_5_10,-4.888628169525729e-10,0.9999999988694565,1761.1977753511835,False,pass
cross_condition,full_engineered_features_254,scalar,cur_1_order_entropy,-7.196742209727989e-10,0.9999999993146316,0.4876898435224966,False,pass
cross_condition,full_engineered_features_254,scalar,cur_1_peak,-2.964133794002928e-10,1.000000000929749,0.0471552386818204,False,pass
cross_condition,full_engineered_features_254,scalar,cur_1_peak_order,4.1011247124046704e-11,0.9999999969593344,0.2496849558905644,False,pass
cross_condition,full_engineered_features_254,scalar,cur_1_peak_order_amp,6.838395917372527e-12,0.9999999999585673,353.09022074561966,False,pass
cross_condition,full_engineered_features_254,scalar,cur_1_peak_to_peak,2.93811919694663e-11,1.0000000008514238,0.0947983796118051,False,pass
cross_condition,full_engineered_features_254,scalar,cur_1_rms,-4.575508541078345e-11,0.9999999995260488,0.0343562094753172,False,pass
cross_condition,full_engineered_features_254,scalar,cur_1_shape_factor,8.105412000105289e-11,0.9999999984551022,0.0390198896325553,False,pass
cross_condition,full_engineered_features_254,scalar,cur_1_skewness,-7.512300706649401e-10,0.999999997902528,0.0833177998563228,False,pass
cross_condition,full_engineered_features_254,scalar,cur_1_spectral_centroid,2.1451521962342435e-10,1.000000000156061,20.564622673190787,False,pass
cross_condition,full_engineered_features_254,scalar,cur_1_spectral_entropy,-7.196742209727989e-10,0.9999999993146316,0.4876898435224966,False,pass
cross_condition,full_engineered_features_254,scalar,cur_1_spectral_kurtosis,-6.093919360437871e-10,1.0000000005892082,1338.2945158795303,False,pass
cross_condition,full_engineered_features_254,scalar,cur_1_std,3.8073127927100077e-10,0.9999999994580168,0.0344128738646813,False,pass
cross_condition,full_engineered_features_254,scalar,cur_2_band_energy_0_500,-4.744220854340512e-10,1.0000000000324565,1078869.9458704577,False,pass
cross_condition,full_engineered_features_254,scalar,cur_2_band_energy_2000_5000,-7.620077173773723e-10,0.9999999988593692,5802.168439115683,False,pass
cross_condition,full_engineered_features_254,scalar,cur_2_band_energy_500_2000,-6.628940154308947e-11,0.9999999990834176,585.7642274944476,False,pass
cross_condition,full_engineered_features_254,scalar,cur_2_clearance_factor,2.733445528930165e-10,1.0000000003261575,0.4706968718532777,False,pass
cross_condition,full_engineered_features_254,scalar,cur_2_crest_factor,3.8851413896017816e-10,1.000000002082433,0.122849660903609,False,pass
cross_condition,full_engineered_features_254,scalar,cur_2_dominant_frequency,4.612235031040178e-09,1.0000000095316048,14.107459081513316,False,pass
cross_condition,full_engineered_features_254,scalar,cur_2_energy,-2.4166795530093564e-10,1.000000000574676,168.6984311525692,False,pass
cross_condition,full_engineered_features_254,scalar,cur_2_high_frequency_ratio,-2.2128666621013727e-10,0.9999999990756294,9.206480474217776e-06,False,pass
cross_condition,full_engineered_features_254,scalar,cur_2_impulse_factor,6.78172809106423e-11,1.0000000023348776,0.242409398262517,False,pass
cross_condition,full_engineered_features_254,scalar,cur_2_kurtosis,-1.9268256468582688e-10,0.9999999962849894,0.2180058323586543,False,pass
cross_condition,full_engineered_features_254,scalar,cur_2_mean,5.902829831164616e-10,0.9999999988795087,0.0036367499943427,False,pass
cross_condition,full_engineered_features_254,scalar,cur_2_order_energy_0.5_1.5,-2.30152670427486e-10,0.9999999995272554,1500983.0717702585,False,pass
cross_condition,full_engineered_features_254,scalar,cur_2_order_energy_1.5_2.5,-6.77163787051482e-10,0.9999999994098276,8626.879489230856,False,pass
cross_condition,full_engineered_features_254,scalar,cur_2_order_energy_10_20,-5.244212801991481e-10,0.9999999990419676,855.8117444372614,False,pass
cross_condition,full_engineered_features_254,scalar,cur_2_order_energy_2.5_5,5.403480477535604e-10,1.000000001209007,3848.0864203274286,False,pass
cross_condition,full_engineered_features_254,scalar,cur_2_order_energy_20_50,4.798193521768353e-10,1.0000000007395284,503.4429824751169,False,pass
cross_condition,full_engineered_features_254,scalar,cur_2_order_energy_5_10,5.601710272476082e-10,1.0000000009394785,1762.7407585836304,False,pass
cross_condition,full_engineered_features_254,scalar,cur_2_order_entropy,1.9214457899302664e-10,1.0000000007145322,0.4882703201658661,False,pass
cross_condition,full_engineered_features_254,scalar,cur_2_peak,-5.377370238578363e-10,1.0000000013514696,0.0473912377793508,False,pass
cross_condition,full_engineered_features_254,scalar,cur_2_peak_order,-6.52507304988564e-09,0.9999999997234864,0.2495813267562373,False,pass
cross_condition,full_engineered_features_254,scalar,cur_2_peak_order_amp,-2.1934752666853267e-10,0.9999999998466026,353.36265569885563,False,pass
cross_condition,full_engineered_features_254,scalar,cur_2_peak_to_peak,4.533426104663745e-11,1.0000000001153977,0.0950642852013819,False,pass
cross_condition,full_engineered_features_254,scalar,cur_2_rms,-5.524276198425693e-10,1.0000000011052737,0.0343635846065624,False,pass
cross_condition,full_engineered_features_254,scalar,cur_2_shape_factor,3.4830987037533196e-11,0.9999999983246828,0.0361882972765194,False,pass
cross_condition,full_engineered_features_254,scalar,cur_2_skewness,-1.5786891274283948e-10,0.9999999932445128,0.0778774516664917,False,pass
cross_condition,full_engineered_features_254,scalar,cur_2_spectral_centroid,-1.7976851701109648e-10,1.0000000001368283,20.70054538095328,False,pass
cross_condition,full_engineered_features_254,scalar,cur_2_spectral_entropy,1.9214457899302664e-10,1.0000000007145322,0.4882703201658661,False,pass
cross_condition,full_engineered_features_254,scalar,cur_2_spectral_kurtosis,1.9157072758737302e-10,1.0000000002411196,1339.9426549544146,False,pass
cross_condition,full_engineered_features_254,scalar,cur_2_std,2.6963364713645634e-10,0.9999999999891418,0.0343995325619473,False,pass
cross_condition,full_engineered_features_254,scalar,key_phase_0_clearance_factor,-8.836833437561323e-11,1.0000000004958347,61.86355587659296,False,pass
cross_condition,full_engineered_features_254,scalar,key_phase_0_crest_factor,-4.9666839159322417e-11,1.0000000000010012,1.312131476223028,False,pass
cross_condition,full_engineered_features_254,scalar,key_phase_0_energy,2.8562377745024257e-10,0.9999999993025692,8813.555290820277,False,pass
cross_condition,full_engineered_features_254,scalar,key_phase_0_impulse_factor,4.6451358449643196e-10,1.0000000007638292,9.891418733509669,False,pass
cross_condition,full_engineered_features_254,scalar,key_phase_0_kurtosis,-1.7659320589981306e-10,0.9999999978302626,10.21162493305987,False,pass
cross_condition,full_engineered_features_254,scalar,key_phase_0_mean,4.489909039735011e-11,0.99999999664882,0.1903288117773319,False,pass
cross_condition,full_engineered_features_254,scalar,key_phase_0_peak,1.4832982864760955e-10,0.9999999974676432,0.2691032604974354,False,pass
cross_condition,full_engineered_features_254,scalar,key_phase_0_peak_to_peak,5.919806268581869e-10,0.9999999929164246,0.3054482682325993,False,pass
cross_condition,full_engineered_features_254,scalar,key_phase_0_rms,1.000175179103821e-11,1.0000000001579623,0.2973464229227748,False,pass
cross_condition,full_engineered_features_254,scalar,key_phase_0_shape_factor,3.307320845059038e-10,1.0000000010509464,0.9935998744708808,False,pass
cross_condition,full_engineered_features_254,scalar,key_phase_0_skewness,5.39281640558054e-10,1.0000000010554064,1.3381644491417777,False,pass
cross_condition,full_engineered_features_254,scalar,key_phase_0_std,-4.960180266668167e-10,1.0000000010324137,0.2500825520381196,False,pass
cross_condition,full_engineered_features_254,scalar,load_nm,0.0,1.0,10.0,False,pass
cross_condition,full_engineered_features_254,scalar,rpm_nominal,-2.4652656386880312e-08,0.999999999801807,785.3547013422757,False,pass
cross_condition,full_engineered_features_254,scalar,torque_0_clearance_factor,1.9368067758644168e-10,1.0000000057220988,0.2981833704447049,False,pass
cross_condition,full_engineered_features_254,scalar,torque_0_crest_factor,-5.155929349802953e-10,0.99999999362097,0.068556563177919,False,pass
cross_condition,full_engineered_features_254,scalar,torque_0_energy,1.2226860616460188e-10,0.9999999999178087,1699.2311718524309,False,pass
cross_condition,full_engineered_features_254,scalar,torque_0_impulse_factor,2.24589898363931e-10,1.0000000044086907,0.1394557154928884,False,pass
cross_condition,full_engineered_features_254,scalar,torque_0_kurtosis,-3.619089531655614e-11,1.0000000054636269,0.4815742130016742,False,pass
cross_condition,full_engineered_features_254,scalar,torque_0_mean,-5.784422168988677e-11,0.9999999993973572,0.171203563277743,False,pass
cross_condition,full_engineered_features_254,scalar,torque_0_peak,-1.0038573922900983e-10,1.000000000187574,0.1719711042166438,False,pass
cross_condition,full_engineered_features_254,scalar,torque_0_peak_to_peak,-7.356284855737316e-10,0.9999999923965304,0.0425401022803406,False,pass
cross_condition,full_engineered_features_254,scalar,torque_0_rms,-3.7950706293893965e-11,0.999999999739347,0.1709216871530776,False,pass
cross_condition,full_engineered_features_254,scalar,torque_0_shape_factor,3.7376854888240325e-10,1.0000000063582537,0.0327015781490989,False,pass
cross_condition,full_engineered_features_254,scalar,torque_0_skewness,3.0285007933370776e-10,0.9999999985266884,0.215485934248272,False,pass
cross_condition,full_engineered_features_254,scalar,torque_0_std,-5.17910457792503e-10,0.9999999947089668,0.0152696016268839,False,pass
cross_condition,full_engineered_features_254,scalar,vib_0_band_energy_0_500,4.706490124418788e-10,1.0000000011556338,4667.248683068865,False,pass
cross_condition,full_engineered_features_254,scalar,vib_0_band_energy_2000_5000,-1.4550002390348007e-10,0.9999999997423882,330082.5545779175,False,pass
cross_condition,full_engineered_features_254,scalar,vib_0_band_energy_500_2000,3.610720865323165e-11,0.999999999957277,1177991.3770176475,False,pass
cross_condition,full_engineered_features_254,scalar,vib_0_clearance_factor,-4.0827136464732826e-11,0.9999999989833528,2.717466209354071,False,pass
cross_condition,full_engineered_features_254,scalar,vib_0_crest_factor,4.552076275347488e-11,1.0000000025526656,1.2872091756705804,False,pass
cross_condition,full_engineered_features_254,scalar,vib_0_dominant_frequency,-2.44843266412219e-10,1.0000000019882926,660.4519282802144,False,pass
cross_condition,full_engineered_features_254,scalar,vib_0_energy,3.5337679895868925e-10,1.000000001153405,199.6382227625961,False,pass
cross_condition,full_engineered_features_254,scalar,vib_0_envelope_band_energy,4.697117218126443e-10,1.0000000005447416,252112.05253838692,False,pass
cross_condition,full_engineered_features_254,scalar,vib_0_envelope_kurtosis,2.1883823354601507e-10,1.0000000012912984,6.858127281411268,False,pass
cross_condition,full_engineered_features_254,scalar,vib_0_envelope_rms,9.19692519460898e-11,0.9999999997435736,0.0809040944147975,False,pass
cross_condition,full_engineered_features_254,scalar,vib_0_envelope_spectrum_peak_amp,-1.386030473217804e-11,1.0000000000316756,151.10067704502487,False,pass
cross_condition,full_engineered_features_254,scalar,vib_0_envelope_spectrum_peak_freq,1.863027716834726e-09,1.0000000006555494,278.4280931028776,False,pass
cross_condition,full_engineered_features_254,scalar,vib_0_high_frequency_ratio,-1.419977370433502e-10,0.9999999989234704,0.0030349685502083,False,pass
cross_condition,full_engineered_features_254,scalar,vib_0_impulse_factor,-4.264230019224098e-10,0.999999999316064,2.06301707767951,False,pass
cross_condition,full_engineered_features_254,scalar,vib_0_keyphase_angle_revolutions,-2.932457196410847e-09,0.9999999908374042,22.454505647160413,False,pass
cross_condition,full_engineered_features_254,scalar,vib_0_keyphase_estimated_rpm,8.816748638363443e-10,0.9999999995280012,2906.5807471593,False,pass
cross_condition,full_engineered_features_254,scalar,vib_0_keyphase_order_energy_0.5_1.5,1.786016858196008e-10,1.0000000012133807,2296.878415176516,False,pass
cross_condition,full_engineered_features_254,scalar,vib_0_keyphase_order_energy_1.5_2.5,3.245607908476038e-11,0.999999999950142,89.92631607064985,False,pass
cross_condition,full_engineered_features_254,scalar,vib_0_keyphase_order_energy_10_20,-5.395069967871492e-11,0.9999999985018956,2689.828701402148,False,pass
cross_condition,full_engineered_features_254,scalar,vib_0_keyphase_order_energy_2.5_5,2.803455400419909e-10,0.99999999849683,167.07481604295353,False,pass
cross_condition,full_engineered_features_254,scalar,vib_0_keyphase_order_energy_20_50,-1.629833633957276e-10,0.9999999987191388,1044560.2765460672,False,pass
cross_condition,full_engineered_features_254,scalar,vib_0_keyphase_order_energy_5_10,4.91436181849801e-10,1.0000000014460158,540.304259139254,False,pass
cross_condition,full_engineered_features_254,scalar,vib_0_keyphase_order_entropy,-2.2838090421253037e-11,0.999999998825712,0.5850522228865895,False,pass
cross_condition,full_engineered_features_254,scalar,vib_0_keyphase_peak_order,2.391430091160596e-09,0.999999999397455,30.754677149590563,False,pass
cross_condition,full_engineered_features_254,scalar,vib_0_keyphase_peak_order_amp,-3.7754640396962304e-12,0.9999999999866768,190.57231780916544,False,pass
cross_condition,full_engineered_features_254,scalar,vib_0_keyphase_pulse_count,-2.932457196410847e-09,0.9999999908374042,22.454505647160413,False,pass
cross_condition,full_engineered_features_254,scalar,vib_0_keyphase_rpm_std,-6.2062029521441e-11,0.9999999971021596,512.5045004870948,False,pass
cross_condition,full_engineered_features_254,scalar,vib_0_kurtosis,-3.9451088614925865e-11,1.0000000012607764,4.593633719835334,False,pass
cross_condition,full_engineered_features_254,scalar,vib_0_mean,5.642213870322781e-10,1.0000000006092862,2.1714089580347025e-05,False,pass
cross_condition,full_engineered_features_254,scalar,vib_0_order_energy_0.5_1.5,1.3558195877576634e-10,0.9999999993591336,2399.245650932394,False,pass
cross_condition,full_engineered_features_254,scalar,vib_0_order_energy_1.5_2.5,-3.3096879821073603e-10,1.0000000002531404,123.72346452834928,False,pass
cross_condition,full_engineered_features_254,scalar,vib_0_order_energy_10_20,-5.1636165675911915e-11,0.9999999997531456,4989.009573074524,False,pass
cross_condition,full_engineered_features_254,scalar,vib_0_order_energy_2.5_5,-2.5704597744869136e-10,0.9999999999757956,209.27769770319568,False,pass
cross_condition,full_engineered_features_254,scalar,vib_0_order_energy_20_50,3.1694530448507526e-10,1.0000000033305227,1193960.6934236714,False,pass
cross_condition,full_engineered_features_254,scalar,vib_0_order_energy_5_10,3.0627405938744113e-10,1.0000000015707686,1857.4857335756124,False,pass
cross_condition,full_engineered_features_254,scalar,vib_0_order_entropy,1.8164548931708856e-10,1.0000000000152809,0.9689364084743728,False,pass
cross_condition,full_engineered_features_254,scalar,vib_0_peak,7.093711971937922e-10,1.000000000557472,0.1796563039476289,False,pass
cross_condition,full_engineered_features_254,scalar,vib_0_peak_order,4.721822716663596e-10,1.0000000014174033,33.818676305234526,False,pass
cross_condition,full_engineered_features_254,scalar,vib_0_peak_order_amp,4.02138327749405e-11,1.000000000980532,332.0063822603909,False,pass
cross_condition,full_engineered_features_254,scalar,vib_0_peak_to_peak,5.625656613424504e-11,0.999999999720104,0.3453721707640436,False,pass
cross_condition,full_engineered_features_254,scalar,vib_0_rms,2.446498904437515e-10,1.000000001052579,0.0571756642224888,False,pass
cross_condition,full_engineered_features_254,scalar,vib_0_shape_factor,2.3073608602323382e-11,1.000000000814593,0.0866391213236901,False,pass
cross_condition,full_engineered_features_254,scalar,vib_0_skewness,-2.7987809025113554e-10,1.0000000028168712,0.0967870661867934,False,pass
cross_condition,full_engineered_features_254,scalar,vib_0_spectral_centroid,1.4134438330753828e-10,1.0000000003339893,381.89024623878606,False,pass
cross_condition,full_engineered_features_254,scalar,vib_0_spectral_entropy,1.8164548931708856e-10,1.0000000000152809,0.9689364084743728,False,pass
cross_condition,full_engineered_features_254,scalar,vib_0_spectral_kurtosis,4.1990620189695575e-10,1.000000001717956,1612.2630509287528,False,pass
cross_condition,full_engineered_features_254,scalar,vib_0_std,2.9495962250597026e-11,0.9999999993859552,0.0572078338403221,False,pass
cross_condition,full_engineered_features_254,scalar,vib_1_band_energy_0_500,3.971410384251713e-10,0.9999999997428825,536.5575930812354,False,pass
cross_condition,full_engineered_features_254,scalar,vib_1_band_energy_2000_5000,2.7056137357559635e-10,0.9999999991139404,96384.85293490849,False,pass
cross_condition,full_engineered_features_254,scalar,vib_1_band_energy_500_2000,-8.405978629054e-10,0.9999999993741636,642212.6534302385,False,pass
cross_condition,full_engineered_features_254,scalar,vib_1_clearance_factor,-6.786832977527024e-10,0.9999999955312966,4.1733931126805786,False,pass
cross_condition,full_engineered_features_254,scalar,vib_1_crest_factor,8.939409376321911e-11,0.9999999994759874,1.7742341911802373,False,pass
cross_condition,full_engineered_features_254,scalar,vib_1_dominant_frequency,2.2505113143122515e-09,0.9999999991688094,437.6982081941757,False,pass
cross_condition,full_engineered_features_254,scalar,vib_1_energy,-1.361940669417969e-11,1.0000000002109803,109.99194257776034,False,pass
cross_condition,full_engineered_features_254,scalar,vib_1_envelope_band_energy,-1.4928983422831762e-10,0.9999999990289282,154373.0745143092,False,pass
cross_condition,full_engineered_features_254,scalar,vib_1_envelope_kurtosis,2.457092739371574e-10,1.0000000085718357,4.900889214855599,False,pass
cross_condition,full_engineered_features_254,scalar,vib_1_envelope_rms,-7.46848476078022e-10,0.9999999998827692,0.0716897253908134,False,pass
cross_condition,full_engineered_features_254,scalar,vib_1_envelope_spectrum_peak_amp,6.06010994845478e-11,1.000000000479849,97.30264695494088,False,pass
cross_condition,full_engineered_features_254,scalar,vib_1_envelope_spectrum_peak_freq,9.203811411476823e-10,1.0000000002256728,190.14417928991253,False,pass
cross_condition,full_engineered_features_254,scalar,vib_1_high_frequency_ratio,-2.5399619633239467e-10,0.9999999986640484,0.0033471895539319,False,pass
cross_condition,full_engineered_features_254,scalar,vib_1_impulse_factor,3.1665837878224837e-10,1.000000000314947,3.084211926830558,False,pass
cross_condition,full_engineered_features_254,scalar,vib_1_keyphase_angle_revolutions,-2.932457196410847e-09,0.9999999908374042,22.454505647160413,False,pass
cross_condition,full_engineered_features_254,scalar,vib_1_keyphase_estimated_rpm,8.816748638363443e-10,0.9999999995280012,2906.5807471593,False,pass
cross_condition,full_engineered_features_254,scalar,vib_1_keyphase_order_energy_0.5_1.5,-3.519741507051828e-11,0.999999992756337,94.41467381628166,False,pass
cross_condition,full_engineered_features_254,scalar,vib_1_keyphase_order_energy_1.5_2.5,2.6119803147334784e-10,1.0000000002451368,102.20176400167978,False,pass
cross_condition,full_engineered_features_254,scalar,vib_1_keyphase_order_energy_10_20,-2.529202249467941e-10,0.999999999232805,10438.65266787077,False,pass
cross_condition,full_engineered_features_254,scalar,vib_1_keyphase_order_energy_2.5_5,-3.4785796239337967e-10,0.9999999983311731,82.33647960563393,False,pass
cross_condition,full_engineered_features_254,scalar,vib_1_keyphase_order_energy_20_50,-7.773008573380417e-10,0.9999999967925448,412487.8648549341,False,pass
cross_condition,full_engineered_features_254,scalar,vib_1_keyphase_order_energy_5_10,-1.4734113049661882e-10,1.0000000006209353,272.732840277482,False,pass
cross_condition,full_engineered_features_254,scalar,vib_1_keyphase_order_entropy,-2.3273739280045087e-10,0.9999999999096432,1.268862077093866,False,pass
cross_condition,full_engineered_features_254,scalar,vib_1_keyphase_peak_order,-8.871589704363745e-09,1.0000000061710328,26.2957567236817,False,pass
cross_condition,full_engineered_features_254,scalar,vib_1_keyphase_peak_order_amp,1.670481441857742e-10,1.000000000694943,264.99171580842744,False,pass
cross_condition,full_engineered_features_254,scalar,vib_1_keyphase_pulse_count,-2.932457196410847e-09,0.9999999908374042,22.454505647160413,False,pass
cross_condition,full_engineered_features_254,scalar,vib_1_keyphase_rpm_std,-6.2062029521441e-11,0.9999999971021596,512.5045004870948,False,pass
cross_condition,full_engineered_features_254,scalar,vib_1_kurtosis,-4.6008895105409004e-10,0.9999999973987916,3.501455754006192,False,pass
cross_condition,full_engineered_features_254,scalar,vib_1_mean,3.1192029395361525e-10,0.999999999613904,2.141225835150629e-05,False,pass
cross_condition,full_engineered_features_254,scalar,vib_1_order_energy_0.5_1.5,-6.274706463694005e-10,0.9999999999360428,85.96239180329002,False,pass
cross_condition,full_engineered_features_254,scalar,vib_1_order_energy_1.5_2.5,3.2383032582915717e-10,0.999999997889834,130.04480260726314,False,pass
cross_condition,full_engineered_features_254,scalar,vib_1_order_energy_10_20,2.4185923910282016e-10,1.0000000044891342,55915.72372392156,False,pass
cross_condition,full_engineered_features_254,scalar,vib_1_order_energy_2.5_5,-1.7700685712138835e-10,1.0000000003718608,90.2105633931872,False,pass
cross_condition,full_engineered_features_254,scalar,vib_1_order_energy_20_50,-4.1491847676281616e-10,0.9999999985532684,646137.2461574515,False,pass
cross_condition,full_engineered_features_254,scalar,vib_1_order_energy_5_10,-7.399335666398958e-11,0.9999999995251468,378.334830340517,False,pass
cross_condition,full_engineered_features_254,scalar,vib_1_order_entropy,-5.172194450581951e-11,0.99999999985077,1.37617870463347,False,pass
cross_condition,full_engineered_features_254,scalar,vib_1_peak,-5.758790139536146e-10,0.9999999997769612,0.1619355061798351,False,pass
cross_condition,full_engineered_features_254,scalar,vib_1_peak_order,-1.1179007949736646e-09,0.999999990560761,26.5964574418666,False,pass
cross_condition,full_engineered_features_254,scalar,vib_1_peak_order_amp,-4.572088969518482e-10,0.9999999992623122,325.90107305994786,False,pass
cross_condition,full_engineered_features_254,scalar,vib_1_peak_to_peak,5.725889325612003e-10,1.0000000002012466,0.3086740570128966,False,pass
cross_condition,full_engineered_features_254,scalar,vib_1_rms,-3.727356163522267e-10,0.9999999991720844,0.0506913810022355,False,pass
cross_condition,full_engineered_features_254,scalar,vib_1_shape_factor,3.4679275072163515e-10,1.000000000961183,0.101843417552175,False,pass
cross_condition,full_engineered_features_254,scalar,vib_1_skewness,-2.1907972934589426e-10,0.9999999919835028,0.1424951484395234,False,pass
cross_condition,full_engineered_features_254,scalar,vib_1_spectral_centroid,6.957350531669478e-11,0.9999999992447696,264.63969554264384,False,pass
cross_condition,full_engineered_features_254,scalar,vib_1_spectral_entropy,-5.172194450581951e-11,0.99999999985077,1.37617870463347,False,pass
cross_condition,full_engineered_features_254,scalar,vib_1_spectral_kurtosis,-3.002462285805544e-10,0.9999999990456302,2104.116204569691,False,pass
cross_condition,full_engineered_features_254,scalar,vib_1_std,-6.599291165016844e-10,0.9999999996939668,0.0506922910146464,False,pass
cross_condition,full_engineered_features_254,scalar,vib_2_band_energy_0_500,-1.1928129116485808e-10,0.9999999992516828,1228.1170356353912,False,pass
cross_condition,full_engineered_features_254,scalar,vib_2_band_energy_2000_5000,5.751796325529742e-10,1.000000002178818,1073697.0959409368,False,pass
cross_condition,full_engineered_features_254,scalar,vib_2_band_energy_500_2000,-1.2187169227569147e-11,0.9999999995733372,383882.9133327413,False,pass
cross_condition,full_engineered_features_254,scalar,vib_2_clearance_factor,2.370914903408478e-10,1.000000000712875,3.6260598200972463,False,pass
cross_condition,full_engineered_features_254,scalar,vib_2_crest_factor,1.0265125675757992e-10,1.0000000019751083,1.622966411727888,False,pass
cross_condition,full_engineered_features_254,scalar,vib_2_dominant_frequency,1.367449642912244e-09,0.9999999968521563,1673.2850958728066,False,pass
cross_condition,full_engineered_features_254,scalar,vib_2_energy,-4.629079960843635e-10,0.99999999913161,224.9588054386601,False,pass
cross_condition,full_engineered_features_254,scalar,vib_2_envelope_band_energy,-5.262097837467688e-11,1.0000000001188212,300296.2307564629,False,pass
cross_condition,full_engineered_features_254,scalar,vib_2_envelope_kurtosis,1.3715048595121963e-10,0.9999999993122648,8.434302541503847,False,pass
cross_condition,full_engineered_features_254,scalar,vib_2_envelope_rms,2.7087938289622943e-10,1.0000000018852222,0.0861217502694109,False,pass
cross_condition,full_engineered_features_254,scalar,vib_2_envelope_spectrum_peak_amp,1.917620113892576e-11,0.9999999996729676,105.94900008276736,False,pass
cross_condition,full_engineered_features_254,scalar,vib_2_envelope_spectrum_peak_freq,8.52743188801307e-11,1.0000000013066117,341.3938473597669,False,pass
cross_condition,full_engineered_features_254,scalar,vib_2_high_frequency_ratio,-1.8127965904598443e-10,1.000000000503367,0.0339931783115403,False,pass
cross_condition,full_engineered_features_254,scalar,vib_2_impulse_factor,-4.2379165412273564e-10,0.9999999984234554,2.739785945438646,False,pass
cross_condition,full_engineered_features_254,scalar,vib_2_keyphase_angle_revolutions,-2.932457196410847e-09,0.9999999908374042,22.454505647160413,False,pass
cross_condition,full_engineered_features_254,scalar,vib_2_keyphase_estimated_rpm,8.816748638363443e-10,0.9999999995280012,2906.5807471593,False,pass
cross_condition,full_engineered_features_254,scalar,vib_2_keyphase_order_energy_0.5_1.5,-2.3744656089809607e-10,1.00000000108249,237.5243634185899,False,pass
cross_condition,full_engineered_features_254,scalar,vib_2_keyphase_order_energy_1.5_2.5,5.2306555625329156e-11,1.0000000006469083,73.22957119994805,False,pass
cross_condition,full_engineered_features_254,scalar,vib_2_keyphase_order_energy_10_20,-9.103674341190264e-11,1.0000000002645208,4472.67015224744,False,pass
cross_condition,full_engineered_features_254,scalar,vib_2_keyphase_order_energy_2.5_5,-3.129301379311425e-10,0.9999999996907644,189.1030123951944,False,pass
cross_condition,full_engineered_features_254,scalar,vib_2_keyphase_order_energy_20_50,4.992985438691367e-11,1.000000000369027,341650.51153820887,False,pass
cross_condition,full_engineered_features_254,scalar,vib_2_keyphase_order_energy_5_10,-1.4209412614664358e-10,0.9999999992748168,473.6768310215597,False,pass
cross_condition,full_engineered_features_254,scalar,vib_2_keyphase_order_entropy,-3.03113094561299e-10,0.9999999992515398,0.5905594208372391,False,pass
cross_condition,full_engineered_features_254,scalar,vib_2_keyphase_peak_order,-3.6270851945743882e-09,0.9999999992222828,28.198125845713346,False,pass
cross_condition,full_engineered_features_254,scalar,vib_2_keyphase_peak_order_amp,-2.3381455970981324e-10,1.0000000001210634,107.0431328726598,False,pass
cross_condition,full_engineered_features_254,scalar,vib_2_keyphase_pulse_count,-2.932457196410847e-09,0.9999999908374042,22.454505647160413,False,pass
cross_condition,full_engineered_features_254,scalar,vib_2_keyphase_rpm_std,-6.2062029521441e-11,0.9999999971021596,512.5045004870948,False,pass
cross_condition,full_engineered_features_254,scalar,vib_2_kurtosis,-5.39135786659117e-10,0.9999999989890794,4.874157552204771,False,pass
cross_condition,full_engineered_features_254,scalar,vib_2_mean,7.807965688174819e-11,1.000000000518525,1.7665936554705426e-05,False,pass
cross_condition,full_engineered_features_254,scalar,vib_2_order_energy_0.5_1.5,-1.1242227246259492e-10,0.9999999995095268,223.1574775746676,False,pass
cross_condition,full_engineered_features_254,scalar,vib_2_order_energy_1.5_2.5,4.701480879856937e-10,1.0000000020869704,50.547689707527866,False,pass
cross_condition,full_engineered_features_254,scalar,vib_2_order_energy_10_20,-3.6367294847606547e-10,0.999999998120379,6237.356828004558,False,pass
cross_condition,full_engineered_features_254,scalar,vib_2_order_energy_2.5_5,4.76421001163745e-10,1.000000000265121,119.73044347279452,False,pass
cross_condition,full_engineered_features_254,scalar,vib_2_order_energy_20_50,1.9147822393630544e-10,1.000000000444485,387003.8187818487,False,pass
cross_condition,full_engineered_features_254,scalar,vib_2_order_energy_5_10,1.1475115275053924e-10,0.9999999988845744,668.1677534134875,False,pass
cross_condition,full_engineered_features_254,scalar,vib_2_order_entropy,-6.449133380537475e-11,1.000000000334542,0.6718628981968416,False,pass
cross_condition,full_engineered_features_254,scalar,vib_2_peak,-2.6686959619922457e-10,1.000000000465425,0.2464298946233634,False,pass
cross_condition,full_engineered_features_254,scalar,vib_2_peak_order,-2.151024608952099e-09,0.9999999968694868,72.7469992071229,False,pass
cross_condition,full_engineered_features_254,scalar,vib_2_peak_order_amp,3.6002480771699856e-10,0.999999998895287,191.71615057740013,False,pass
cross_condition,full_engineered_features_254,scalar,vib_2_peak_to_peak,2.1057238225707912e-10,1.0000000008316396,0.4732006734292945,False,pass
cross_condition,full_engineered_features_254,scalar,vib_2_rms,6.376923745326059e-10,1.0000000030369858,0.0608937456736254,False,pass
cross_condition,full_engineered_features_254,scalar,vib_2_shape_factor,7.116713849114542e-11,0.99999999984541,0.0817727380930766,False,pass
cross_condition,full_engineered_features_254,scalar,vib_2_skewness,3.051732808837837e-10,1.0000000055051392,0.102583089269618,False,pass
cross_condition,full_engineered_features_254,scalar,vib_2_spectral_centroid,2.2774727661878775e-10,1.000000000937974,712.6891958592488,False,pass
cross_condition,full_engineered_features_254,scalar,vib_2_spectral_entropy,-6.449133380537475e-11,1.000000000334542,0.6718628981968416,False,pass
cross_condition,full_engineered_features_254,scalar,vib_2_spectral_kurtosis,-5.647439056364104e-10,0.9999999993767964,1113.985657984116,False,pass
cross_condition,full_engineered_features_254,scalar,vib_2_std,3.361836728596134e-10,1.0000000016525583,0.0608972737548157,False,pass
cross_condition,full_engineered_features_254,vibration,channel_0,-3.062524218229512e-13,1.000000000010093,0.0922824448248706,False,pass
cross_condition,full_engineered_features_254,vibration,channel_1,-1.6975496117416625e-12,0.99999999999783,0.0866519752119905,False,pass
cross_condition,full_engineered_features_254,vibration,channel_2,4.870300378347777e-12,1.0000000000062397,0.0835161940072752,False,pass
cross_condition,raw_8192,vibration_current,channel_0,-3.062524218229512e-13,1.000000000010093,0.0922824448248706,False,pass
cross_condition,raw_8192,vibration_current,channel_1,-1.6975496117416625e-12,0.99999999999783,0.0866519752119905,False,pass
cross_condition,raw_8192,vibration_current,channel_2,4.870300378347777e-12,1.0000000000062397,0.0835161940072752,False,pass
cross_condition,raw_8192,vibration_current,channel_3,3.40870603186427e-12,0.9999999999998842,0.202212833046758,False,pass
cross_condition,raw_8192,vibration_current,channel_4,-9.511509136081092e-13,0.9999999999939072,0.2015234415046897,False,pass
cross_condition,raw_8192,vibration_current,channel_5,-1.1763207466373428e-11,0.9999999999983727,0.2017546983284377,False,pass
cross_load,full_engineered_features_254,current,channel_0,-1.0953679313496213e-13,1.0000000000055285,0.1721606951269978,False,pass
cross_load,full_engineered_features_254,current,channel_1,-8.69829662892531e-13,0.9999999999980504,0.1715980511957615,False,pass
cross_load,full_engineered_features_254,current,channel_2,4.350837737883983e-12,1.0000000000106712,0.1717763239636307,False,pass
cross_load,full_engineered_features_254,scalar,cur_0_band_energy_0_500,-6.134381862155264e-12,1.0000000008722598,835979.365810091,False,pass
cross_load,full_engineered_features_254,scalar,cur_0_band_energy_2000_5000,-1.9216370737321512e-10,0.9999999998294063,6024.296318081089,False,pass
cross_load,full_engineered_features_254,scalar,cur_0_band_energy_500_2000,3.873186151983998e-10,1.000000000691695,392.86197517916094,False,pass
cross_load,full_engineered_features_254,scalar,cur_0_clearance_factor,-2.1640414716703423e-10,1.0000000001746785,0.3560943490974796,False,pass
cross_load,full_engineered_features_254,scalar,cur_0_crest_factor,-1.317347633103634e-10,1.000000003265871,0.0937752822914773,False,pass
cross_load,full_engineered_features_254,scalar,cur_0_dominant_frequency,8.88352581360134e-09,0.9999999968362246,13.715145642439536,False,pass
cross_load,full_engineered_features_254,scalar,cur_0_energy,1.3733926662522795e-10,1.0000000022533433,131.1959447301846,False,pass
cross_load,full_engineered_features_254,scalar,cur_0_high_frequency_ratio,5.285840939376605e-10,1.0000000010396524,9.215362004813649e-06,False,pass
cross_load,full_engineered_features_254,scalar,cur_0_impulse_factor,-7.817290773516692e-11,0.9999999974908964,0.1690027111863815,False,pass
cross_load,full_engineered_features_254,scalar,cur_0_kurtosis,7.736622807690693e-11,1.0000000037022032,0.1407305762292053,False,pass
cross_load,full_engineered_features_254,scalar,cur_0_mean,1.4456034222672224e-10,1.0000000001854443,0.0023075465208436,False,pass
cross_load,full_engineered_features_254,scalar,cur_0_order_energy_0.5_1.5,1.8502403946787443e-10,1.0000000004721146,1032739.4257765056,False,pass
cross_load,full_engineered_features_254,scalar,cur_0_order_energy_1.5_2.5,2.641964050678881e-10,1.0000000002385911,5102.444704874432,False,pass
cross_load,full_engineered_features_254,scalar,cur_0_order_energy_10_20,3.6391743308534906e-11,1.000000000645461,476.534976881949,False,pass
cross_load,full_engineered_features_254,scalar,cur_0_order_energy_2.5_5,1.2558068519423283e-09,1.0000000006784264,2199.299423651838,False,pass
cross_load,full_engineered_features_254,scalar,cur_0_order_energy_20_50,-1.5619278842882618e-10,0.999999999180576,291.1649783875433,False,pass
cross_load,full_engineered_features_254,scalar,cur_0_order_energy_5_10,3.48827532164182e-10,1.0000000030017149,1735.2495543713983,False,pass
cross_load,full_engineered_features_254,scalar,cur_0_order_entropy,-1.7530682233213946e-10,1.000000000236565,0.4391704104115001,False,pass
cross_load,full_engineered_features_254,scalar,cur_0_peak,-2.1899365163504623e-10,0.999999998156449,0.0395106583966465,False,pass
cross_load,full_engineered_features_254,scalar,cur_0_peak_order,7.167786624217715e-09,0.9999999909496482,0.2011407365470804,False,pass
cross_load,full_engineered_features_254,scalar,cur_0_peak_order_amp,2.6844529651724856e-10,0.999999998046394,286.1483021575892,False,pass
cross_load,full_engineered_features_254,scalar,cur_0_peak_to_peak,2.8580549706203286e-10,1.0000000024401003,0.0789339400531624,False,pass
cross_load,full_engineered_features_254,scalar,cur_0_rms,-8.367530584875206e-11,1.0000000007876118,0.0234595054293267,False,pass
cross_load,full_engineered_features_254,scalar,cur_0_shape_factor,-2.8252154272889785e-10,0.9999999924199354,0.0244378034941791,False,pass
cross_load,full_engineered_features_254,scalar,cur_0_skewness,-1.0553007797594236e-10,1.0000000039068304,0.051011818493103,False,pass
cross_load,full_engineered_features_254,scalar,cur_0_spectral_centroid,4.994420067205501e-11,0.999999999943834,21.476040844212115,False,pass
cross_load,full_engineered_features_254,scalar,cur_0_spectral_entropy,-1.7530682233213946e-10,1.000000000236565,0.4391704104115001,False,pass
cross_load,full_engineered_features_254,scalar,cur_0_spectral_kurtosis,-9.860679987148355e-12,0.999999999155154,1071.7097505092324,False,pass
cross_load,full_engineered_features_254,scalar,cur_0_std,-6.819476753842382e-11,0.9999999981325354,0.0234861074833246,False,pass
cross_load,full_engineered_features_254,scalar,cur_1_band_energy_0_500,5.0294339693785866e-11,1.000000000197476,809794.8187351419,False,pass
cross_load,full_engineered_features_254,scalar,cur_1_band_energy_2000_5000,-1.478241220963773e-10,1.000000000230332,6139.732162522254,False,pass
cross_load,full_engineered_features_254,scalar,cur_1_band_energy_500_2000,-5.93741334478346e-10,0.999999998859832,388.2547236237775,False,pass
cross_load,full_engineered_features_254,scalar,cur_1_clearance_factor,-2.930360247732688e-10,0.999999992061937,0.3756470472235114,False,pass
cross_load,full_engineered_features_254,scalar,cur_1_crest_factor,4.986039445635432e-10,1.000000012221253,0.0964461194326702,False,pass
cross_load,full_engineered_features_254,scalar,cur_1_dominant_frequency,-1.6575277027941205e-08,0.9999999854277596,13.719199501240038,False,pass
cross_load,full_engineered_features_254,scalar,cur_1_energy,-4.6793397797888e-10,0.9999999958073932,127.07782440812645,False,pass
cross_load,full_engineered_features_254,scalar,cur_1_high_frequency_ratio,-6.465512056073837e-10,0.9999999997555828,9.093904696644657e-06,False,pass
cross_load,full_engineered_features_254,scalar,cur_1_impulse_factor,6.982295882161334e-10,1.000000013196619,0.1894542447808247,False,pass
cross_load,full_engineered_features_254,scalar,cur_1_kurtosis,1.4375964018727108e-10,1.0000000150075807,0.1638753230198605,False,pass
cross_load,full_engineered_features_254,scalar,cur_1_mean,-9.783568704513647e-11,0.9999999985165448,0.0023579742676034,False,pass
cross_load,full_engineered_features_254,scalar,cur_1_order_energy_0.5_1.5,-1.4297507771860406e-10,1.0000000006235104,1008949.5727474352,False,pass
cross_load,full_engineered_features_254,scalar,cur_1_order_energy_1.5_2.5,-1.0052920208042324e-10,0.999999999621216,5051.820625194429,False,pass
cross_load,full_engineered_features_254,scalar,cur_1_order_energy_10_20,1.2371279886883026e-11,0.9999999995353186,474.9169700504963,False,pass
cross_load,full_engineered_features_254,scalar,cur_1_order_energy_2.5_5,1.1626050149978451e-10,0.9999999996877896,2190.26250457643,False,pass
cross_load,full_engineered_features_254,scalar,cur_1_order_energy_20_50,9.695697708022936e-11,0.9999999999980488,289.9909652424415,False,pass
cross_load,full_engineered_features_254,scalar,cur_1_order_energy_5_10,9.37481913036161e-11,1.000000000432759,1591.5940295234818,False,pass
cross_load,full_engineered_features_254,scalar,cur_1_order_entropy,2.9304678448712477e-11,1.0000000003805165,0.4392392422540226,False,pass
cross_load,full_engineered_features_254,scalar,cur_1_peak,-2.4370512779100606e-10,0.9999999999280031,0.038775175487387,False,pass
cross_load,full_engineered_features_254,scalar,cur_1_peak_order,2.7502019899752514e-09,1.00000000035602,0.2013835580613439,False,pass
cross_load,full_engineered_features_254,scalar,cur_1_peak_order_amp,-5.34026118101276e-10,0.9999999986965522,282.3423424530012,False,pass
cross_load,full_engineered_features_254,scalar,cur_1_peak_to_peak,-5.930739333383333e-10,0.9999999979891993,0.0774626766968542,False,pass
cross_load,full_engineered_features_254,scalar,cur_1_rms,6.128524356124312e-10,1.0000000028828542,0.0229983062210416,False,pass
cross_load,full_engineered_features_254,scalar,cur_1_shape_factor,-4.30980189061839e-10,0.9999999898979154,0.0262515992674732,False,pass
cross_load,full_engineered_features_254,scalar,cur_1_skewness,-2.5341756283169393e-10,1.000000015127628,0.0568054882389182,False,pass
cross_load,full_engineered_features_254,scalar,cur_1_spectral_centroid,6.499441020433111e-10,1.000000000459058,21.88650719480809,False,pass
cross_load,full_engineered_features_254,scalar,cur_1_spectral_entropy,2.9304678448712477e-11,1.0000000003805165,0.4392392422540226,False,pass
cross_load,full_engineered_features_254,scalar,cur_1_spectral_kurtosis,5.649854014362899e-10,0.9999999990537032,1068.7609194404315,False,pass
cross_load,full_engineered_features_254,scalar,cur_1_std,-3.5808925474667937e-11,0.9999999998889249,0.0230403159415976,False,pass
cross_load,full_engineered_features_254,scalar,cur_2_band_energy_0_500,-3.4499229193639686e-10,0.9999999997332132,817704.8944860984,False,pass
cross_load,full_engineered_features_254,scalar,cur_2_band_energy_2000_5000,-3.1997954379246887e-10,0.9999999995154852,6312.055845708444,False,pass
cross_load,full_engineered_features_254,scalar,cur_2_band_energy_500_2000,-1.2743565986300824e-10,0.9999999991045432,389.332108039332,False,pass
cross_load,full_engineered_features_254,scalar,cur_2_clearance_factor,-6.875481064462891e-10,0.9999999836184956,0.3027411502742985,False,pass
cross_load,full_engineered_features_254,scalar,cur_2_crest_factor,-3.1468098248026696e-10,1.0000000009376984,0.0885024003463473,False,pass
cross_load,full_engineered_features_254,scalar,cur_2_dominant_frequency,4.7260871499218605e-09,0.9999999914622844,13.718642021609138,False,pass
cross_load,full_engineered_features_254,scalar,cur_2_energy,-3.3557574902674915e-10,0.9999999982549528,128.3449163204228,False,pass
cross_load,full_engineered_features_254,scalar,cur_2_high_frequency_ratio,-2.2671075751732592e-10,1.0000000004346294,9.1808285029772e-06,False,pass
cross_load,full_engineered_features_254,scalar,cur_2_impulse_factor,-1.1026973192951287e-10,0.9999999944214084,0.1583763330638696,False,pass
cross_load,full_engineered_features_254,scalar,cur_2_kurtosis,6.63913199437811e-11,0.9999999991136528,0.1228713147937992,False,pass
cross_load,full_engineered_features_254,scalar,cur_2_mean,-1.3887353457288276e-11,0.9999999987909156,0.0022789733046774,False,pass
cross_load,full_engineered_features_254,scalar,cur_2_order_energy_0.5_1.5,4.285698637176234e-10,1.000000001178277,1016253.7199785447,False,pass
cross_load,full_engineered_features_254,scalar,cur_2_order_energy_1.5_2.5,-2.6828390080940846e-10,0.9999999998648426,5036.3263711183645,False,pass
cross_load,full_engineered_features_254,scalar,cur_2_order_energy_10_20,3.4576340476274394e-10,1.000000000686795,468.8102365578147,False,pass
cross_load,full_engineered_features_254,scalar,cur_2_order_energy_2.5_5,-4.845027417933671e-10,0.9999999989578332,2172.792166706932,False,pass
cross_load,full_engineered_features_254,scalar,cur_2_order_energy_20_50,-1.6443712029005008e-10,0.9999999994243278,285.18879068629747,False,pass
cross_load,full_engineered_features_254,scalar,cur_2_order_energy_5_10,-1.2894859518353882e-10,1.0000000026124596,1562.9775409591657,False,pass
cross_load,full_engineered_features_254,scalar,cur_2_order_entropy,-1.9426065605137448e-10,0.9999999998357356,0.4392840559590896,False,pass
cross_load,full_engineered_features_254,scalar,cur_2_peak,4.1126376062305967e-10,1.0000000002452378,0.0389094725790895,False,pass
cross_load,full_engineered_features_254,scalar,cur_2_peak_order,6.378779198204339e-09,1.0000000030615583,0.2013017684332987,False,pass
cross_load,full_engineered_features_254,scalar,cur_2_peak_order_amp,-4.359310023998337e-10,0.9999999996449144,283.51722480085874,False,pass
cross_load,full_engineered_features_254,scalar,cur_2_peak_to_peak,-8.731627346524823e-11,0.9999999991439664,0.0775233827855298,False,pass
cross_load,full_engineered_features_254,scalar,cur_2_rms,1.7293251214124755e-10,1.000000001901569,0.0230909475849601,False,pass
cross_load,full_engineered_features_254,scalar,cur_2_shape_factor,9.569495230920202e-12,1.0000000061720171,0.0244200238789267,False,pass
cross_load,full_engineered_features_254,scalar,cur_2_skewness,-6.151601140336628e-10,0.999999993079688,0.0489916596834752,False,pass
cross_load,full_engineered_features_254,scalar,cur_2_spectral_centroid,-3.0684910631685657e-10,1.0000000003376754,22.02240671706324,False,pass
cross_load,full_engineered_features_254,scalar,cur_2_spectral_entropy,-1.9426065605137448e-10,0.9999999998357356,0.4392840559590896,False,pass
cross_load,full_engineered_features_254,scalar,cur_2_spectral_kurtosis,2.1208591533949055e-10,0.9999999999336558,1071.9231079069702,False,pass
cross_load,full_engineered_features_254,scalar,cur_2_std,-1.9486835572353344e-10,1.000000000454537,0.0231182788041665,False,pass
cross_load,full_engineered_features_254,scalar,key_phase_0_clearance_factor,1.6481012370372502e-10,1.0000000007920349,61.09554882648129,False,pass
cross_load,full_engineered_features_254,scalar,key_phase_0_crest_factor,6.40265141667953e-10,1.0000000004482104,1.3122128094711518,False,pass
cross_load,full_engineered_features_254,scalar,key_phase_0_energy,-2.025695461957344e-10,1.0000000026616696,8040.380110434461,False,pass
cross_load,full_engineered_features_254,scalar,key_phase_0_impulse_factor,-2.9461531166257803e-10,0.999999999709605,9.781745676511296,False,pass
cross_load,full_engineered_features_254,scalar,key_phase_0_kurtosis,-3.8348576601813804e-10,1.0000000010077008,10.124606612771656,False,pass
cross_load,full_engineered_features_254,scalar,key_phase_0_mean,-5.507060656256085e-11,1.0000000011044428,0.1737184056941129,False,pass
cross_load,full_engineered_features_254,scalar,key_phase_0_peak,7.292455842095967e-11,0.9999999947368388,0.1627602997983031,False,pass
cross_load,full_engineered_features_254,scalar,key_phase_0_peak_to_peak,1.3471714677458989e-10,0.999999997660614,0.1843929700360744,False,pass
cross_load,full_engineered_features_254,scalar,key_phase_0_rms,2.1443870610267046e-10,1.0000000004870335,0.2892093755152606,False,pass
cross_load,full_engineered_features_254,scalar,key_phase_0_shape_factor,-1.2647684980606194e-10,1.0000000003132308,0.9835143343664589,False,pass
cross_load,full_engineered_features_254,scalar,key_phase_0_skewness,-3.7330946775788036e-10,1.0000000003812264,1.3143257104937571,False,pass
cross_load,full_engineered_features_254,scalar,key_phase_0_std,-4.9595107733615714e-11,0.9999999999580698,0.2477027930382139,False,pass
cross_load,full_engineered_features_254,scalar,load_nm,0.0,0.0,1.0,True,pass
cross_load,full_engineered_features_254,scalar,rpm_nominal,-2.4652656386880312e-08,0.999999999801807,785.3547013422757,False,pass
cross_load,full_engineered_features_254,scalar,torque_0_clearance_factor,3.44097330320353e-10,1.0000000060339744,0.1697172123044658,False,pass
cross_load,full_engineered_features_254,scalar,torque_0_crest_factor,-6.952792597327698e-11,0.999999995899381,0.0619922224746339,False,pass
cross_load,full_engineered_features_254,scalar,torque_0_energy,1.5264447390386787e-10,1.000000001709745,1380.0405976203883,False,pass
cross_load,full_engineered_features_254,scalar,torque_0_impulse_factor,1.4362066054996438e-10,1.0000000029171348,0.1061306141222378,False,pass
cross_load,full_engineered_features_254,scalar,torque_0_kurtosis,8.388806237820167e-11,1.000000004850446,17.210568287084605,False,pass
cross_load,full_engineered_features_254,scalar,torque_0_mean,-5.281871800487503e-10,0.9999999977358476,0.1148147130833912,False,pass
cross_load,full_engineered_features_254,scalar,torque_0_peak,-5.387269175325888e-11,0.999999998882329,0.115961758369428,False,pass
cross_load,full_engineered_features_254,scalar,torque_0_peak_to_peak,3.8682546164666616e-10,1.0000000019722062,0.0173999684259707,False,pass
cross_load,full_engineered_features_254,scalar,torque_0_rms,-4.774010317674626e-10,0.9999999984561512,0.1147540874970709,False,pass
cross_load,full_engineered_features_254,scalar,torque_0_shape_factor,-1.9853561085274464e-10,0.9999999903123687,0.0203889848572749,False,pass
cross_load,full_engineered_features_254,scalar,torque_0_skewness,1.0803350473310635e-10,0.9999999937200406,0.4939163305378038,False,pass
cross_load,full_engineered_features_254,scalar,torque_0_std,3.3869068618806276e-10,1.0000000046632107,0.0054365503702153,False,pass
cross_load,full_engineered_features_254,scalar,vib_0_band_energy_0_500,1.0685113173270747e-10,0.9999999998645008,5601.632306445709,False,pass
cross_load,full_engineered_features_254,scalar,vib_0_band_energy_2000_5000,4.3957017673068716e-10,1.000000002146595,11093143.057310876,False,pass
cross_load,full_engineered_features_254,scalar,vib_0_band_energy_500_2000,-6.261794807066797e-11,0.9999999997270992,417896.4334175818,False,pass
cross_load,full_engineered_features_254,scalar,vib_0_clearance_factor,6.758534930085728e-11,1.0000000008181666,1.8787272191101445,False,pass
cross_load,full_engineered_features_254,scalar,vib_0_crest_factor,2.8124696495837184e-10,1.0000000017861976,0.8529343994164469,False,pass
cross_load,full_engineered_features_254,scalar,vib_0_dominant_frequency,1.2731849853435395e-10,0.9999999992425366,540.339166305399,False,pass
cross_load,full_engineered_features_254,scalar,vib_0_energy,5.2126031537300616e-11,1.000000000239043,1739.6880848393057,False,pass
cross_load,full_engineered_features_254,scalar,vib_0_envelope_band_energy,1.0221249953700726e-10,1.000000000947482,2731258.593272018,False,pass
cross_load,full_engineered_features_254,scalar,vib_0_envelope_kurtosis,1.8930999215385002e-10,1.000000010836174,2.299892323028243,False,pass
cross_load,full_engineered_features_254,scalar,vib_0_envelope_rms,3.3932072721052004e-10,1.0000000008018666,0.2085029646681229,False,pass
cross_load,full_engineered_features_254,scalar,vib_0_envelope_spectrum_peak_amp,-6.67790880759139e-10,0.99999999762529,206.78826850053045,False,pass
cross_load,full_engineered_features_254,scalar,vib_0_envelope_spectrum_peak_freq,-4.969275811447777e-09,1.0000000021569944,324.2694125922879,False,pass
cross_load,full_engineered_features_254,scalar,vib_0_high_frequency_ratio,4.54310984713415e-10,1.0000000003585463,0.0037731110159606,False,pass
cross_load,full_engineered_features_254,scalar,vib_0_impulse_factor,-5.283258608051166e-11,0.999999998480796,1.3936143168109876,False,pass
cross_load,full_engineered_features_254,scalar,vib_0_keyphase_angle_revolutions,3.706467972356474e-09,1.0000000007860894,16.159218040830094,False,pass
cross_load,full_engineered_features_254,scalar,vib_0_keyphase_estimated_rpm,-5.0514465506423314e-11,1.0000000115778584,1799.8875183266791,False,pass
cross_load,full_engineered_features_254,scalar,vib_0_keyphase_order_energy_0.5_1.5,8.4193565399483e-11,0.9999999998535144,3167.4751617202965,False,pass
cross_load,full_engineered_features_254,scalar,vib_0_keyphase_order_energy_1.5_2.5,2.8070897926557147e-10,1.0000000001958145,128.82014559711828,False,pass
cross_load,full_engineered_features_254,scalar,vib_0_keyphase_order_energy_10_20,-6.483994853430934e-10,0.9999999967597056,8521.724292594748,False,pass
cross_load,full_engineered_features_254,scalar,vib_0_keyphase_order_energy_2.5_5,-7.068235360574426e-11,0.9999999991482654,520.6881902934126,False,pass
cross_load,full_engineered_features_254,scalar,vib_0_keyphase_order_energy_20_50,2.643398679193015e-10,1.000000001593059,7955631.594436094,False,pass
cross_load,full_engineered_features_254,scalar,vib_0_keyphase_order_energy_5_10,-2.780375814198777e-10,0.999999999274274,628.1216191351737,False,pass
cross_load,full_engineered_features_254,scalar,vib_0_keyphase_order_entropy,4.767294462942838e-10,0.9999999999650276,0.5718148480529069,False,pass
cross_load,full_engineered_features_254,scalar,vib_0_keyphase_peak_order,2.130863296233468e-09,0.999999998287504,31.157607347229355,False,pass
cross_load,full_engineered_features_254,scalar,vib_0_keyphase_peak_order_amp,-5.839224978228601e-10,0.9999999959891704,542.1976171357053,False,pass
cross_load,full_engineered_features_254,scalar,vib_0_keyphase_pulse_count,3.706467972356474e-09,1.0000000007860894,16.159218040830094,False,pass
cross_load,full_engineered_features_254,scalar,vib_0_keyphase_rpm_std,-3.395454856777344e-10,0.9999999929946838,338.3512187993073,False,pass
cross_load,full_engineered_features_254,scalar,vib_0_kurtosis,2.582761713995614e-10,1.000000000906041,1.7917502315552605,False,pass
cross_load,full_engineered_features_254,scalar,vib_0_mean,-4.2656287820253794e-12,0.999999999563615,4.967542423446835e-05,False,pass
cross_load,full_engineered_features_254,scalar,vib_0_order_energy_0.5_1.5,1.0700894086926226e-10,1.0000000002143803,3307.796997559916,False,pass
cross_load,full_engineered_features_254,scalar,vib_0_order_energy_1.5_2.5,1.7133290134798804e-10,1.00000000068996,145.5594630704707,False,pass
cross_load,full_engineered_features_254,scalar,vib_0_order_energy_10_20,-3.4124552046698325e-10,0.9999999982294996,9500.383899327631,False,pass
cross_load,full_engineered_features_254,scalar,vib_0_order_energy_2.5_5,4.931726801137841e-10,1.000000001576057,563.2962436600918,False,pass
cross_load,full_engineered_features_254,scalar,vib_0_order_energy_20_50,-3.8541773241717206e-10,0.9999999980354096,10454565.431130264,False,pass
cross_load,full_engineered_features_254,scalar,vib_0_order_energy_5_10,-7.150188514444337e-11,0.9999999996709598,1343.7830490895888,False,pass
cross_load,full_engineered_features_254,scalar,vib_0_order_entropy,1.7558418384487206e-10,0.9999999996607574,0.929028586870953,False,pass
cross_load,full_engineered_features_254,scalar,vib_0_peak,-6.060337097969517e-10,0.9999999992010478,0.4473313689907965,False,pass
cross_load,full_engineered_features_254,scalar,vib_0_peak_order,2.1015107968342842e-09,0.9999999994217884,32.848713040848736,False,pass
cross_load,full_engineered_features_254,scalar,vib_0_peak_order_amp,5.710538800510771e-11,0.9999999995133882,698.5935716188856,False,pass
cross_load,full_engineered_features_254,scalar,vib_0_peak_to_peak,2.798852633937062e-10,1.000000002365704,0.8742511421141663,False,pass
cross_load,full_engineered_features_254,scalar,vib_0_rms,5.107707898871621e-10,1.0000000032342569,0.1474218177062673,False,pass
cross_load,full_engineered_features_254,scalar,vib_0_shape_factor,1.7094076955412468e-10,0.9999999993737236,0.0700091541910865,False,pass
cross_load,full_engineered_features_254,scalar,vib_0_skewness,8.410904186952525e-10,0.999999997749324,0.0693479041200224,False,pass
cross_load,full_engineered_features_254,scalar,vib_0_spectral_centroid,-2.7353688277819256e-10,1.0000000007713106,316.91770532150593,False,pass
cross_load,full_engineered_features_254,scalar,vib_0_spectral_entropy,1.7558418384487206e-10,0.9999999996607574,0.929028586870953,False,pass
cross_load,full_engineered_features_254,scalar,vib_0_spectral_kurtosis,3.691227435441323e-10,1.0000000001631593,1604.536463886996,False,pass
cross_load,full_engineered_features_254,scalar,vib_0_std,5.709462829125171e-10,1.0000000021294102,0.1474338603703142,False,pass
cross_load,full_engineered_features_254,scalar,vib_1_band_energy_0_500,-2.737271204967856e-11,1.0000000002167069,647.2814156884144,False,pass
cross_load,full_engineered_features_254,scalar,vib_1_band_energy_2000_5000,5.173079138165665e-10,1.000000002243586,422246.86651110806,False,pass
cross_load,full_engineered_features_254,scalar,vib_1_band_energy_500_2000,-2.9551554105519715e-10,0.9999999998745652,600718.8379684481,False,pass
cross_load,full_engineered_features_254,scalar,vib_1_clearance_factor,-2.9652575863389994e-11,0.999999997871302,2.617092310065352,False,pass
cross_load,full_engineered_features_254,scalar,vib_1_crest_factor,1.6418785358571928e-10,1.0000000016598187,1.0787067454698784,False,pass
cross_load,full_engineered_features_254,scalar,vib_1_dominant_frequency,4.854094270142998e-09,0.9999999916586816,418.3584002810376,False,pass
cross_load,full_engineered_features_254,scalar,vib_1_energy,-3.0010993887171164e-10,1.0000000006908352,140.49236563002293,False,pass
cross_load,full_engineered_features_254,scalar,vib_1_envelope_band_energy,3.5469516278699035e-10,1.0000000006597851,246947.77320629123,False,pass
cross_load,full_engineered_features_254,scalar,vib_1_envelope_kurtosis,4.902627752776152e-10,1.0000000069490305,2.097424588163268,False,pass
cross_load,full_engineered_features_254,scalar,vib_1_envelope_rms,-4.2074785062524763e-10,0.9999999986879914,0.0735919277580699,False,pass
cross_load,full_engineered_features_254,scalar,vib_1_envelope_spectrum_peak_amp,-1.2724198501360014e-10,0.9999999998466808,95.52807870449332,False,pass
cross_load,full_engineered_features_254,scalar,vib_1_envelope_spectrum_peak_freq,5.460004840992487e-09,0.9999999997472584,190.7325311889497,False,pass
cross_load,full_engineered_features_254,scalar,vib_1_high_frequency_ratio,-1.2129574870345475e-10,0.9999999989811432,0.0038169269574475,False,pass
cross_load,full_engineered_features_254,scalar,vib_1_impulse_factor,-7.42159631884327e-10,0.999999999289355,1.8867921932861795,False,pass
cross_load,full_engineered_features_254,scalar,vib_1_keyphase_angle_revolutions,3.706467972356474e-09,1.0000000007860894,16.159218040830094,False,pass
cross_load,full_engineered_features_254,scalar,vib_1_keyphase_estimated_rpm,-5.0514465506423314e-11,1.0000000115778584,1799.8875183266791,False,pass
cross_load,full_engineered_features_254,scalar,vib_1_keyphase_order_energy_0.5_1.5,3.329282616562909e-10,1.0000000004279854,96.58943362904496,False,pass
cross_load,full_engineered_features_254,scalar,vib_1_keyphase_order_energy_1.5_2.5,4.727755503331422e-10,1.0000000013627215,237.54646199229165,False,pass
cross_load,full_engineered_features_254,scalar,vib_1_keyphase_order_energy_10_20,-4.567857189002962e-10,0.999999997906866,15003.883544134464,False,pass
cross_load,full_engineered_features_254,scalar,vib_1_keyphase_order_energy_2.5_5,6.450699516665402e-10,1.000000000856572,109.5725989796008,False,pass
cross_load,full_engineered_features_254,scalar,vib_1_keyphase_order_energy_20_50,4.444060703470808e-10,1.0000000011366876,589491.5107621469,False,pass
cross_load,full_engineered_features_254,scalar,vib_1_keyphase_order_energy_5_10,-5.484728272386064e-10,0.9999999989154243,389.9943130419354,False,pass
cross_load,full_engineered_features_254,scalar,vib_1_keyphase_order_entropy,2.6330215329407776e-10,1.0000000002085756,1.1535775936071968,False,pass
cross_load,full_engineered_features_254,scalar,vib_1_keyphase_peak_order,-1.3762104410385562e-08,1.0000000111277478,23.639668258993,False,pass
cross_load,full_engineered_features_254,scalar,vib_1_keyphase_peak_order_amp,2.7366973535622017e-10,1.0000000003693337,252.5478287844357,False,pass
cross_load,full_engineered_features_254,scalar,vib_1_keyphase_pulse_count,3.706467972356474e-09,1.0000000007860894,16.159218040830094,False,pass
cross_load,full_engineered_features_254,scalar,vib_1_keyphase_rpm_std,-3.395454856777344e-10,0.9999999929946838,338.3512187993073,False,pass
cross_load,full_engineered_features_254,scalar,vib_1_kurtosis,-4.976373636021454e-10,0.9999999934089392,1.9222596609939409,False,pass
cross_load,full_engineered_features_254,scalar,vib_1_mean,-6.065489805382781e-11,0.999999999964713,4.008313514038958e-05,False,pass
cross_load,full_engineered_features_254,scalar,vib_1_order_energy_0.5_1.5,-4.828959578575367e-10,1.0000000000172098,105.35229777840831,False,pass
cross_load,full_engineered_features_254,scalar,vib_1_order_energy_1.5_2.5,1.795150659735995e-10,1.000000000422805,255.80838990219928,False,pass
cross_load,full_engineered_features_254,scalar,vib_1_order_energy_10_20,3.0229535630824256e-10,1.0000000036345518,37506.47187893924,False,pass
cross_load,full_engineered_features_254,scalar,vib_1_order_energy_2.5_5,2.696647307542626e-10,1.0000000001427731,115.3522065560085,False,pass
cross_load,full_engineered_features_254,scalar,vib_1_order_energy_20_50,1.7044582271674844e-11,1.000000000909007,795407.9860614311,False,pass
cross_load,full_engineered_features_254,scalar,vib_1_order_energy_5_10,-2.56114664438266e-10,0.9999999993604076,427.76250965339744,False,pass
cross_load,full_engineered_features_254,scalar,vib_1_order_entropy,-3.2075782976138656e-10,1.0000000000633942,1.195583697594412,False,pass
cross_load,full_engineered_features_254,scalar,vib_1_peak,1.8218168172424622e-10,0.9999999999252348,0.1748092934483807,False,pass
cross_load,full_engineered_features_254,scalar,vib_1_peak_order,-3.6887168355415886e-10,1.000000004686826,23.54503450987438,False,pass
cross_load,full_engineered_features_254,scalar,vib_1_peak_order_amp,3.629610140759264e-11,1.0000000000944436,294.1847866750526,False,pass
cross_load,full_engineered_features_254,scalar,vib_1_peak_to_peak,5.874755944428654e-10,0.9999999993115344,0.3348518248160357,False,pass
cross_load,full_engineered_features_254,scalar,vib_1_rms,1.1670224752976163e-10,0.9999999994146814,0.0520368362491241,False,pass
cross_load,full_engineered_features_254,scalar,vib_1_shape_factor,8.652280434455587e-10,1.000000000968592,0.0830515499732628,False,pass
cross_load,full_engineered_features_254,scalar,vib_1_skewness,-5.156706440248112e-10,0.9999999987001874,0.0619649221599537,False,pass
cross_load,full_engineered_features_254,scalar,vib_1_spectral_centroid,-2.3243851186000632e-10,0.9999999999685464,331.49255119901284,False,pass
cross_load,full_engineered_features_254,scalar,vib_1_spectral_entropy,-3.2075782976138656e-10,1.0000000000633942,1.195583697594412,False,pass
cross_load,full_engineered_features_254,scalar,vib_1_spectral_kurtosis,4.036674026407196e-10,1.000000000121727,1988.683256231072,False,pass
cross_load,full_engineered_features_254,scalar,vib_1_std,-1.8561223715866936e-10,0.9999999991316212,0.0520373512200197,False,pass
cross_load,full_engineered_features_254,scalar,vib_2_band_energy_0_500,-2.5188505080956417e-10,0.9999999922858204,26118.30341993728,False,pass
cross_load,full_engineered_features_254,scalar,vib_2_band_energy_2000_5000,1.1075810338619936e-10,0.9999999999274156,1291421.9369582436,False,pass
cross_load,full_engineered_features_254,scalar,vib_2_band_energy_500_2000,-1.7758773222914246e-10,0.9999999989074326,94789.8374434747,False,pass
cross_load,full_engineered_features_254,scalar,vib_2_clearance_factor,5.87671660339797e-11,1.0000000021646296,2.4877578512318754,False,pass
cross_load,full_engineered_features_254,scalar,vib_2_crest_factor,-2.6738964903559823e-10,0.999999999548228,1.1384402092522097,False,pass
cross_load,full_engineered_features_254,scalar,vib_2_dominant_frequency,-1.2315616300534622e-09,1.0000000017006494,1595.3521946865908,False,pass
cross_load,full_engineered_features_254,scalar,vib_2_energy,-4.3649768066291664e-11,0.999999999664336,225.2597565348647,False,pass
cross_load,full_engineered_features_254,scalar,vib_2_envelope_band_energy,-4.4875179922114535e-11,1.0000000000696685,376397.39585216646,False,pass
cross_load,full_engineered_features_254,scalar,vib_2_envelope_kurtosis,-3.711085085124463e-10,0.9999999875812406,4.738190117411182,False,pass
cross_load,full_engineered_features_254,scalar,vib_2_envelope_rms,-1.4674336861572958e-10,1.0000000000002465,0.0920611159524207,False,pass
cross_load,full_engineered_features_254,scalar,vib_2_envelope_spectrum_peak_amp,3.23760985450974e-10,1.000000000440382,152.17973213757438,False,pass
cross_load,full_engineered_features_254,scalar,vib_2_envelope_spectrum_peak_freq,1.2409727931061814e-09,1.0000000102870037,383.3234029645403,False,pass
cross_load,full_engineered_features_254,scalar,vib_2_high_frequency_ratio,-2.335240474357011e-10,1.0000000002002594,0.041689019903587,False,pass
cross_load,full_engineered_features_254,scalar,vib_2_impulse_factor,-2.1034045064729407e-10,0.999999995381022,1.8683198037837243,False,pass
cross_load,full_engineered_features_254,scalar,vib_2_keyphase_angle_revolutions,3.706467972356474e-09,1.0000000007860894,16.159218040830094,False,pass
cross_load,full_engineered_features_254,scalar,vib_2_keyphase_estimated_rpm,-5.0514465506423314e-11,1.0000000115778584,1799.8875183266791,False,pass
cross_load,full_engineered_features_254,scalar,vib_2_keyphase_order_energy_0.5_1.5,1.9611670669153544e-10,1.0000000025955844,2550.41323858342,False,pass
cross_load,full_engineered_features_254,scalar,vib_2_keyphase_order_energy_1.5_2.5,5.967217752164597e-11,0.9999999989983712,858.1504383556214,False,pass
cross_load,full_engineered_features_254,scalar,vib_2_keyphase_order_energy_10_20,2.9660466320217726e-10,1.0000000002816858,8841.36696089284,False,pass
cross_load,full_engineered_features_254,scalar,vib_2_keyphase_order_energy_2.5_5,2.5307803408334885e-10,1.0000000057275102,790.0038966233611,False,pass
cross_load,full_engineered_features_254,scalar,vib_2_keyphase_order_energy_20_50,-3.0827297511713465e-10,0.9999999984788588,221216.5643495641,False,pass
cross_load,full_engineered_features_254,scalar,vib_2_keyphase_order_energy_5_10,4.2797837833648367e-10,1.000000004855705,661.7977625193688,False,pass
cross_load,full_engineered_features_254,scalar,vib_2_keyphase_order_entropy,-2.5653548880241198e-11,1.0000000002268952,0.4782826642766484,False,pass
cross_load,full_engineered_features_254,scalar,vib_2_keyphase_peak_order,5.837828606474842e-09,0.9999999976712723,26.97909668321244,False,pass
cross_load,full_engineered_features_254,scalar,vib_2_keyphase_peak_order_amp,3.201564813092121e-10,1.0000000001479767,136.49914548340192,False,pass
cross_load,full_engineered_features_254,scalar,vib_2_keyphase_pulse_count,3.706467972356474e-09,1.0000000007860894,16.159218040830094,False,pass
cross_load,full_engineered_features_254,scalar,vib_2_keyphase_rpm_std,-3.395454856777344e-10,0.9999999929946838,338.3512187993073,False,pass
cross_load,full_engineered_features_254,scalar,vib_2_kurtosis,3.1381661880050115e-10,1.0000000045332524,2.7333484148639853,False,pass
cross_load,full_engineered_features_254,scalar,vib_2_mean,9.35318015027342e-12,1.000000009832594,0.0007529817169619,False,pass
cross_load,full_engineered_features_254,scalar,vib_2_order_energy_0.5_1.5,3.91364267608258e-10,1.000000009292619,2706.9153373681265,False,pass
cross_load,full_engineered_features_254,scalar,vib_2_order_energy_1.5_2.5,-1.4394016427529968e-10,1.0000000014787531,907.3034406607292,False,pass
cross_load,full_engineered_features_254,scalar,vib_2_order_energy_10_20,-5.382965289783483e-10,0.9999999976670064,10716.75901490954,False,pass
cross_load,full_engineered_features_254,scalar,vib_2_order_energy_2.5_5,1.0361365338581155e-10,1.0000000027297202,849.6040367510822,False,pass
cross_load,full_engineered_features_254,scalar,vib_2_order_energy_20_50,-2.953768602988309e-10,0.9999999976661974,286961.2236634692,False,pass
cross_load,full_engineered_features_254,scalar,vib_2_order_energy_5_10,9.304044123664328e-11,1.000000002830479,724.9951542131889,False,pass
cross_load,full_engineered_features_254,scalar,vib_2_order_entropy,3.1591491244289245e-10,0.9999999990728644,0.696994033387093,False,pass
cross_load,full_engineered_features_254,scalar,vib_2_peak,3.3441190664465787e-10,1.0000000011347618,0.260330541220227,False,pass
cross_load,full_engineered_features_254,scalar,vib_2_peak_order,-4.086998403635497e-09,0.999999984795668,69.17675769117805,False,pass
cross_load,full_engineered_features_254,scalar,vib_2_peak_order_amp,-5.038750088292244e-10,0.9999999983383824,206.39700639439388,False,pass
cross_load,full_engineered_features_254,scalar,vib_2_peak_to_peak,-1.2008318872807098e-10,0.999999999972242,0.4991821044497929,False,pass
cross_load,full_engineered_features_254,scalar,vib_2_rms,1.917859218644932e-10,1.0000000000019262,0.0650980739982115,False,pass
cross_load,full_engineered_features_254,scalar,vib_2_shape_factor,-2.4282821111174157e-10,0.9999999986687768,0.0654535276073444,False,pass
cross_load,full_engineered_features_254,scalar,vib_2_skewness,7.729043187041016e-10,0.9999999983224588,0.0799238095070098,False,pass
cross_load,full_engineered_features_254,scalar,vib_2_spectral_centroid,-2.95214269067229e-10,1.0000000005415597,670.1227295824773,False,pass
cross_load,full_engineered_features_254,scalar,vib_2_spectral_entropy,3.1591491244289245e-10,0.9999999990728644,0.696994033387093,False,pass
cross_load,full_engineered_features_254,scalar,vib_2_spectral_kurtosis,4.588659302457908e-10,1.0000000008930672,1065.5145954696293,False,pass
cross_load,full_engineered_features_254,scalar,vib_2_std,-1.6080511910176732e-10,1.0000000004697962,0.0650970395104211,False,pass
cross_load,full_engineered_features_254,vibration,channel_0,-3.392481237872649e-12,1.0000000000019262,0.1801412650482085,False,pass
cross_load,full_engineered_features_254,vibration,channel_1,8.668670032900932e-12,0.9999999999943184,0.0938297220191064,False,pass
cross_load,full_engineered_features_254,vibration,channel_2,3.476689123178987e-12,1.000000000017864,0.0936331265979229,False,pass
cross_load,raw_8192,vibration_current,channel_0,-3.392481237872649e-12,1.0000000000019262,0.1801412650482085,False,pass
cross_load,raw_8192,vibration_current,channel_1,8.668670032900932e-12,0.9999999999943184,0.0938297220191064,False,pass
cross_load,raw_8192,vibration_current,channel_2,3.476689123178987e-12,1.000000000017864,0.0936331265979229,False,pass
cross_load,raw_8192,vibration_current,channel_3,-1.0953679313496213e-13,1.0000000000055285,0.1721606951269978,False,pass
cross_load,raw_8192,vibration_current,channel_4,-8.69829662892531e-13,0.9999999999980504,0.1715980511957615,False,pass
cross_load,raw_8192,vibration_current,channel_5,4.350837737883983e-12,1.0000000000106712,0.1717763239636307,False,pass
cross_rpm,full_engineered_features_254,current,channel_0,5.050702107734798e-12,1.0000000000064342,0.1965048840422976,False,pass
cross_rpm,full_engineered_features_254,current,channel_1,7.2776201490425e-13,1.0000000000007512,0.1956778200425604,False,pass
cross_rpm,full_engineered_features_254,current,channel_2,4.632973337166159e-12,1.0000000000059406,0.1960341660519176,False,pass
cross_rpm,full_engineered_features_254,scalar,cur_0_band_energy_0_500,-1.2492787608591242e-10,0.9999999995624832,1099347.376315029,False,pass
cross_rpm,full_engineered_features_254,scalar,cur_0_band_energy_2000_5000,-2.1852984154986562e-10,0.9999999998701252,1823.6351023452423,False,pass
cross_rpm,full_engineered_features_254,scalar,cur_0_band_energy_500_2000,2.1905490396289102e-10,1.0000000001252711,604.2917699833794,False,pass
cross_rpm,full_engineered_features_254,scalar,cur_0_clearance_factor,-5.64196090081569e-11,0.9999999972394056,0.4607582030618297,False,pass
cross_rpm,full_engineered_features_254,scalar,cur_0_crest_factor,3.782206262368767e-10,1.0000000082442817,0.0961637135406136,False,pass
cross_rpm,full_engineered_features_254,scalar,cur_0_dominant_frequency,8.242349310886187e-09,1.0000000248921608,9.363150433688672,False,pass
cross_rpm,full_engineered_features_254,scalar,cur_0_energy,1.0339357074486549e-10,1.0000000005354652,171.85759004310785,False,pass
cross_rpm,full_engineered_features_254,scalar,cur_0_high_frequency_ratio,4.4915647073091004e-10,1.0000000005533625,9.643837121792567e-06,False,pass
cross_rpm,full_engineered_features_254,scalar,cur_0_impulse_factor,-5.102575781034255e-10,0.999999985601698,0.2036237630264478,False,pass
cross_rpm,full_engineered_features_254,scalar,cur_0_kurtosis,-9.228520230913314e-12,1.000000003644212,0.1686665430769423,False,pass
cross_rpm,full_engineered_features_254,scalar,cur_0_mean,-3.8166846363145617e-10,1.0000000020453286,0.0034852608957567,False,pass
cross_rpm,full_engineered_features_254,scalar,cur_0_order_energy_0.5_1.5,-1.8140845680592e-10,0.9999999998661248,1363429.3595185357,False,pass
cross_rpm,full_engineered_features_254,scalar,cur_0_order_energy_1.5_2.5,-3.200947125815202e-10,0.9999999995875802,8594.405100864478,False,pass
cross_rpm,full_engineered_features_254,scalar,cur_0_order_energy_10_20,1.6535528253909595e-10,1.00000000046126,882.6031926639321,False,pass
cross_rpm,full_engineered_features_254,scalar,cur_0_order_energy_2.5_5,1.6453600338874656e-10,1.000000000682177,3899.025738194451,False,pass
cross_rpm,full_engineered_features_254,scalar,cur_0_order_energy_20_50,-5.408236005388011e-10,0.9999999993140464,511.77604220203295,False,pass
cross_rpm,full_engineered_features_254,scalar,cur_0_order_energy_5_10,-1.81580080883722e-10,0.9999999999001196,1815.7107323272344,False,pass
cross_rpm,full_engineered_features_254,scalar,cur_0_order_entropy,-2.2276443984847418e-10,0.999999999505302,0.3562411456662204,False,pass
cross_rpm,full_engineered_features_254,scalar,cur_0_peak,3.6593866525859577e-10,1.0000000006045555,0.0485546640325584,False,pass
cross_rpm,full_engineered_features_254,scalar,cur_0_peak_order,1.5095403518534684e-08,0.999999994464331,0.2241676690182484,False,pass
cross_rpm,full_engineered_features_254,scalar,cur_0_peak_order_amp,5.943540536898549e-10,1.0000000001115597,303.527368274336,False,pass
cross_rpm,full_engineered_features_254,scalar,cur_0_peak_to_peak,1.4464115963301843e-10,1.00000000004789,0.0974335408794231,False,pass
cross_rpm,full_engineered_features_254,scalar,cur_0_rms,-3.896408536876676e-11,0.99999999999029,0.0348545117760468,False,pass
cross_rpm,full_engineered_features_254,scalar,cur_0_shape_factor,-3.361067873981338e-10,0.9999999898593396,0.032422058587004,False,pass
cross_rpm,full_engineered_features_254,scalar,cur_0_skewness,2.923706493818523e-11,0.9999999932845068,0.0666873169987318,False,pass
cross_rpm,full_engineered_features_254,scalar,cur_0_spectral_centroid,-1.9291268972637196e-10,0.9999999999989804,11.749013615977487,False,pass
cross_rpm,full_engineered_features_254,scalar,cur_0_spectral_entropy,-2.2276443984847418e-10,0.999999999505302,0.3562411456662204,False,pass
cross_rpm,full_engineered_features_254,scalar,cur_0_spectral_kurtosis,-2.2430363684097185e-11,1.0000000003072862,865.8289979408235,False,pass
cross_rpm,full_engineered_features_254,scalar,cur_0_std,4.231707787824521e-10,1.0000000000594755,0.0348846275950252,False,pass
cross_rpm,full_engineered_features_254,scalar,cur_1_band_energy_0_500,3.2489341212532524e-10,0.9999999994462514,1086575.3998553285,False,pass
cross_rpm,full_engineered_features_254,scalar,cur_1_band_energy_2000_5000,-4.801861039975058e-11,1.0000000005122756,1915.1782394961824,False,pass
cross_rpm,full_engineered_features_254,scalar,cur_1_band_energy_500_2000,-1.559647356294683e-10,0.9999999997898336,593.7346570436905,False,pass
cross_rpm,full_engineered_features_254,scalar,cur_1_clearance_factor,1.8411108438899104e-10,1.0000000032091396,0.4690499957417057,False,pass
cross_rpm,full_engineered_features_254,scalar,cur_1_crest_factor,3.3025734202010166e-10,1.000000005995923,0.1042931337815399,False,pass
cross_rpm,full_engineered_features_254,scalar,cur_1_dominant_frequency,-1.0064527309140681e-08,1.000000012850736,9.36318003317786,False,pass
cross_rpm,full_engineered_features_254,scalar,cur_1_energy,2.893256769277974e-10,0.9999999994736062,169.86296932492846,False,pass
cross_rpm,full_engineered_features_254,scalar,cur_1_high_frequency_ratio,-1.7216604857397405e-11,0.9999999996947332,9.580792262979767e-06,False,pass
cross_rpm,full_engineered_features_254,scalar,cur_1_impulse_factor,-1.9590075524936618e-10,0.9999999989235264,0.2265113815574519,False,pass
cross_rpm,full_engineered_features_254,scalar,cur_1_kurtosis,1.8540515251773336e-10,0.999999996935616,0.1989220902133723,False,pass
cross_rpm,full_engineered_features_254,scalar,cur_1_mean,-1.9963312729924902e-10,1.0000000003598175,0.0034821539443165,False,pass
cross_rpm,full_engineered_features_254,scalar,cur_1_order_energy_0.5_1.5,2.1118071788146138e-10,0.9999999998175332,1349240.2734315824,False,pass
cross_rpm,full_engineered_features_254,scalar,cur_1_order_energy_1.5_2.5,-6.566983065206596e-10,0.9999999988959374,8532.6856516563,False,pass
cross_rpm,full_engineered_features_254,scalar,cur_1_order_energy_10_20,-5.0613747113040336e-11,0.9999999999707518,875.754214564167,False,pass
cross_rpm,full_engineered_features_254,scalar,cur_1_order_energy_2.5_5,1.3215234647675527e-10,0.9999999992726,3886.8808924780296,False,pass
cross_rpm,full_engineered_features_254,scalar,cur_1_order_energy_20_50,-2.953234868046662e-10,0.9999999994621396,509.07434461926624,False,pass
cross_rpm,full_engineered_features_254,scalar,cur_1_order_energy_5_10,-1.8687061890312262e-10,1.0000000001696647,1805.272678953112,False,pass
cross_rpm,full_engineered_features_254,scalar,cur_1_order_entropy,-7.448846290453408e-11,0.999999999797302,0.3563675723142969,False,pass
cross_rpm,full_engineered_features_254,scalar,cur_1_peak,2.2545984115458508e-12,0.9999999998143264,0.048129072243296,False,pass
cross_rpm,full_engineered_features_254,scalar,cur_1_peak_order,-5.67511325293931e-09,1.000000000838894,0.2241849883975609,False,pass
cross_rpm,full_engineered_features_254,scalar,cur_1_peak_order_amp,-2.8757691790345737e-10,1.0000000007645402,301.3361014264036,False,pass
cross_rpm,full_engineered_features_254,scalar,cur_1_peak_to_peak,1.142329861849898e-10,0.999999999277696,0.0967012322981918,False,pass
cross_rpm,full_engineered_features_254,scalar,cur_1_rms,-2.0769403924822139e-10,1.000000000061448,0.0346042969527574,False,pass
cross_rpm,full_engineered_features_254,scalar,cur_1_shape_factor,7.410998664874975e-11,1.0000000051181346,0.0328687781710894,False,pass
cross_rpm,full_engineered_features_254,scalar,cur_1_skewness,-2.813438023830758e-10,0.9999999992755167,0.0747942175721213,False,pass
cross_rpm,full_engineered_features_254,scalar,cur_1_spectral_centroid,1.737052455664717e-10,0.9999999995383804,11.87506238684324,False,pass
cross_rpm,full_engineered_features_254,scalar,cur_1_spectral_entropy,-7.448846290453408e-11,0.999999999797302,0.3563675723142969,False,pass
cross_rpm,full_engineered_features_254,scalar,cur_1_spectral_kurtosis,5.6711821582730254e-11,1.0000000001859175,864.1862725944319,False,pass
cross_rpm,full_engineered_features_254,scalar,cur_1_std,-2.018515943259944e-10,1.0000000008018626,0.0346446756482859,False,pass
cross_rpm,full_engineered_features_254,scalar,cur_2_band_energy_0_500,4.011450866081195e-10,1.000000000306564,1088949.4279800097,False,pass
cross_rpm,full_engineered_features_254,scalar,cur_2_band_energy_2000_5000,1.8554369379632744e-10,1.000000000128294,1943.8146577957089,False,pass
cross_rpm,full_engineered_features_254,scalar,cur_2_band_energy_500_2000,-1.069766750112916e-10,1.000000000148673,598.9793659906456,False,pass
cross_rpm,full_engineered_features_254,scalar,cur_2_clearance_factor,-4.6126906584293884e-10,0.9999999886064574,0.4139445062578515,False,pass
cross_rpm,full_engineered_features_254,scalar,cur_2_crest_factor,-1.0768372104760469e-10,0.9999999929273358,0.1055508172166445,False,pass
cross_rpm,full_engineered_features_254,scalar,cur_2_dominant_frequency,1.5051930236342824e-08,1.0000000175305657,9.362477279302588,False,pass
cross_rpm,full_engineered_features_254,scalar,cur_2_energy,-4.889660305040065e-11,1.0000000004064051,170.24221898477856,False,pass
cross_rpm,full_engineered_features_254,scalar,cur_2_high_frequency_ratio,4.9799887670411e-11,1.0000000004543437,9.739204781937865e-06,False,pass
cross_rpm,full_engineered_features_254,scalar,cur_2_impulse_factor,-4.4447835968387637e-10,0.99999998376951,0.2180458337047141,False,pass
cross_rpm,full_engineered_features_254,scalar,cur_2_kurtosis,-1.6861252687885332e-10,0.9999999912839044,0.2099398201389386,False,pass
cross_rpm,full_engineered_features_254,scalar,cur_2_mean,3.5375335573465606e-10,1.00000000199866,0.0035025586752543,False,pass
cross_rpm,full_engineered_features_254,scalar,cur_2_order_energy_0.5_1.5,-6.622160206219929e-11,1.0000000005293523,1353388.9703326267,False,pass
cross_rpm,full_engineered_features_254,scalar,cur_2_order_energy_1.5_2.5,4.5070470056960764e-10,1.0000000004682863,8564.178658654804,False,pass
cross_rpm,full_engineered_features_254,scalar,cur_2_order_energy_10_20,-5.510415561603582e-10,0.999999998345905,882.3633496427091,False,pass
cross_rpm,full_engineered_features_254,scalar,cur_2_order_energy_2.5_5,4.5558063094842366e-11,0.9999999994193868,3892.754362310055,False,pass
cross_rpm,full_engineered_features_254,scalar,cur_2_order_energy_20_50,1.102224024721438e-10,1.0000000004288456,511.37845660837456,False,pass
cross_rpm,full_engineered_features_254,scalar,cur_2_order_energy_5_10,6.302361319351463e-10,1.0000000007923295,1810.845816511032,False,pass
cross_rpm,full_engineered_features_254,scalar,cur_2_order_entropy,-3.933985177069107e-11,0.9999999997736764,0.3577219052390659,False,pass
cross_rpm,full_engineered_features_254,scalar,cur_2_peak,-4.605739883278409e-10,0.9999999995240602,0.048105207586258,False,pass
cross_rpm,full_engineered_features_254,scalar,cur_2_peak_order,-7.730844522543681e-09,1.0000000033421308,0.2240648941114206,False,pass
cross_rpm,full_engineered_features_254,scalar,cur_2_peak_order_amp,-4.21684875582535e-10,1.0000000003672285,301.7912611012788,False,pass
cross_rpm,full_engineered_features_254,scalar,cur_2_peak_to_peak,-7.284087175763519e-11,1.0000000000541336,0.0965382999818133,False,pass
cross_rpm,full_engineered_features_254,scalar,cur_2_rms,2.555211533085298e-10,1.0000000003621323,0.0346192772872338,False,pass
cross_rpm,full_engineered_features_254,scalar,cur_2_shape_factor,3.0179416618011035e-10,1.0000000062642602,0.0315710096746621,False,pass
cross_rpm,full_engineered_features_254,scalar,cur_2_skewness,3.9491535840506304e-10,1.0000000079533555,0.0727934802865778,False,pass
cross_rpm,full_engineered_features_254,scalar,cur_2_spectral_centroid,-1.0637079685241964e-10,1.0000000002226246,11.898021494302354,False,pass
cross_rpm,full_engineered_features_254,scalar,cur_2_spectral_entropy,-3.933985177069107e-11,0.9999999997736764,0.3577219052390659,False,pass
cross_rpm,full_engineered_features_254,scalar,cur_2_spectral_kurtosis,2.5766013128871434e-10,0.9999999994403552,868.7657685139013,False,pass
cross_rpm,full_engineered_features_254,scalar,cur_2_std,-2.8431064071749986e-10,0.9999999996041724,0.0346435476992832,False,pass
cross_rpm,full_engineered_features_254,scalar,key_phase_0_clearance_factor,-2.178288926847376e-10,0.9999999989647588,67.08156199354858,False,pass
cross_rpm,full_engineered_features_254,scalar,key_phase_0_crest_factor,4.839293154628287e-10,1.0000000005801684,1.3768752825125372,False,pass
cross_rpm,full_engineered_features_254,scalar,key_phase_0_energy,5.598213697562814e-11,1.0000000030163492,8491.960419866728,False,pass
cross_rpm,full_engineered_features_254,scalar,key_phase_0_impulse_factor,8.185926540381859e-11,1.0000000000143263,10.559861447491697,False,pass
cross_rpm,full_engineered_features_254,scalar,key_phase_0_kurtosis,2.238411551155265e-10,1.0000000016682538,10.703145995348258,False,pass
cross_rpm,full_engineered_features_254,scalar,key_phase_0_mean,3.2728259994525257e-10,1.000000001292172,0.1834540104994302,False,pass
cross_rpm,full_engineered_features_254,scalar,key_phase_0_peak,-1.7400671680840014e-10,1.0000000032485363,0.2656804539971777,False,pass
cross_rpm,full_engineered_features_254,scalar,key_phase_0_peak_to_peak,-1.0442386565074264e-10,1.0000000022191635,0.2982592158293022,False,pass
cross_rpm,full_engineered_features_254,scalar,key_phase_0_rms,2.344854610777286e-10,0.9999999999555028,0.3005360379948211,False,pass
cross_rpm,full_engineered_features_254,scalar,key_phase_0_shape_factor,-4.971678548537005e-11,1.0000000003071796,1.0543586674007732,False,pass
cross_rpm,full_engineered_features_254,scalar,key_phase_0_skewness,1.3816641547678422e-10,0.9999999992180792,1.3917779310971492,False,pass
cross_rpm,full_engineered_features_254,scalar,key_phase_0_std,5.638808437491853e-10,0.9999999991871836,0.2566047313075058,False,pass
cross_rpm,full_engineered_features_254,scalar,load_nm,2.2517310248480905e-08,1.0000000263763855,9.99753055929066,False,pass
cross_rpm,full_engineered_features_254,scalar,rpm_nominal,-2.384185791015625e-08,1.0000000035698844,498.8876515698589,False,pass
cross_rpm,full_engineered_features_254,scalar,torque_0_clearance_factor,-1.1199645346584416e-10,0.9999999997955672,0.2909967785964822,False,pass
cross_rpm,full_engineered_features_254,scalar,torque_0_crest_factor,-1.0893680263671407e-10,0.999999995974859,0.0794307153895506,False,pass
cross_rpm,full_engineered_features_254,scalar,torque_0_energy,6.146382131168074e-10,1.0000000008926586,1729.4648943632424,False,pass
cross_rpm,full_engineered_features_254,scalar,torque_0_impulse_factor,7.574989987637855e-11,1.000000001664116,0.148260162494993,False,pass
cross_rpm,full_engineered_features_254,scalar,torque_0_kurtosis,-2.015984488112365e-11,1.0000000058843646,0.5847991181388161,False,pass
cross_rpm,full_engineered_features_254,scalar,torque_0_mean,3.7657574494383777e-10,1.0000000002075846,0.1858455187370531,False,pass
cross_rpm,full_engineered_features_254,scalar,torque_0_peak,-5.7116493092494894e-11,0.999999999925148,0.1869022876467974,False,pass
cross_rpm,full_engineered_features_254,scalar,torque_0_peak_to_peak,-2.910473374135372e-11,1.0000000009048766,0.0355079072734708,False,pass
cross_rpm,full_engineered_features_254,scalar,torque_0_rms,3.4246771769224667e-10,1.0000000010250398,0.1856783976407867,False,pass
cross_rpm,full_engineered_features_254,scalar,torque_0_shape_factor,9.28152045599242e-11,1.000000003734071,0.0317633233882927,False,pass
cross_rpm,full_engineered_features_254,scalar,torque_0_skewness,-4.51427328265616e-10,0.9999999997926438,0.2060658976197355,False,pass
cross_rpm,full_engineered_features_254,scalar,torque_0_std,5.530631071399414e-11,1.0000000027498843,0.0124182124150754,False,pass
cross_rpm,full_engineered_features_254,scalar,vib_0_band_energy_0_500,3.726374240005927e-10,1.00000000059435,5693.0394802778055,False,pass
cross_rpm,full_engineered_features_254,scalar,vib_0_band_energy_2000_5000,4.435452666714057e-10,1.0000000015333406,311853.67213812424,False,pass
cross_rpm,full_engineered_features_254,scalar,vib_0_band_energy_500_2000,-3.741766209930903e-11,0.9999999999980548,412967.52356808295,False,pass
cross_rpm,full_engineered_features_254,scalar,vib_0_clearance_factor,-8.70224402917978e-12,0.9999999990613008,2.1810527808641766,False,pass
cross_rpm,full_engineered_features_254,scalar,vib_0_crest_factor,-8.200198437378023e-11,0.9999999983411983,1.0680088593917576,False,pass
cross_rpm,full_engineered_features_254,scalar,vib_0_dominant_frequency,1.7204320186565264e-10,0.9999999990483356,654.5235959643817,False,pass
cross_rpm,full_engineered_features_254,scalar,vib_0_energy,1.7325721639494656e-10,1.0000000000771767,97.11846186627224,False,pass
cross_rpm,full_engineered_features_254,scalar,vib_0_envelope_band_energy,-2.378167747563268e-10,0.9999999992031572,210283.7469745465,False,pass
cross_rpm,full_engineered_features_254,scalar,vib_0_envelope_kurtosis,1.6033302005183836e-10,1.0000000013058297,6.665662750090403,False,pass
cross_rpm,full_engineered_features_254,scalar,vib_0_envelope_rms,1.8059911378639076e-10,1.0000000003781644,0.0648014287972765,False,pass
cross_rpm,full_engineered_features_254,scalar,vib_0_envelope_spectrum_peak_amp,8.994546932215132e-11,0.999999999347171,134.74780553775133,False,pass
cross_rpm,full_engineered_features_254,scalar,vib_0_envelope_spectrum_peak_freq,-1.5973251643645547e-09,0.999999991171258,106.16297448170576,False,pass
cross_rpm,full_engineered_features_254,scalar,vib_0_high_frequency_ratio,-1.9442696170888615e-10,0.9999999992941386,0.0024497640672226,False,pass
cross_rpm,full_engineered_features_254,scalar,vib_0_impulse_factor,-6.997452383718733e-11,0.9999999990302696,1.671809704167994,False,pass
cross_rpm,full_engineered_features_254,scalar,vib_0_keyphase_angle_revolutions,-6.495555833879277e-10,0.9999999912440594,18.636931143588857,False,pass
cross_rpm,full_engineered_features_254,scalar,vib_0_keyphase_estimated_rpm,-2.37835924390271e-09,0.9999999836462048,2505.58308417332,False,pass
cross_rpm,full_engineered_features_254,scalar,vib_0_keyphase_order_energy_0.5_1.5,6.919882816975344e-11,1.0000000047564936,51.92518481538732,False,pass
cross_rpm,full_engineered_features_254,scalar,vib_0_keyphase_order_energy_1.5_2.5,1.0338363461404539e-10,1.0000000003906253,24.664801880143724,False,pass
cross_rpm,full_engineered_features_254,scalar,vib_0_keyphase_order_energy_10_20,-4.3044041340429534e-10,0.999999999091369,678.9111541470646,False,pass
cross_rpm,full_engineered_features_254,scalar,vib_0_keyphase_order_energy_2.5_5,7.87724031255107e-10,1.000000004085754,89.9925126573763,False,pass
cross_rpm,full_engineered_features_254,scalar,vib_0_keyphase_order_energy_20_50,-1.2073392559520434e-10,0.9999999999447082,110344.86517710304,False,pass
cross_rpm,full_engineered_features_254,scalar,vib_0_keyphase_order_energy_5_10,5.4234676422929344e-11,1.000000000688397,84.06137428483238,False,pass
cross_rpm,full_engineered_features_254,scalar,vib_0_keyphase_order_entropy,-2.3810943897321016e-10,1.0000000004299,0.5028918469380105,False,pass
cross_rpm,full_engineered_features_254,scalar,vib_0_keyphase_peak_order,-3.0636523799967282e-09,0.9999999976605084,36.207746640567095,False,pass
cross_rpm,full_engineered_features_254,scalar,vib_0_keyphase_peak_order_amp,-2.1418684909685587e-10,0.9999999992919708,104.60437254816604,False,pass
cross_rpm,full_engineered_features_254,scalar,vib_0_keyphase_pulse_count,-6.495555833879277e-10,0.9999999912440594,18.636931143588857,False,pass
cross_rpm,full_engineered_features_254,scalar,vib_0_keyphase_rpm_std,5.4235918439281865e-11,1.0000000000844995,507.341791558873,False,pass
cross_rpm,full_engineered_features_254,scalar,vib_0_kurtosis,-1.4589785436060786e-10,0.9999999986613234,4.604138153853305,False,pass
cross_rpm,full_engineered_features_254,scalar,vib_0_mean,-2.770541037226467e-10,0.9999999998944415,4.161579021791225e-05,False,pass
cross_rpm,full_engineered_features_254,scalar,vib_0_order_energy_0.5_1.5,-1.1918298590264656e-10,1.0000000001701443,47.90238854476808,False,pass
cross_rpm,full_engineered_features_254,scalar,vib_0_order_energy_1.5_2.5,-1.1385360664458543e-10,1.0000000000448124,68.81225002369612,False,pass
cross_rpm,full_engineered_features_254,scalar,vib_0_order_energy_10_20,3.791742689744526e-10,1.000000000545331,1917.9204317234053,False,pass
cross_rpm,full_engineered_features_254,scalar,vib_0_order_energy_2.5_5,-2.0405171338389588e-10,0.9999999994347246,227.73983142022732,False,pass
cross_rpm,full_engineered_features_254,scalar,vib_0_order_energy_20_50,1.0934802295997377e-10,1.0000000004213414,309887.20552031434,False,pass
cross_rpm,full_engineered_features_254,scalar,vib_0_order_energy_5_10,1.0690373477822575e-11,1.000000000375891,230.9099895611078,False,pass
cross_rpm,full_engineered_features_254,scalar,vib_0_order_entropy,-2.428733620591448e-10,1.0000000006029597,0.8199739812008153,False,pass
cross_rpm,full_engineered_features_254,scalar,vib_0_peak,-1.5095692569613087e-10,1.0000000005203682,0.1600326501176135,False,pass
cross_rpm,full_engineered_features_254,scalar,vib_0_peak_order,-1.193202851648881e-09,1.0000000048681006,38.272146444856304,False,pass
cross_rpm,full_engineered_features_254,scalar,vib_0_peak_order_amp,1.6650245400650909e-10,1.000000000112765,198.41460757783352,False,pass
cross_rpm,full_engineered_features_254,scalar,vib_0_peak_to_peak,-5.325188017424257e-10,1.0000000003519425,0.3077133340670004,False,pass
cross_rpm,full_engineered_features_254,scalar,vib_0_rms,-7.49274592298591e-11,0.9999999999929232,0.04578994401897,False,pass
cross_rpm,full_engineered_features_254,scalar,vib_0_shape_factor,5.093251625544201e-10,1.0000000005367744,0.0717589900108505,False,pass
cross_rpm,full_engineered_features_254,scalar,vib_0_skewness,7.975890284113951e-11,1.0000000020835291,0.0826647713252342,False,pass
cross_rpm,full_engineered_features_254,scalar,vib_0_spectral_centroid,6.590545244519567e-11,0.9999999996009348,320.3159872537344,False,pass
cross_rpm,full_engineered_features_254,scalar,vib_0_spectral_entropy,-2.428733620591448e-10,1.0000000006029597,0.8199739812008153,False,pass
cross_rpm,full_engineered_features_254,scalar,vib_0_spectral_kurtosis,-5.159101074342953e-10,0.9999999992720924,1141.9287275893448,False,pass
cross_rpm,full_engineered_features_254,scalar,vib_0_std,6.648174803276227e-11,0.9999999999303072,0.0458215297791082,False,pass
cross_rpm,full_engineered_features_254,scalar,vib_1_band_energy_0_500,3.1186262819705576e-10,1.0000000003543594,503.48152637936187,False,pass
cross_rpm,full_engineered_features_254,scalar,vib_1_band_energy_2000_5000,-7.53115358502875e-10,0.99999999875054,75720.26126872325,False,pass
cross_rpm,full_engineered_features_254,scalar,vib_1_band_energy_500_2000,3.7562187638510687e-10,1.000000000005874,542671.0390506926,False,pass
cross_rpm,full_engineered_features_254,scalar,vib_1_clearance_factor,3.511789945676266e-11,0.9999999995366652,3.3846588262560484,False,pass
cross_rpm,full_engineered_features_254,scalar,vib_1_crest_factor,-3.3354507221578443e-10,1.0000000005864058,1.490642023897511,False,pass
cross_rpm,full_engineered_features_254,scalar,vib_1_dominant_frequency,-2.0650965245446383e-09,0.999999999077271,402.9266508601159,False,pass
cross_rpm,full_engineered_features_254,scalar,vib_1_energy,1.456383858535099e-10,1.0000000001176224,93.49338337036497,False,pass
cross_rpm,full_engineered_features_254,scalar,vib_1_envelope_band_energy,-3.831119124542328e-10,0.9999999994801102,151077.91502897275,False,pass
cross_rpm,full_engineered_features_254,scalar,vib_1_envelope_kurtosis,1.6149645064241172e-10,1.0000000045944024,3.9949920053684,False,pass
cross_rpm,full_engineered_features_254,scalar,vib_1_envelope_rms,2.9994017449753907e-10,0.9999999999331026,0.0666707753606271,False,pass
cross_rpm,full_engineered_features_254,scalar,vib_1_envelope_spectrum_peak_amp,-2.2401165008755352e-10,0.9999999991714832,99.89132004436006,False,pass
cross_rpm,full_engineered_features_254,scalar,vib_1_envelope_spectrum_peak_freq,1.8270340563716685e-09,0.999999996094047,165.5530854350747,False,pass
cross_rpm,full_engineered_features_254,scalar,vib_1_high_frequency_ratio,1.98762360925559e-10,0.999999999223403,0.0026600569234398,False,pass
cross_rpm,full_engineered_features_254,scalar,vib_1_impulse_factor,-1.9315386671991468e-11,0.99999999985191,2.536809574853408,False,pass
cross_rpm,full_engineered_features_254,scalar,vib_1_keyphase_angle_revolutions,-6.495555833879277e-10,0.9999999912440594,18.636931143588857,False,pass
cross_rpm,full_engineered_features_254,scalar,vib_1_keyphase_estimated_rpm,-2.37835924390271e-09,0.9999999836462048,2505.58308417332,False,pass
cross_rpm,full_engineered_features_254,scalar,vib_1_keyphase_order_energy_0.5_1.5,-7.136400140391826e-12,0.9999999913530386,32.58277668731008,False,pass
cross_rpm,full_engineered_features_254,scalar,vib_1_keyphase_order_energy_1.5_2.5,5.150858602185358e-10,1.0000000172318215,35.907376533415544,False,pass
cross_rpm,full_engineered_features_254,scalar,vib_1_keyphase_order_energy_10_20,3.3866669601124313e-10,1.0000000001923235,423.9397102756181,False,pass
cross_rpm,full_engineered_features_254,scalar,vib_1_keyphase_order_energy_2.5_5,-6.175021899151278e-10,0.9999999833344164,30.345299995182145,False,pass
cross_rpm,full_engineered_features_254,scalar,vib_1_keyphase_order_energy_20_50,-2.9436961824593523e-10,0.9999999991816392,216581.0576218823,False,pass
cross_rpm,full_engineered_features_254,scalar,vib_1_keyphase_order_energy_5_10,3.5994085538172705e-11,0.9999999983401464,63.61016119727528,False,pass
cross_rpm,full_engineered_features_254,scalar,vib_1_keyphase_order_entropy,3.5983426779656583e-10,0.9999999994427896,1.167414350108823,False,pass
cross_rpm,full_engineered_features_254,scalar,vib_1_keyphase_peak_order,-1.977514047788434e-09,1.0000000013326251,25.20312503004624,False,pass
cross_rpm,full_engineered_features_254,scalar,vib_1_keyphase_peak_order_amp,3.777030441496107e-10,1.000000000813267,199.25557983582237,False,pass
cross_rpm,full_engineered_features_254,scalar,vib_1_keyphase_pulse_count,-6.495555833879277e-10,0.9999999912440594,18.636931143588857,False,pass
cross_rpm,full_engineered_features_254,scalar,vib_1_keyphase_rpm_std,5.4235918439281865e-11,1.0000000000844995,507.341791558873,False,pass
cross_rpm,full_engineered_features_254,scalar,vib_1_kurtosis,5.08377616988029e-10,1.0000000056202878,2.755361887034099,False,pass
cross_rpm,full_engineered_features_254,scalar,vib_1_mean,1.485379294837431e-10,0.9999999999666324,3.666319432582785e-05,False,pass
cross_rpm,full_engineered_features_254,scalar,vib_1_order_energy_0.5_1.5,1.4562754643806974e-10,0.99999999994177,58.08133442727715,False,pass
cross_rpm,full_engineered_features_254,scalar,vib_1_order_energy_1.5_2.5,-5.106954453229755e-10,0.9999999993986924,58.74025647179265,False,pass
cross_rpm,full_engineered_features_254,scalar,vib_1_order_energy_10_20,5.218311381184633e-10,1.0000000015632926,2815.909723936414,False,pass
cross_rpm,full_engineered_features_254,scalar,vib_1_order_energy_2.5_5,3.297548899502209e-10,1.0000000014697352,32.890465846849125,False,pass
cross_rpm,full_engineered_features_254,scalar,vib_1_order_energy_20_50,-5.091490220535179e-10,0.999999999604852,550605.6607418635,False,pass
cross_rpm,full_engineered_features_254,scalar,vib_1_order_energy_5_10,1.5737927934440451e-10,1.000000000639175,148.27348234267814,False,pass
cross_rpm,full_engineered_features_254,scalar,vib_1_order_entropy,6.424882845209667e-11,0.999999999620116,1.2753768037374231,False,pass
cross_rpm,full_engineered_features_254,scalar,vib_1_peak,-5.958065353588314e-11,1.0000000002628526,0.1587554293601554,False,pass
cross_rpm,full_engineered_features_254,scalar,vib_1_peak_order,4.3353036943242684e-09,0.9999999988281784,27.506801381414355,False,pass
cross_rpm,full_engineered_features_254,scalar,vib_1_peak_order_amp,-1.9185765329019983e-11,1.0000000003807492,293.1801919583596,False,pass
cross_rpm,full_engineered_features_254,scalar,vib_1_peak_to_peak,3.3278811970421567e-10,0.9999999992058128,0.3016172579747012,False,pass
cross_rpm,full_engineered_features_254,scalar,vib_1_rms,1.6850684257831208e-10,1.000000000156052,0.0471426137373033,False,pass
cross_rpm,full_engineered_features_254,scalar,vib_1_shape_factor,2.70189818074033e-10,1.0000000003760818,0.0877056596864296,False,pass
cross_rpm,full_engineered_features_254,scalar,vib_1_skewness,3.2498328894501625e-10,1.000000005282881,0.1139953639732202,False,pass
cross_rpm,full_engineered_features_254,scalar,vib_1_spectral_centroid,-1.174762860684257e-10,0.9999999995145384,203.9630485180309,False,pass
cross_rpm,full_engineered_features_254,scalar,vib_1_spectral_entropy,6.424882845209667e-11,0.999999999620116,1.2753768037374231,False,pass
cross_rpm,full_engineered_features_254,scalar,vib_1_spectral_kurtosis,-7.163950321302142e-11,1.0000000002016396,2040.0447811146016,False,pass
cross_rpm,full_engineered_features_254,scalar,vib_1_std,2.6651277220712583e-10,0.999999999920307,0.0471433574080524,False,pass
cross_rpm,full_engineered_features_254,scalar,vib_2_band_energy_0_500,-2.857667355249566e-10,0.999999999074602,1543.0302887146931,False,pass
cross_rpm,full_engineered_features_254,scalar,vib_2_band_energy_2000_5000,4.889009940113658e-10,1.0000000013435468,774346.5828179492,False,pass
cross_rpm,full_engineered_features_254,scalar,vib_2_band_energy_500_2000,7.832200283185802e-11,1.0000000000417526,107936.99957098768,False,pass
cross_rpm,full_engineered_features_254,scalar,vib_2_clearance_factor,4.6103376019942617e-10,1.00000000668697,3.023430138533956,False,pass
cross_rpm,full_engineered_features_254,scalar,vib_2_crest_factor,2.3095136000193806e-10,1.0000000045052233,1.352695655748082,False,pass
cross_rpm,full_engineered_features_254,scalar,vib_2_dominant_frequency,-1.2819993429343795e-09,0.9999999969669868,1676.503624321653,False,pass
cross_rpm,full_engineered_features_254,scalar,vib_2_energy,3.012634864658543e-10,1.0000000007804826,139.15822557411894,False,pass
cross_rpm,full_engineered_features_254,scalar,vib_2_envelope_band_energy,-3.458026445093249e-10,0.9999999992841924,288495.3143160222,False,pass
cross_rpm,full_engineered_features_254,scalar,vib_2_envelope_kurtosis,2.486401568944459e-10,1.0000000133401374,9.003818248881027,False,pass
cross_rpm,full_engineered_features_254,scalar,vib_2_envelope_rms,6.156336327680589e-11,1.0000000006034553,0.0736721608989126,False,pass
cross_rpm,full_engineered_features_254,scalar,vib_2_envelope_spectrum_peak_amp,-5.523557223718958e-12,1.000000000264918,111.05219249469062,False,pass
cross_rpm,full_engineered_features_254,scalar,vib_2_envelope_spectrum_peak_freq,-1.9280574082736272e-09,0.999999998384588,253.77165675586423,False,pass
cross_rpm,full_engineered_features_254,scalar,vib_2_high_frequency_ratio,2.2837745047721854e-10,0.9999999997742184,0.0355539726728088,False,pass
cross_rpm,full_engineered_features_254,scalar,vib_2_impulse_factor,4.5269644315673056e-10,1.000000003278087,2.296441176013572,False,pass
cross_rpm,full_engineered_features_254,scalar,vib_2_keyphase_angle_revolutions,-6.495555833879277e-10,0.9999999912440594,18.636931143588857,False,pass
cross_rpm,full_engineered_features_254,scalar,vib_2_keyphase_estimated_rpm,-2.37835924390271e-09,0.9999999836462048,2505.58308417332,False,pass
cross_rpm,full_engineered_features_254,scalar,vib_2_keyphase_order_energy_0.5_1.5,-4.008235172833959e-10,0.9999999967007286,76.80086334779739,False,pass
cross_rpm,full_engineered_features_254,scalar,vib_2_keyphase_order_energy_1.5_2.5,-6.041167538629268e-12,0.999999999073271,76.25906597678035,False,pass
cross_rpm,full_engineered_features_254,scalar,vib_2_keyphase_order_energy_10_20,-3.0302308490563446e-10,1.0000000000688745,2272.3796106040995,False,pass
cross_rpm,full_engineered_features_254,scalar,vib_2_keyphase_order_energy_2.5_5,-3.2816872215748277e-10,0.9999999993997972,216.2463548444708,False,pass
cross_rpm,full_engineered_features_254,scalar,vib_2_keyphase_order_energy_20_50,-4.5872225485681965e-10,0.9999999980337312,37618.84713606673,False,pass
cross_rpm,full_engineered_features_254,scalar,vib_2_keyphase_order_energy_5_10,-2.835509783520712e-10,0.9999999992140796,479.65332756370935,False,pass
cross_rpm,full_engineered_features_254,scalar,vib_2_keyphase_order_entropy,-3.9586267815029895e-10,1.0000000008357526,0.5077976996544998,False,pass
cross_rpm,full_engineered_features_254,scalar,vib_2_keyphase_peak_order,1.0329529337820839e-09,0.9999999980270244,29.399088433754088,False,pass
cross_rpm,full_engineered_features_254,scalar,vib_2_keyphase_peak_order_amp,1.6074130470008303e-10,1.0000000004701544,46.97863323584876,False,pass
cross_rpm,full_engineered_features_254,scalar,vib_2_keyphase_pulse_count,-6.495555833879277e-10,0.9999999912440594,18.636931143588857,False,pass
cross_rpm,full_engineered_features_254,scalar,vib_2_keyphase_rpm_std,5.4235918439281865e-11,1.0000000000844995,507.341791558873,False,pass
cross_rpm,full_engineered_features_254,scalar,vib_2_kurtosis,-6.730554360621171e-11,0.9999999891438824,6.254329455191214,False,pass
cross_rpm,full_engineered_features_254,scalar,vib_2_mean,-1.0895238429640924e-10,0.9999999971645236,2.99571148632401e-05,False,pass
cross_rpm,full_engineered_features_254,scalar,vib_2_order_energy_0.5_1.5,-2.5201979630021464e-11,0.9999999986258504,50.44764526502389,False,pass
cross_rpm,full_engineered_features_254,scalar,vib_2_order_energy_1.5_2.5,4.6184321612953296e-11,0.999999997991775,3.80189518703892,False,pass
cross_rpm,full_engineered_features_254,scalar,vib_2_order_energy_10_20,2.9728180786084857e-10,0.9999999997000732,987.3650643682544,False,pass
cross_rpm,full_engineered_features_254,scalar,vib_2_order_energy_2.5_5,4.122591005727269e-11,0.9999999997117052,101.21945392386512,False,pass
cross_rpm,full_engineered_features_254,scalar,vib_2_order_energy_20_50,-3.5134790879156856e-10,0.9999999990681412,100858.17622812264,False,pass
cross_rpm,full_engineered_features_254,scalar,vib_2_order_energy_5_10,6.184067165514907e-11,1.000000001030534,98.0021332097203,False,pass
cross_rpm,full_engineered_features_254,scalar,vib_2_order_entropy,-4.685770900611327e-10,1.0000000002928855,0.6107884223093606,False,pass
cross_rpm,full_engineered_features_254,scalar,vib_2_peak,2.411209898963247e-10,1.0000000002084093,0.2284874057042038,False,pass
cross_rpm,full_engineered_features_254,scalar,vib_2_peak_order,7.896875461978544e-10,1.000000000748589,85.71892626976944,False,pass
cross_rpm,full_engineered_features_254,scalar,vib_2_peak_order_amp,1.0558132609453059e-10,1.0000000005503125,107.6035685899596,False,pass
cross_rpm,full_engineered_features_254,scalar,vib_2_peak_to_peak,3.05689581103905e-11,0.9999999996343298,0.4388232579440507,False,pass
cross_rpm,full_engineered_features_254,scalar,vib_2_rms,8.380313390608089e-11,1.0000000005891156,0.0520909165602555,False,pass
cross_rpm,full_engineered_features_254,scalar,vib_2_shape_factor,-5.120034014527506e-10,0.999999997824729,0.0697270046354294,False,pass
cross_rpm,full_engineered_features_254,scalar,vib_2_skewness,-5.358103708977436e-11,1.0000000027158746,0.0994913701617235,False,pass
cross_rpm,full_engineered_features_254,scalar,vib_2_spectral_centroid,4.3184231113455145e-10,1.0000000002379912,568.1554170840237,False,pass
cross_rpm,full_engineered_features_254,scalar,vib_2_spectral_entropy,-4.685770900611327e-10,1.0000000002928855,0.6107884223093606,False,pass
cross_rpm,full_engineered_features_254,scalar,vib_2_spectral_kurtosis,1.4080897463262452e-10,1.000000000784005,1032.603124597876,False,pass
cross_rpm,full_engineered_features_254,scalar,vib_2_std,4.328246331588128e-11,1.0000000007166867,0.052094084656627,False,pass
cross_rpm,full_engineered_features_254,vibration,channel_0,-1.557503649467348e-11,0.9999999999876056,0.0774234365949877,False,pass
cross_rpm,full_engineered_features_254,vibration,channel_1,1.4931291185183537e-12,1.0000000000254967,0.0766479892426999,False,pass
cross_rpm,full_engineered_features_254,vibration,channel_2,-1.7698290712128884e-11,0.9999999999989916,0.0693716422646919,False,pass
cross_rpm,full_multisource_fusion,current,channel_0,5.050702107734798e-12,1.0000000000064342,0.1965048840422976,False,pass
cross_rpm,full_multisource_fusion,current,channel_1,7.2776201490425e-13,1.0000000000007512,0.1956778200425604,False,pass
cross_rpm,full_multisource_fusion,current,channel_2,4.632973337166159e-12,1.0000000000059406,0.1960341660519176,False,pass
cross_rpm,full_multisource_fusion,scalar,cur_0_band_energy_0_500,-1.2492787608591242e-10,0.9999999995624832,1099347.376315029,False,pass
cross_rpm,full_multisource_fusion,scalar,cur_0_band_energy_2000_5000,-2.1852984154986562e-10,0.9999999998701252,1823.6351023452423,False,pass
cross_rpm,full_multisource_fusion,scalar,cur_0_band_energy_500_2000,2.1905490396289102e-10,1.0000000001252711,604.2917699833794,False,pass
cross_rpm,full_multisource_fusion,scalar,cur_0_clearance_factor,-5.64196090081569e-11,0.9999999972394056,0.4607582030618297,False,pass
cross_rpm,full_multisource_fusion,scalar,cur_0_crest_factor,3.782206262368767e-10,1.0000000082442817,0.0961637135406136,False,pass
cross_rpm,full_multisource_fusion,scalar,cur_0_dominant_frequency,8.242349310886187e-09,1.0000000248921608,9.363150433688672,False,pass
cross_rpm,full_multisource_fusion,scalar,cur_0_energy,1.0339357074486549e-10,1.0000000005354652,171.85759004310785,False,pass
cross_rpm,full_multisource_fusion,scalar,cur_0_high_frequency_ratio,4.4915647073091004e-10,1.0000000005533625,9.643837121792567e-06,False,pass
cross_rpm,full_multisource_fusion,scalar,cur_0_impulse_factor,-5.102575781034255e-10,0.999999985601698,0.2036237630264478,False,pass
cross_rpm,full_multisource_fusion,scalar,cur_0_kurtosis,-9.228520230913314e-12,1.000000003644212,0.1686665430769423,False,pass
cross_rpm,full_multisource_fusion,scalar,cur_0_mean,-3.8166846363145617e-10,1.0000000020453286,0.0034852608957567,False,pass
cross_rpm,full_multisource_fusion,scalar,cur_0_order_energy_0.5_1.5,-1.8140845680592e-10,0.9999999998661248,1363429.3595185357,False,pass
cross_rpm,full_multisource_fusion,scalar,cur_0_order_energy_1.5_2.5,-3.200947125815202e-10,0.9999999995875802,8594.405100864478,False,pass
cross_rpm,full_multisource_fusion,scalar,cur_0_order_energy_10_20,1.6535528253909595e-10,1.00000000046126,882.6031926639321,False,pass
cross_rpm,full_multisource_fusion,scalar,cur_0_order_energy_2.5_5,1.6453600338874656e-10,1.000000000682177,3899.025738194451,False,pass
cross_rpm,full_multisource_fusion,scalar,cur_0_order_energy_20_50,-5.408236005388011e-10,0.9999999993140464,511.77604220203295,False,pass
cross_rpm,full_multisource_fusion,scalar,cur_0_order_energy_5_10,-1.81580080883722e-10,0.9999999999001196,1815.7107323272344,False,pass
cross_rpm,full_multisource_fusion,scalar,cur_0_order_entropy,-2.2276443984847418e-10,0.999999999505302,0.3562411456662204,False,pass
cross_rpm,full_multisource_fusion,scalar,cur_0_peak,3.6593866525859577e-10,1.0000000006045555,0.0485546640325584,False,pass
cross_rpm,full_multisource_fusion,scalar,cur_0_peak_order,1.5095403518534684e-08,0.999999994464331,0.2241676690182484,False,pass
cross_rpm,full_multisource_fusion,scalar,cur_0_peak_order_amp,5.943540536898549e-10,1.0000000001115597,303.527368274336,False,pass
cross_rpm,full_multisource_fusion,scalar,cur_0_peak_to_peak,1.4464115963301843e-10,1.00000000004789,0.0974335408794231,False,pass
cross_rpm,full_multisource_fusion,scalar,cur_0_rms,-3.896408536876676e-11,0.99999999999029,0.0348545117760468,False,pass
cross_rpm,full_multisource_fusion,scalar,cur_0_shape_factor,-3.361067873981338e-10,0.9999999898593396,0.032422058587004,False,pass
cross_rpm,full_multisource_fusion,scalar,cur_0_skewness,2.923706493818523e-11,0.9999999932845068,0.0666873169987318,False,pass
cross_rpm,full_multisource_fusion,scalar,cur_0_spectral_centroid,-1.9291268972637196e-10,0.9999999999989804,11.749013615977487,False,pass
cross_rpm,full_multisource_fusion,scalar,cur_0_spectral_entropy,-2.2276443984847418e-10,0.999999999505302,0.3562411456662204,False,pass
cross_rpm,full_multisource_fusion,scalar,cur_0_spectral_kurtosis,-2.2430363684097185e-11,1.0000000003072862,865.8289979408235,False,pass
cross_rpm,full_multisource_fusion,scalar,cur_0_std,4.231707787824521e-10,1.0000000000594755,0.0348846275950252,False,pass
cross_rpm,full_multisource_fusion,scalar,cur_1_band_energy_0_500,3.2489341212532524e-10,0.9999999994462514,1086575.3998553285,False,pass
cross_rpm,full_multisource_fusion,scalar,cur_1_band_energy_2000_5000,-4.801861039975058e-11,1.0000000005122756,1915.1782394961824,False,pass
cross_rpm,full_multisource_fusion,scalar,cur_1_band_energy_500_2000,-1.559647356294683e-10,0.9999999997898336,593.7346570436905,False,pass
cross_rpm,full_multisource_fusion,scalar,cur_1_clearance_factor,1.8411108438899104e-10,1.0000000032091396,0.4690499957417057,False,pass
cross_rpm,full_multisource_fusion,scalar,cur_1_crest_factor,3.3025734202010166e-10,1.000000005995923,0.1042931337815399,False,pass
cross_rpm,full_multisource_fusion,scalar,cur_1_dominant_frequency,-1.0064527309140681e-08,1.000000012850736,9.36318003317786,False,pass
cross_rpm,full_multisource_fusion,scalar,cur_1_energy,2.893256769277974e-10,0.9999999994736062,169.86296932492846,False,pass
cross_rpm,full_multisource_fusion,scalar,cur_1_high_frequency_ratio,-1.7216604857397405e-11,0.9999999996947332,9.580792262979767e-06,False,pass
cross_rpm,full_multisource_fusion,scalar,cur_1_impulse_factor,-1.9590075524936618e-10,0.9999999989235264,0.2265113815574519,False,pass
cross_rpm,full_multisource_fusion,scalar,cur_1_kurtosis,1.8540515251773336e-10,0.999999996935616,0.1989220902133723,False,pass
cross_rpm,full_multisource_fusion,scalar,cur_1_mean,-1.9963312729924902e-10,1.0000000003598175,0.0034821539443165,False,pass
cross_rpm,full_multisource_fusion,scalar,cur_1_order_energy_0.5_1.5,2.1118071788146138e-10,0.9999999998175332,1349240.2734315824,False,pass
cross_rpm,full_multisource_fusion,scalar,cur_1_order_energy_1.5_2.5,-6.566983065206596e-10,0.9999999988959374,8532.6856516563,False,pass
cross_rpm,full_multisource_fusion,scalar,cur_1_order_energy_10_20,-5.0613747113040336e-11,0.9999999999707518,875.754214564167,False,pass
cross_rpm,full_multisource_fusion,scalar,cur_1_order_energy_2.5_5,1.3215234647675527e-10,0.9999999992726,3886.8808924780296,False,pass
cross_rpm,full_multisource_fusion,scalar,cur_1_order_energy_20_50,-2.953234868046662e-10,0.9999999994621396,509.07434461926624,False,pass
cross_rpm,full_multisource_fusion,scalar,cur_1_order_energy_5_10,-1.8687061890312262e-10,1.0000000001696647,1805.272678953112,False,pass
cross_rpm,full_multisource_fusion,scalar,cur_1_order_entropy,-7.448846290453408e-11,0.999999999797302,0.3563675723142969,False,pass
cross_rpm,full_multisource_fusion,scalar,cur_1_peak,2.2545984115458508e-12,0.9999999998143264,0.048129072243296,False,pass
cross_rpm,full_multisource_fusion,scalar,cur_1_peak_order,-5.67511325293931e-09,1.000000000838894,0.2241849883975609,False,pass
cross_rpm,full_multisource_fusion,scalar,cur_1_peak_order_amp,-2.8757691790345737e-10,1.0000000007645402,301.3361014264036,False,pass
cross_rpm,full_multisource_fusion,scalar,cur_1_peak_to_peak,1.142329861849898e-10,0.999999999277696,0.0967012322981918,False,pass
cross_rpm,full_multisource_fusion,scalar,cur_1_rms,-2.0769403924822139e-10,1.000000000061448,0.0346042969527574,False,pass
cross_rpm,full_multisource_fusion,scalar,cur_1_shape_factor,7.410998664874975e-11,1.0000000051181346,0.0328687781710894,False,pass
cross_rpm,full_multisource_fusion,scalar,cur_1_skewness,-2.813438023830758e-10,0.9999999992755167,0.0747942175721213,False,pass
cross_rpm,full_multisource_fusion,scalar,cur_1_spectral_centroid,1.737052455664717e-10,0.9999999995383804,11.87506238684324,False,pass
cross_rpm,full_multisource_fusion,scalar,cur_1_spectral_entropy,-7.448846290453408e-11,0.999999999797302,0.3563675723142969,False,pass
cross_rpm,full_multisource_fusion,scalar,cur_1_spectral_kurtosis,5.6711821582730254e-11,1.0000000001859175,864.1862725944319,False,pass
cross_rpm,full_multisource_fusion,scalar,cur_1_std,-2.018515943259944e-10,1.0000000008018626,0.0346446756482859,False,pass
cross_rpm,full_multisource_fusion,scalar,cur_2_band_energy_0_500,4.011450866081195e-10,1.000000000306564,1088949.4279800097,False,pass
cross_rpm,full_multisource_fusion,scalar,cur_2_band_energy_2000_5000,1.8554369379632744e-10,1.000000000128294,1943.8146577957089,False,pass
cross_rpm,full_multisource_fusion,scalar,cur_2_band_energy_500_2000,-1.069766750112916e-10,1.000000000148673,598.9793659906456,False,pass
cross_rpm,full_multisource_fusion,scalar,cur_2_clearance_factor,-4.6126906584293884e-10,0.9999999886064574,0.4139445062578515,False,pass
cross_rpm,full_multisource_fusion,scalar,cur_2_crest_factor,-1.0768372104760469e-10,0.9999999929273358,0.1055508172166445,False,pass
cross_rpm,full_multisource_fusion,scalar,cur_2_dominant_frequency,1.5051930236342824e-08,1.0000000175305657,9.362477279302588,False,pass
cross_rpm,full_multisource_fusion,scalar,cur_2_energy,-4.889660305040065e-11,1.0000000004064051,170.24221898477856,False,pass
cross_rpm,full_multisource_fusion,scalar,cur_2_high_frequency_ratio,4.9799887670411e-11,1.0000000004543437,9.739204781937865e-06,False,pass
cross_rpm,full_multisource_fusion,scalar,cur_2_impulse_factor,-4.4447835968387637e-10,0.99999998376951,0.2180458337047141,False,pass
cross_rpm,full_multisource_fusion,scalar,cur_2_kurtosis,-1.6861252687885332e-10,0.9999999912839044,0.2099398201389386,False,pass
cross_rpm,full_multisource_fusion,scalar,cur_2_mean,3.5375335573465606e-10,1.00000000199866,0.0035025586752543,False,pass
cross_rpm,full_multisource_fusion,scalar,cur_2_order_energy_0.5_1.5,-6.622160206219929e-11,1.0000000005293523,1353388.9703326267,False,pass
cross_rpm,full_multisource_fusion,scalar,cur_2_order_energy_1.5_2.5,4.5070470056960764e-10,1.0000000004682863,8564.178658654804,False,pass
cross_rpm,full_multisource_fusion,scalar,cur_2_order_energy_10_20,-5.510415561603582e-10,0.999999998345905,882.3633496427091,False,pass
cross_rpm,full_multisource_fusion,scalar,cur_2_order_energy_2.5_5,4.5558063094842366e-11,0.9999999994193868,3892.754362310055,False,pass
cross_rpm,full_multisource_fusion,scalar,cur_2_order_energy_20_50,1.102224024721438e-10,1.0000000004288456,511.37845660837456,False,pass
cross_rpm,full_multisource_fusion,scalar,cur_2_order_energy_5_10,6.302361319351463e-10,1.0000000007923295,1810.845816511032,False,pass
cross_rpm,full_multisource_fusion,scalar,cur_2_order_entropy,-3.933985177069107e-11,0.9999999997736764,0.3577219052390659,False,pass
cross_rpm,full_multisource_fusion,scalar,cur_2_peak,-4.605739883278409e-10,0.9999999995240602,0.048105207586258,False,pass
cross_rpm,full_multisource_fusion,scalar,cur_2_peak_order,-7.730844522543681e-09,1.0000000033421308,0.2240648941114206,False,pass
cross_rpm,full_multisource_fusion,scalar,cur_2_peak_order_amp,-4.21684875582535e-10,1.0000000003672285,301.7912611012788,False,pass
cross_rpm,full_multisource_fusion,scalar,cur_2_peak_to_peak,-7.284087175763519e-11,1.0000000000541336,0.0965382999818133,False,pass
cross_rpm,full_multisource_fusion,scalar,cur_2_rms,2.555211533085298e-10,1.0000000003621323,0.0346192772872338,False,pass
cross_rpm,full_multisource_fusion,scalar,cur_2_shape_factor,3.0179416618011035e-10,1.0000000062642602,0.0315710096746621,False,pass
cross_rpm,full_multisource_fusion,scalar,cur_2_skewness,3.9491535840506304e-10,1.0000000079533555,0.0727934802865778,False,pass
cross_rpm,full_multisource_fusion,scalar,cur_2_spectral_centroid,-1.0637079685241964e-10,1.0000000002226246,11.898021494302354,False,pass
cross_rpm,full_multisource_fusion,scalar,cur_2_spectral_entropy,-3.933985177069107e-11,0.9999999997736764,0.3577219052390659,False,pass
cross_rpm,full_multisource_fusion,scalar,cur_2_spectral_kurtosis,2.5766013128871434e-10,0.9999999994403552,868.7657685139013,False,pass
cross_rpm,full_multisource_fusion,scalar,cur_2_std,-2.8431064071749986e-10,0.9999999996041724,0.0346435476992832,False,pass
cross_rpm,full_multisource_fusion,scalar,end_index,0.0,0.9999999995113452,330701.0734787536,False,pass
cross_rpm,full_multisource_fusion,scalar,end_time,0.0,0.9999999995113452,25.836021365527625,False,pass
cross_rpm,full_multisource_fusion,scalar,has_current,0.0,0.0,1.0,True,pass
cross_rpm,full_multisource_fusion,scalar,has_key_phase,0.0,0.0,1.0,True,pass
cross_rpm,full_multisource_fusion,scalar,has_torque,0.0,0.0,1.0,True,pass
cross_rpm,full_multisource_fusion,scalar,has_vibration,0.0,0.0,1.0,True,pass
cross_rpm,full_multisource_fusion,scalar,key_phase_0_clearance_factor,-2.178288926847376e-10,0.9999999989647588,67.08156199354858,False,pass
cross_rpm,full_multisource_fusion,scalar,key_phase_0_crest_factor,4.839293154628287e-10,1.0000000005801684,1.3768752825125372,False,pass
cross_rpm,full_multisource_fusion,scalar,key_phase_0_energy,5.598213697562814e-11,1.0000000030163492,8491.960419866728,False,pass
cross_rpm,full_multisource_fusion,scalar,key_phase_0_impulse_factor,8.185926540381859e-11,1.0000000000143263,10.559861447491697,False,pass
cross_rpm,full_multisource_fusion,scalar,key_phase_0_kurtosis,2.238411551155265e-10,1.0000000016682538,10.703145995348258,False,pass
cross_rpm,full_multisource_fusion,scalar,key_phase_0_mean,3.2728259994525257e-10,1.000000001292172,0.1834540104994302,False,pass
cross_rpm,full_multisource_fusion,scalar,key_phase_0_peak,-1.7400671680840014e-10,1.0000000032485363,0.2656804539971777,False,pass
cross_rpm,full_multisource_fusion,scalar,key_phase_0_peak_to_peak,-1.0442386565074264e-10,1.0000000022191635,0.2982592158293022,False,pass
cross_rpm,full_multisource_fusion,scalar,key_phase_0_rms,2.344854610777286e-10,0.9999999999555028,0.3005360379948211,False,pass
cross_rpm,full_multisource_fusion,scalar,key_phase_0_shape_factor,-4.971678548537005e-11,1.0000000003071796,1.0543586674007732,False,pass
cross_rpm,full_multisource_fusion,scalar,key_phase_0_skewness,1.3816641547678422e-10,0.9999999992180792,1.3917779310971492,False,pass
cross_rpm,full_multisource_fusion,scalar,key_phase_0_std,5.638808437491853e-10,0.9999999991871836,0.2566047313075058,False,pass
cross_rpm,full_multisource_fusion,scalar,load_nm,2.2517310248480905e-08,1.0000000263763855,9.99753055929066,False,pass
cross_rpm,full_multisource_fusion,scalar,rpm_nominal,-2.384185791015625e-08,1.0000000035698844,498.8876515698589,False,pass
cross_rpm,full_multisource_fusion,scalar,start_index,0.0,0.9999999995113452,330701.0734787536,False,pass
cross_rpm,full_multisource_fusion,scalar,start_time,0.0,0.9999999995113452,25.836021365527625,False,pass
cross_rpm,full_multisource_fusion,scalar,torque_0_clearance_factor,-1.1199645346584416e-10,0.9999999997955672,0.2909967785964822,False,pass
cross_rpm,full_multisource_fusion,scalar,torque_0_crest_factor,-1.0893680263671407e-10,0.999999995974859,0.0794307153895506,False,pass
cross_rpm,full_multisource_fusion,scalar,torque_0_energy,6.146382131168074e-10,1.0000000008926586,1729.4648943632424,False,pass
cross_rpm,full_multisource_fusion,scalar,torque_0_impulse_factor,7.574989987637855e-11,1.000000001664116,0.148260162494993,False,pass
cross_rpm,full_multisource_fusion,scalar,torque_0_kurtosis,-2.015984488112365e-11,1.0000000058843646,0.5847991181388161,False,pass
cross_rpm,full_multisource_fusion,scalar,torque_0_mean,3.7657574494383777e-10,1.0000000002075846,0.1858455187370531,False,pass
cross_rpm,full_multisource_fusion,scalar,torque_0_peak,-5.7116493092494894e-11,0.999999999925148,0.1869022876467974,False,pass
cross_rpm,full_multisource_fusion,scalar,torque_0_peak_to_peak,-2.910473374135372e-11,1.0000000009048766,0.0355079072734708,False,pass
cross_rpm,full_multisource_fusion,scalar,torque_0_rms,3.4246771769224667e-10,1.0000000010250398,0.1856783976407867,False,pass
cross_rpm,full_multisource_fusion,scalar,torque_0_shape_factor,9.28152045599242e-11,1.000000003734071,0.0317633233882927,False,pass
cross_rpm,full_multisource_fusion,scalar,torque_0_skewness,-4.51427328265616e-10,0.9999999997926438,0.2060658976197355,False,pass
cross_rpm,full_multisource_fusion,scalar,torque_0_std,5.530631071399414e-11,1.0000000027498843,0.0124182124150754,False,pass
cross_rpm,full_multisource_fusion,scalar,vib_0_band_energy_0_500,3.726374240005927e-10,1.00000000059435,5693.0394802778055,False,pass
cross_rpm,full_multisource_fusion,scalar,vib_0_band_energy_2000_5000,4.435452666714057e-10,1.0000000015333406,311853.67213812424,False,pass
cross_rpm,full_multisource_fusion,scalar,vib_0_band_energy_500_2000,-3.741766209930903e-11,0.9999999999980548,412967.52356808295,False,pass
cross_rpm,full_multisource_fusion,scalar,vib_0_clearance_factor,-8.70224402917978e-12,0.9999999990613008,2.1810527808641766,False,pass
cross_rpm,full_multisource_fusion,scalar,vib_0_crest_factor,-8.200198437378023e-11,0.9999999983411983,1.0680088593917576,False,pass
cross_rpm,full_multisource_fusion,scalar,vib_0_dominant_frequency,1.7204320186565264e-10,0.9999999990483356,654.5235959643817,False,pass
cross_rpm,full_multisource_fusion,scalar,vib_0_energy,1.7325721639494656e-10,1.0000000000771767,97.11846186627224,False,pass
cross_rpm,full_multisource_fusion,scalar,vib_0_envelope_band_energy,-2.378167747563268e-10,0.9999999992031572,210283.7469745465,False,pass
cross_rpm,full_multisource_fusion,scalar,vib_0_envelope_kurtosis,1.6033302005183836e-10,1.0000000013058297,6.665662750090403,False,pass
cross_rpm,full_multisource_fusion,scalar,vib_0_envelope_rms,1.8059911378639076e-10,1.0000000003781644,0.0648014287972765,False,pass
cross_rpm,full_multisource_fusion,scalar,vib_0_envelope_spectrum_peak_amp,8.994546932215132e-11,0.999999999347171,134.74780553775133,False,pass
cross_rpm,full_multisource_fusion,scalar,vib_0_envelope_spectrum_peak_freq,-1.5973251643645547e-09,0.999999991171258,106.16297448170576,False,pass
cross_rpm,full_multisource_fusion,scalar,vib_0_high_frequency_ratio,-1.9442696170888615e-10,0.9999999992941386,0.0024497640672226,False,pass
cross_rpm,full_multisource_fusion,scalar,vib_0_impulse_factor,-6.997452383718733e-11,0.9999999990302696,1.671809704167994,False,pass
cross_rpm,full_multisource_fusion,scalar,vib_0_keyphase_angle_revolutions,-6.495555833879277e-10,0.9999999912440594,18.636931143588857,False,pass
cross_rpm,full_multisource_fusion,scalar,vib_0_keyphase_estimated_rpm,-2.37835924390271e-09,0.9999999836462048,2505.58308417332,False,pass
cross_rpm,full_multisource_fusion,scalar,vib_0_keyphase_order_energy_0.5_1.5,6.919882816975344e-11,1.0000000047564936,51.92518481538732,False,pass
cross_rpm,full_multisource_fusion,scalar,vib_0_keyphase_order_energy_1.5_2.5,1.0338363461404539e-10,1.0000000003906253,24.664801880143724,False,pass
cross_rpm,full_multisource_fusion,scalar,vib_0_keyphase_order_energy_10_20,-4.3044041340429534e-10,0.999999999091369,678.9111541470646,False,pass
cross_rpm,full_multisource_fusion,scalar,vib_0_keyphase_order_energy_2.5_5,7.87724031255107e-10,1.000000004085754,89.9925126573763,False,pass
cross_rpm,full_multisource_fusion,scalar,vib_0_keyphase_order_energy_20_50,-1.2073392559520434e-10,0.9999999999447082,110344.86517710304,False,pass
cross_rpm,full_multisource_fusion,scalar,vib_0_keyphase_order_energy_5_10,5.4234676422929344e-11,1.000000000688397,84.06137428483238,False,pass
cross_rpm,full_multisource_fusion,scalar,vib_0_keyphase_order_entropy,-2.3810943897321016e-10,1.0000000004299,0.5028918469380105,False,pass
cross_rpm,full_multisource_fusion,scalar,vib_0_keyphase_peak_order,-3.0636523799967282e-09,0.9999999976605084,36.207746640567095,False,pass
cross_rpm,full_multisource_fusion,scalar,vib_0_keyphase_peak_order_amp,-2.1418684909685587e-10,0.9999999992919708,104.60437254816604,False,pass
cross_rpm,full_multisource_fusion,scalar,vib_0_keyphase_pulse_count,-6.495555833879277e-10,0.9999999912440594,18.636931143588857,False,pass
cross_rpm,full_multisource_fusion,scalar,vib_0_keyphase_rpm_std,5.4235918439281865e-11,1.0000000000844995,507.341791558873,False,pass
cross_rpm,full_multisource_fusion,scalar,vib_0_kurtosis,-1.4589785436060786e-10,0.9999999986613234,4.604138153853305,False,pass
cross_rpm,full_multisource_fusion,scalar,vib_0_mean,-2.770541037226467e-10,0.9999999998944415,4.161579021791225e-05,False,pass
cross_rpm,full_multisource_fusion,scalar,vib_0_order_energy_0.5_1.5,-1.1918298590264656e-10,1.0000000001701443,47.90238854476808,False,pass
cross_rpm,full_multisource_fusion,scalar,vib_0_order_energy_1.5_2.5,-1.1385360664458543e-10,1.0000000000448124,68.81225002369612,False,pass
cross_rpm,full_multisource_fusion,scalar,vib_0_order_energy_10_20,3.791742689744526e-10,1.000000000545331,1917.9204317234053,False,pass
cross_rpm,full_multisource_fusion,scalar,vib_0_order_energy_2.5_5,-2.0405171338389588e-10,0.9999999994347246,227.73983142022732,False,pass
cross_rpm,full_multisource_fusion,scalar,vib_0_order_energy_20_50,1.0934802295997377e-10,1.0000000004213414,309887.20552031434,False,pass
cross_rpm,full_multisource_fusion,scalar,vib_0_order_energy_5_10,1.0690373477822575e-11,1.000000000375891,230.9099895611078,False,pass
cross_rpm,full_multisource_fusion,scalar,vib_0_order_entropy,-2.428733620591448e-10,1.0000000006029597,0.8199739812008153,False,pass
cross_rpm,full_multisource_fusion,scalar,vib_0_peak,-1.5095692569613087e-10,1.0000000005203682,0.1600326501176135,False,pass
cross_rpm,full_multisource_fusion,scalar,vib_0_peak_order,-1.193202851648881e-09,1.0000000048681006,38.272146444856304,False,pass
cross_rpm,full_multisource_fusion,scalar,vib_0_peak_order_amp,1.6650245400650909e-10,1.000000000112765,198.41460757783352,False,pass
cross_rpm,full_multisource_fusion,scalar,vib_0_peak_to_peak,-5.325188017424257e-10,1.0000000003519425,0.3077133340670004,False,pass
cross_rpm,full_multisource_fusion,scalar,vib_0_rms,-7.49274592298591e-11,0.9999999999929232,0.04578994401897,False,pass
cross_rpm,full_multisource_fusion,scalar,vib_0_shape_factor,5.093251625544201e-10,1.0000000005367744,0.0717589900108505,False,pass
cross_rpm,full_multisource_fusion,scalar,vib_0_skewness,7.975890284113951e-11,1.0000000020835291,0.0826647713252342,False,pass
cross_rpm,full_multisource_fusion,scalar,vib_0_spectral_centroid,6.590545244519567e-11,0.9999999996009348,320.3159872537344,False,pass
cross_rpm,full_multisource_fusion,scalar,vib_0_spectral_entropy,-2.428733620591448e-10,1.0000000006029597,0.8199739812008153,False,pass
cross_rpm,full_multisource_fusion,scalar,vib_0_spectral_kurtosis,-5.159101074342953e-10,0.9999999992720924,1141.9287275893448,False,pass
cross_rpm,full_multisource_fusion,scalar,vib_0_std,6.648174803276227e-11,0.9999999999303072,0.0458215297791082,False,pass
cross_rpm,full_multisource_fusion,scalar,vib_1_band_energy_0_500,3.1186262819705576e-10,1.0000000003543594,503.48152637936187,False,pass
cross_rpm,full_multisource_fusion,scalar,vib_1_band_energy_2000_5000,-7.53115358502875e-10,0.99999999875054,75720.26126872325,False,pass
cross_rpm,full_multisource_fusion,scalar,vib_1_band_energy_500_2000,3.7562187638510687e-10,1.000000000005874,542671.0390506926,False,pass
cross_rpm,full_multisource_fusion,scalar,vib_1_clearance_factor,3.511789945676266e-11,0.9999999995366652,3.3846588262560484,False,pass
cross_rpm,full_multisource_fusion,scalar,vib_1_crest_factor,-3.3354507221578443e-10,1.0000000005864058,1.490642023897511,False,pass
cross_rpm,full_multisource_fusion,scalar,vib_1_dominant_frequency,-2.0650965245446383e-09,0.999999999077271,402.9266508601159,False,pass
cross_rpm,full_multisource_fusion,scalar,vib_1_energy,1.456383858535099e-10,1.0000000001176224,93.49338337036497,False,pass
cross_rpm,full_multisource_fusion,scalar,vib_1_envelope_band_energy,-3.831119124542328e-10,0.9999999994801102,151077.91502897275,False,pass
cross_rpm,full_multisource_fusion,scalar,vib_1_envelope_kurtosis,1.6149645064241172e-10,1.0000000045944024,3.9949920053684,False,pass
cross_rpm,full_multisource_fusion,scalar,vib_1_envelope_rms,2.9994017449753907e-10,0.9999999999331026,0.0666707753606271,False,pass
cross_rpm,full_multisource_fusion,scalar,vib_1_envelope_spectrum_peak_amp,-2.2401165008755352e-10,0.9999999991714832,99.89132004436006,False,pass
cross_rpm,full_multisource_fusion,scalar,vib_1_envelope_spectrum_peak_freq,1.8270340563716685e-09,0.999999996094047,165.5530854350747,False,pass
cross_rpm,full_multisource_fusion,scalar,vib_1_high_frequency_ratio,1.98762360925559e-10,0.999999999223403,0.0026600569234398,False,pass
cross_rpm,full_multisource_fusion,scalar,vib_1_impulse_factor,-1.9315386671991468e-11,0.99999999985191,2.536809574853408,False,pass
cross_rpm,full_multisource_fusion,scalar,vib_1_keyphase_angle_revolutions,-6.495555833879277e-10,0.9999999912440594,18.636931143588857,False,pass
cross_rpm,full_multisource_fusion,scalar,vib_1_keyphase_estimated_rpm,-2.37835924390271e-09,0.9999999836462048,2505.58308417332,False,pass
cross_rpm,full_multisource_fusion,scalar,vib_1_keyphase_order_energy_0.5_1.5,-7.136400140391826e-12,0.9999999913530386,32.58277668731008,False,pass
cross_rpm,full_multisource_fusion,scalar,vib_1_keyphase_order_energy_1.5_2.5,5.150858602185358e-10,1.0000000172318215,35.907376533415544,False,pass
cross_rpm,full_multisource_fusion,scalar,vib_1_keyphase_order_energy_10_20,3.3866669601124313e-10,1.0000000001923235,423.9397102756181,False,pass
cross_rpm,full_multisource_fusion,scalar,vib_1_keyphase_order_energy_2.5_5,-6.175021899151278e-10,0.9999999833344164,30.345299995182145,False,pass
cross_rpm,full_multisource_fusion,scalar,vib_1_keyphase_order_energy_20_50,-2.9436961824593523e-10,0.9999999991816392,216581.0576218823,False,pass
cross_rpm,full_multisource_fusion,scalar,vib_1_keyphase_order_energy_5_10,3.5994085538172705e-11,0.9999999983401464,63.61016119727528,False,pass
cross_rpm,full_multisource_fusion,scalar,vib_1_keyphase_order_entropy,3.5983426779656583e-10,0.9999999994427896,1.167414350108823,False,pass
cross_rpm,full_multisource_fusion,scalar,vib_1_keyphase_peak_order,-1.977514047788434e-09,1.0000000013326251,25.20312503004624,False,pass
cross_rpm,full_multisource_fusion,scalar,vib_1_keyphase_peak_order_amp,3.777030441496107e-10,1.000000000813267,199.25557983582237,False,pass
cross_rpm,full_multisource_fusion,scalar,vib_1_keyphase_pulse_count,-6.495555833879277e-10,0.9999999912440594,18.636931143588857,False,pass
cross_rpm,full_multisource_fusion,scalar,vib_1_keyphase_rpm_std,5.4235918439281865e-11,1.0000000000844995,507.341791558873,False,pass
cross_rpm,full_multisource_fusion,scalar,vib_1_kurtosis,5.08377616988029e-10,1.0000000056202878,2.755361887034099,False,pass
cross_rpm,full_multisource_fusion,scalar,vib_1_mean,1.485379294837431e-10,0.9999999999666324,3.666319432582785e-05,False,pass
cross_rpm,full_multisource_fusion,scalar,vib_1_order_energy_0.5_1.5,1.4562754643806974e-10,0.99999999994177,58.08133442727715,False,pass
cross_rpm,full_multisource_fusion,scalar,vib_1_order_energy_1.5_2.5,-5.106954453229755e-10,0.9999999993986924,58.74025647179265,False,pass
cross_rpm,full_multisource_fusion,scalar,vib_1_order_energy_10_20,5.218311381184633e-10,1.0000000015632926,2815.909723936414,False,pass
cross_rpm,full_multisource_fusion,scalar,vib_1_order_energy_2.5_5,3.297548899502209e-10,1.0000000014697352,32.890465846849125,False,pass
cross_rpm,full_multisource_fusion,scalar,vib_1_order_energy_20_50,-5.091490220535179e-10,0.999999999604852,550605.6607418635,False,pass
cross_rpm,full_multisource_fusion,scalar,vib_1_order_energy_5_10,1.5737927934440451e-10,1.000000000639175,148.27348234267814,False,pass
cross_rpm,full_multisource_fusion,scalar,vib_1_order_entropy,6.424882845209667e-11,0.999999999620116,1.2753768037374231,False,pass
cross_rpm,full_multisource_fusion,scalar,vib_1_peak,-5.958065353588314e-11,1.0000000002628526,0.1587554293601554,False,pass
cross_rpm,full_multisource_fusion,scalar,vib_1_peak_order,4.3353036943242684e-09,0.9999999988281784,27.506801381414355,False,pass
cross_rpm,full_multisource_fusion,scalar,vib_1_peak_order_amp,-1.9185765329019983e-11,1.0000000003807492,293.1801919583596,False,pass
cross_rpm,full_multisource_fusion,scalar,vib_1_peak_to_peak,3.3278811970421567e-10,0.9999999992058128,0.3016172579747012,False,pass
cross_rpm,full_multisource_fusion,scalar,vib_1_rms,1.6850684257831208e-10,1.000000000156052,0.0471426137373033,False,pass
cross_rpm,full_multisource_fusion,scalar,vib_1_shape_factor,2.70189818074033e-10,1.0000000003760818,0.0877056596864296,False,pass
cross_rpm,full_multisource_fusion,scalar,vib_1_skewness,3.2498328894501625e-10,1.000000005282881,0.1139953639732202,False,pass
cross_rpm,full_multisource_fusion,scalar,vib_1_spectral_centroid,-1.174762860684257e-10,0.9999999995145384,203.9630485180309,False,pass
cross_rpm,full_multisource_fusion,scalar,vib_1_spectral_entropy,6.424882845209667e-11,0.999999999620116,1.2753768037374231,False,pass
cross_rpm,full_multisource_fusion,scalar,vib_1_spectral_kurtosis,-7.163950321302142e-11,1.0000000002016396,2040.0447811146016,False,pass
cross_rpm,full_multisource_fusion,scalar,vib_1_std,2.6651277220712583e-10,0.999999999920307,0.0471433574080524,False,pass
cross_rpm,full_multisource_fusion,scalar,vib_2_band_energy_0_500,-2.857667355249566e-10,0.999999999074602,1543.0302887146931,False,pass
cross_rpm,full_multisource_fusion,scalar,vib_2_band_energy_2000_5000,4.889009940113658e-10,1.0000000013435468,774346.5828179492,False,pass
cross_rpm,full_multisource_fusion,scalar,vib_2_band_energy_500_2000,7.832200283185802e-11,1.0000000000417526,107936.99957098768,False,pass
cross_rpm,full_multisource_fusion,scalar,vib_2_clearance_factor,4.6103376019942617e-10,1.00000000668697,3.023430138533956,False,pass
cross_rpm,full_multisource_fusion,scalar,vib_2_crest_factor,2.3095136000193806e-10,1.0000000045052233,1.352695655748082,False,pass
cross_rpm,full_multisource_fusion,scalar,vib_2_dominant_frequency,-1.2819993429343795e-09,0.9999999969669868,1676.503624321653,False,pass
cross_rpm,full_multisource_fusion,scalar,vib_2_energy,3.012634864658543e-10,1.0000000007804826,139.15822557411894,False,pass
cross_rpm,full_multisource_fusion,scalar,vib_2_envelope_band_energy,-3.458026445093249e-10,0.9999999992841924,288495.3143160222,False,pass
cross_rpm,full_multisource_fusion,scalar,vib_2_envelope_kurtosis,2.486401568944459e-10,1.0000000133401374,9.003818248881027,False,pass
cross_rpm,full_multisource_fusion,scalar,vib_2_envelope_rms,6.156336327680589e-11,1.0000000006034553,0.0736721608989126,False,pass
cross_rpm,full_multisource_fusion,scalar,vib_2_envelope_spectrum_peak_amp,-5.523557223718958e-12,1.000000000264918,111.05219249469062,False,pass
cross_rpm,full_multisource_fusion,scalar,vib_2_envelope_spectrum_peak_freq,-1.9280574082736272e-09,0.999999998384588,253.77165675586423,False,pass
cross_rpm,full_multisource_fusion,scalar,vib_2_high_frequency_ratio,2.2837745047721854e-10,0.9999999997742184,0.0355539726728088,False,pass
cross_rpm,full_multisource_fusion,scalar,vib_2_impulse_factor,4.5269644315673056e-10,1.000000003278087,2.296441176013572,False,pass
cross_rpm,full_multisource_fusion,scalar,vib_2_keyphase_angle_revolutions,-6.495555833879277e-10,0.9999999912440594,18.636931143588857,False,pass
cross_rpm,full_multisource_fusion,scalar,vib_2_keyphase_estimated_rpm,-2.37835924390271e-09,0.9999999836462048,2505.58308417332,False,pass
cross_rpm,full_multisource_fusion,scalar,vib_2_keyphase_order_energy_0.5_1.5,-4.008235172833959e-10,0.9999999967007286,76.80086334779739,False,pass
cross_rpm,full_multisource_fusion,scalar,vib_2_keyphase_order_energy_1.5_2.5,-6.041167538629268e-12,0.999999999073271,76.25906597678035,False,pass
cross_rpm,full_multisource_fusion,scalar,vib_2_keyphase_order_energy_10_20,-3.0302308490563446e-10,1.0000000000688745,2272.3796106040995,False,pass
cross_rpm,full_multisource_fusion,scalar,vib_2_keyphase_order_energy_2.5_5,-3.2816872215748277e-10,0.9999999993997972,216.2463548444708,False,pass
cross_rpm,full_multisource_fusion,scalar,vib_2_keyphase_order_energy_20_50,-4.5872225485681965e-10,0.9999999980337312,37618.84713606673,False,pass
cross_rpm,full_multisource_fusion,scalar,vib_2_keyphase_order_energy_5_10,-2.835509783520712e-10,0.9999999992140796,479.65332756370935,False,pass
cross_rpm,full_multisource_fusion,scalar,vib_2_keyphase_order_entropy,-3.9586267815029895e-10,1.0000000008357526,0.5077976996544998,False,pass
cross_rpm,full_multisource_fusion,scalar,vib_2_keyphase_peak_order,1.0329529337820839e-09,0.9999999980270244,29.399088433754088,False,pass
cross_rpm,full_multisource_fusion,scalar,vib_2_keyphase_peak_order_amp,1.6074130470008303e-10,1.0000000004701544,46.97863323584876,False,pass
cross_rpm,full_multisource_fusion,scalar,vib_2_keyphase_pulse_count,-6.495555833879277e-10,0.9999999912440594,18.636931143588857,False,pass
cross_rpm,full_multisource_fusion,scalar,vib_2_keyphase_rpm_std,5.4235918439281865e-11,1.0000000000844995,507.341791558873,False,pass
cross_rpm,full_multisource_fusion,scalar,vib_2_kurtosis,-6.730554360621171e-11,0.9999999891438824,6.254329455191214,False,pass
cross_rpm,full_multisource_fusion,scalar,vib_2_mean,-1.0895238429640924e-10,0.9999999971645236,2.99571148632401e-05,False,pass
cross_rpm,full_multisource_fusion,scalar,vib_2_order_energy_0.5_1.5,-2.5201979630021464e-11,0.9999999986258504,50.44764526502389,False,pass
cross_rpm,full_multisource_fusion,scalar,vib_2_order_energy_1.5_2.5,4.6184321612953296e-11,0.999999997991775,3.80189518703892,False,pass
cross_rpm,full_multisource_fusion,scalar,vib_2_order_energy_10_20,2.9728180786084857e-10,0.9999999997000732,987.3650643682544,False,pass
cross_rpm,full_multisource_fusion,scalar,vib_2_order_energy_2.5_5,4.122591005727269e-11,0.9999999997117052,101.21945392386512,False,pass
cross_rpm,full_multisource_fusion,scalar,vib_2_order_energy_20_50,-3.5134790879156856e-10,0.9999999990681412,100858.17622812264,False,pass
cross_rpm,full_multisource_fusion,scalar,vib_2_order_energy_5_10,6.184067165514907e-11,1.000000001030534,98.0021332097203,False,pass
cross_rpm,full_multisource_fusion,scalar,vib_2_order_entropy,-4.685770900611327e-10,1.0000000002928855,0.6107884223093606,False,pass
cross_rpm,full_multisource_fusion,scalar,vib_2_peak,2.411209898963247e-10,1.0000000002084093,0.2284874057042038,False,pass
cross_rpm,full_multisource_fusion,scalar,vib_2_peak_order,7.896875461978544e-10,1.000000000748589,85.71892626976944,False,pass
cross_rpm,full_multisource_fusion,scalar,vib_2_peak_order_amp,1.0558132609453059e-10,1.0000000005503125,107.6035685899596,False,pass
cross_rpm,full_multisource_fusion,scalar,vib_2_peak_to_peak,3.05689581103905e-11,0.9999999996343298,0.4388232579440507,False,pass
cross_rpm,full_multisource_fusion,scalar,vib_2_rms,8.380313390608089e-11,1.0000000005891156,0.0520909165602555,False,pass
cross_rpm,full_multisource_fusion,scalar,vib_2_shape_factor,-5.120034014527506e-10,0.999999997824729,0.0697270046354294,False,pass
cross_rpm,full_multisource_fusion,scalar,vib_2_skewness,-5.358103708977436e-11,1.0000000027158746,0.0994913701617235,False,pass
cross_rpm,full_multisource_fusion,scalar,vib_2_spectral_centroid,4.3184231113455145e-10,1.0000000002379912,568.1554170840237,False,pass
cross_rpm,full_multisource_fusion,scalar,vib_2_spectral_entropy,-4.685770900611327e-10,1.0000000002928855,0.6107884223093606,False,pass
cross_rpm,full_multisource_fusion,scalar,vib_2_spectral_kurtosis,1.4080897463262452e-10,1.000000000784005,1032.603124597876,False,pass
cross_rpm,full_multisource_fusion,scalar,vib_2_std,4.328246331588128e-11,1.0000000007166867,0.052094084656627,False,pass
cross_rpm,full_multisource_fusion,vibration,channel_0,-1.557503649467348e-11,0.9999999999876056,0.0774234365949877,False,pass
cross_rpm,full_multisource_fusion,vibration,channel_1,1.4931291185183537e-12,1.0000000000254967,0.0766479892426999,False,pass
cross_rpm,full_multisource_fusion,vibration,channel_2,-1.7698290712128884e-11,0.9999999999989916,0.0693716422646919,False,pass
cross_rpm,raw_8192,vibration_current,channel_0,-1.557503649467348e-11,0.9999999999876056,0.0774234365949877,False,pass
cross_rpm,raw_8192,vibration_current,channel_1,1.4931291185183537e-12,1.0000000000254967,0.0766479892426999,False,pass
cross_rpm,raw_8192,vibration_current,channel_2,-1.7698290712128884e-11,0.9999999999989916,0.0693716422646919,False,pass
cross_rpm,raw_8192,vibration_current,channel_3,5.050702107734798e-12,1.0000000000064342,0.1965048840422976,False,pass
cross_rpm,raw_8192,vibration_current,channel_4,7.2776201490425e-13,1.0000000000007512,0.1956778200425604,False,pass
cross_rpm,raw_8192,vibration_current,channel_5,4.632973337166159e-12,1.0000000000059406,0.1960341660519176,False,pass
cross_rpm,raw_length_12800,vibration_current,channel_0,-9.294906199020256e-12,0.9999999999848586,0.0774037327256083,False,pass
cross_rpm,raw_length_12800,vibration_current,channel_1,2.560832925119137e-12,0.9999999999954172,0.0766369989517082,False,pass
cross_rpm,raw_length_12800,vibration_current,channel_2,-3.685395132182452e-12,0.9999999999913676,0.0693663733387929,False,pass
cross_rpm,raw_length_12800,vibration_current,channel_3,-5.568787083992648e-13,1.0000000000002789,0.196497503596963,False,pass
cross_rpm,raw_length_12800,vibration_current,channel_4,6.091956657039901e-13,0.9999999999953676,0.1956671691392173,False,pass
cross_rpm,raw_length_12800,vibration_current,channel_5,1.0933261176878722e-12,1.0000000000015974,0.1960193903722032,False,pass
cross_rpm,raw_length_8192,vibration_current,channel_0,-1.557503649467348e-11,0.9999999999876056,0.0774234365949877,False,pass
cross_rpm,raw_length_8192,vibration_current,channel_1,1.4931291185183537e-12,1.0000000000254967,0.0766479892426999,False,pass
cross_rpm,raw_length_8192,vibration_current,channel_2,-1.7698290712128884e-11,0.9999999999989916,0.0693716422646919,False,pass
cross_rpm,raw_length_8192,vibration_current,channel_3,5.050702107734798e-12,1.0000000000064342,0.1965048840422976,False,pass
cross_rpm,raw_length_8192,vibration_current,channel_4,7.2776201490425e-13,1.0000000000007512,0.1956778200425604,False,pass
cross_rpm,raw_length_8192,vibration_current,channel_5,4.632973337166159e-12,1.0000000000059406,0.1960341660519176,False,pass
cross_rpm,vibration_current,current,channel_0,5.050702107734798e-12,1.0000000000064342,0.1965048840422976,False,pass
cross_rpm,vibration_current,current,channel_1,7.2776201490425e-13,1.0000000000007512,0.1956778200425604,False,pass
cross_rpm,vibration_current,current,channel_2,4.632973337166159e-12,1.0000000000059406,0.1960341660519176,False,pass
cross_rpm,vibration_current,scalar,placeholder_no_scalar,0.0,0.0,1.0,True,pass
cross_rpm,vibration_current,vibration,channel_0,-1.557503649467348e-11,0.9999999999876056,0.0774234365949877,False,pass
cross_rpm,vibration_current,vibration,channel_1,1.4931291185183537e-12,1.0000000000254967,0.0766479892426999,False,pass
cross_rpm,vibration_current,vibration,channel_2,-1.7698290712128884e-11,0.9999999999989916,0.0693716422646919,False,pass
cross_rpm,vibration_current_auxiliary_only,current,channel_0,5.050702107734798e-12,1.0000000000064342,0.1965048840422976,False,pass
cross_rpm,vibration_current_auxiliary_only,current,channel_1,7.2776201490425e-13,1.0000000000007512,0.1956778200425604,False,pass
cross_rpm,vibration_current_auxiliary_only,current,channel_2,4.632973337166159e-12,1.0000000000059406,0.1960341660519176,False,pass
cross_rpm,vibration_current_auxiliary_only,scalar,has_key_phase,0.0,0.0,1.0,True,pass
cross_rpm,vibration_current_auxiliary_only,scalar,has_torque,0.0,0.0,1.0,True,pass
cross_rpm,vibration_current_auxiliary_only,scalar,key_phase_0_clearance_factor,-2.178288926847376e-10,0.9999999989647588,67.08156199354858,False,pass
cross_rpm,vibration_current_auxiliary_only,scalar,key_phase_0_crest_factor,4.839293154628287e-10,1.0000000005801684,1.3768752825125372,False,pass
cross_rpm,vibration_current_auxiliary_only,scalar,key_phase_0_energy,5.598213697562814e-11,1.0000000030163492,8491.960419866728,False,pass
cross_rpm,vibration_current_auxiliary_only,scalar,key_phase_0_impulse_factor,8.185926540381859e-11,1.0000000000143263,10.559861447491697,False,pass
cross_rpm,vibration_current_auxiliary_only,scalar,key_phase_0_kurtosis,2.238411551155265e-10,1.0000000016682538,10.703145995348258,False,pass
cross_rpm,vibration_current_auxiliary_only,scalar,key_phase_0_mean,3.2728259994525257e-10,1.000000001292172,0.1834540104994302,False,pass
cross_rpm,vibration_current_auxiliary_only,scalar,key_phase_0_peak,-1.7400671680840014e-10,1.0000000032485363,0.2656804539971777,False,pass
cross_rpm,vibration_current_auxiliary_only,scalar,key_phase_0_peak_to_peak,-1.0442386565074264e-10,1.0000000022191635,0.2982592158293022,False,pass
cross_rpm,vibration_current_auxiliary_only,scalar,key_phase_0_rms,2.344854610777286e-10,0.9999999999555028,0.3005360379948211,False,pass
cross_rpm,vibration_current_auxiliary_only,scalar,key_phase_0_shape_factor,-4.971678548537005e-11,1.0000000003071796,1.0543586674007732,False,pass
cross_rpm,vibration_current_auxiliary_only,scalar,key_phase_0_skewness,1.3816641547678422e-10,0.9999999992180792,1.3917779310971492,False,pass
cross_rpm,vibration_current_auxiliary_only,scalar,key_phase_0_std,5.638808437491853e-10,0.9999999991871836,0.2566047313075058,False,pass
cross_rpm,vibration_current_auxiliary_only,scalar,torque_0_clearance_factor,-1.1199645346584416e-10,0.9999999997955672,0.2909967785964822,False,pass
cross_rpm,vibration_current_auxiliary_only,scalar,torque_0_crest_factor,-1.0893680263671407e-10,0.999999995974859,0.0794307153895506,False,pass
cross_rpm,vibration_current_auxiliary_only,scalar,torque_0_energy,6.146382131168074e-10,1.0000000008926586,1729.4648943632424,False,pass
cross_rpm,vibration_current_auxiliary_only,scalar,torque_0_impulse_factor,7.574989987637855e-11,1.000000001664116,0.148260162494993,False,pass
cross_rpm,vibration_current_auxiliary_only,scalar,torque_0_kurtosis,-2.015984488112365e-11,1.0000000058843646,0.5847991181388161,False,pass
cross_rpm,vibration_current_auxiliary_only,scalar,torque_0_mean,3.7657574494383777e-10,1.0000000002075846,0.1858455187370531,False,pass
cross_rpm,vibration_current_auxiliary_only,scalar,torque_0_peak,-5.7116493092494894e-11,0.999999999925148,0.1869022876467974,False,pass
cross_rpm,vibration_current_auxiliary_only,scalar,torque_0_peak_to_peak,-2.910473374135372e-11,1.0000000009048766,0.0355079072734708,False,pass
cross_rpm,vibration_current_auxiliary_only,scalar,torque_0_rms,3.4246771769224667e-10,1.0000000010250398,0.1856783976407867,False,pass
cross_rpm,vibration_current_auxiliary_only,scalar,torque_0_shape_factor,9.28152045599242e-11,1.000000003734071,0.0317633233882927,False,pass
cross_rpm,vibration_current_auxiliary_only,scalar,torque_0_skewness,-4.51427328265616e-10,0.9999999997926438,0.2060658976197355,False,pass
cross_rpm,vibration_current_auxiliary_only,scalar,torque_0_std,5.530631071399414e-11,1.0000000027498843,0.0124182124150754,False,pass
cross_rpm,vibration_current_auxiliary_only,vibration,channel_0,-1.557503649467348e-11,0.9999999999876056,0.0774234365949877,False,pass
cross_rpm,vibration_current_auxiliary_only,vibration,channel_1,1.4931291185183537e-12,1.0000000000254967,0.0766479892426999,False,pass
cross_rpm,vibration_current_auxiliary_only,vibration,channel_2,-1.7698290712128884e-11,0.9999999999989916,0.0693716422646919,False,pass
cross_rpm,vibration_current_rpm_load,current,channel_0,5.050702107734798e-12,1.0000000000064342,0.1965048840422976,False,pass
cross_rpm,vibration_current_rpm_load,current,channel_1,7.2776201490425e-13,1.0000000000007512,0.1956778200425604,False,pass
cross_rpm,vibration_current_rpm_load,current,channel_2,4.632973337166159e-12,1.0000000000059406,0.1960341660519176,False,pass
cross_rpm,vibration_current_rpm_load,scalar,has_key_phase,0.0,0.0,1.0,True,pass
cross_rpm,vibration_current_rpm_load,scalar,has_torque,0.0,0.0,1.0,True,pass
cross_rpm,vibration_current_rpm_load,scalar,key_phase_0_clearance_factor,-2.178288926847376e-10,0.9999999989647588,67.08156199354858,False,pass
cross_rpm,vibration_current_rpm_load,scalar,key_phase_0_crest_factor,4.839293154628287e-10,1.0000000005801684,1.3768752825125372,False,pass
cross_rpm,vibration_current_rpm_load,scalar,key_phase_0_energy,5.598213697562814e-11,1.0000000030163492,8491.960419866728,False,pass
cross_rpm,vibration_current_rpm_load,scalar,key_phase_0_impulse_factor,8.185926540381859e-11,1.0000000000143263,10.559861447491697,False,pass
cross_rpm,vibration_current_rpm_load,scalar,key_phase_0_kurtosis,2.238411551155265e-10,1.0000000016682538,10.703145995348258,False,pass
cross_rpm,vibration_current_rpm_load,scalar,key_phase_0_mean,3.2728259994525257e-10,1.000000001292172,0.1834540104994302,False,pass
cross_rpm,vibration_current_rpm_load,scalar,key_phase_0_peak,-1.7400671680840014e-10,1.0000000032485363,0.2656804539971777,False,pass
cross_rpm,vibration_current_rpm_load,scalar,key_phase_0_peak_to_peak,-1.0442386565074264e-10,1.0000000022191635,0.2982592158293022,False,pass
cross_rpm,vibration_current_rpm_load,scalar,key_phase_0_rms,2.344854610777286e-10,0.9999999999555028,0.3005360379948211,False,pass
cross_rpm,vibration_current_rpm_load,scalar,key_phase_0_shape_factor,-4.971678548537005e-11,1.0000000003071796,1.0543586674007732,False,pass
cross_rpm,vibration_current_rpm_load,scalar,key_phase_0_skewness,1.3816641547678422e-10,0.9999999992180792,1.3917779310971492,False,pass
cross_rpm,vibration_current_rpm_load,scalar,key_phase_0_std,5.638808437491853e-10,0.9999999991871836,0.2566047313075058,False,pass
cross_rpm,vibration_current_rpm_load,scalar,load_nm,2.2517310248480905e-08,1.0000000263763855,9.99753055929066,False,pass
cross_rpm,vibration_current_rpm_load,scalar,rpm_nominal,-2.384185791015625e-08,1.0000000035698844,498.8876515698589,False,pass
cross_rpm,vibration_current_rpm_load,scalar,torque_0_clearance_factor,-1.1199645346584416e-10,0.9999999997955672,0.2909967785964822,False,pass
cross_rpm,vibration_current_rpm_load,scalar,torque_0_crest_factor,-1.0893680263671407e-10,0.999999995974859,0.0794307153895506,False,pass
cross_rpm,vibration_current_rpm_load,scalar,torque_0_energy,6.146382131168074e-10,1.0000000008926586,1729.4648943632424,False,pass
cross_rpm,vibration_current_rpm_load,scalar,torque_0_impulse_factor,7.574989987637855e-11,1.000000001664116,0.148260162494993,False,pass
cross_rpm,vibration_current_rpm_load,scalar,torque_0_kurtosis,-2.015984488112365e-11,1.0000000058843646,0.5847991181388161,False,pass
cross_rpm,vibration_current_rpm_load,scalar,torque_0_mean,3.7657574494383777e-10,1.0000000002075846,0.1858455187370531,False,pass
cross_rpm,vibration_current_rpm_load,scalar,torque_0_peak,-5.7116493092494894e-11,0.999999999925148,0.1869022876467974,False,pass
cross_rpm,vibration_current_rpm_load,scalar,torque_0_peak_to_peak,-2.910473374135372e-11,1.0000000009048766,0.0355079072734708,False,pass
cross_rpm,vibration_current_rpm_load,scalar,torque_0_rms,3.4246771769224667e-10,1.0000000010250398,0.1856783976407867,False,pass
cross_rpm,vibration_current_rpm_load,scalar,torque_0_shape_factor,9.28152045599242e-11,1.000000003734071,0.0317633233882927,False,pass
cross_rpm,vibration_current_rpm_load,scalar,torque_0_skewness,-4.51427328265616e-10,0.9999999997926438,0.2060658976197355,False,pass
cross_rpm,vibration_current_rpm_load,scalar,torque_0_std,5.530631071399414e-11,1.0000000027498843,0.0124182124150754,False,pass
cross_rpm,vibration_current_rpm_load,vibration,channel_0,-1.557503649467348e-11,0.9999999999876056,0.0774234365949877,False,pass
cross_rpm,vibration_current_rpm_load,vibration,channel_1,1.4931291185183537e-12,1.0000000000254967,0.0766479892426999,False,pass
cross_rpm,vibration_current_rpm_load,vibration,channel_2,-1.7698290712128884e-11,0.9999999999989916,0.0693716422646919,False,pass
cross_rpm,vibration_current_rpm_load_only,current,channel_0,5.050702107734798e-12,1.0000000000064342,0.1965048840422976,False,pass
cross_rpm,vibration_current_rpm_load_only,current,channel_1,7.2776201490425e-13,1.0000000000007512,0.1956778200425604,False,pass
cross_rpm,vibration_current_rpm_load_only,current,channel_2,4.632973337166159e-12,1.0000000000059406,0.1960341660519176,False,pass
cross_rpm,vibration_current_rpm_load_only,scalar,load_nm,2.2517310248480905e-08,1.0000000263763855,9.99753055929066,False,pass
cross_rpm,vibration_current_rpm_load_only,scalar,rpm_nominal,-2.384185791015625e-08,1.0000000035698844,498.8876515698589,False,pass
cross_rpm,vibration_current_rpm_load_only,vibration,channel_0,-1.557503649467348e-11,0.9999999999876056,0.0774234365949877,False,pass
cross_rpm,vibration_current_rpm_load_only,vibration,channel_1,1.4931291185183537e-12,1.0000000000254967,0.0766479892426999,False,pass
cross_rpm,vibration_current_rpm_load_only,vibration,channel_2,-1.7698290712128884e-11,0.9999999999989916,0.0693716422646919,False,pass
source_file,full_engineered_features_254,current,channel_0,-7.705868084945028e-12,1.000000000001977,0.1991164652509263,False,pass
source_file,full_engineered_features_254,current,channel_1,-4.567157246140036e-12,0.9999999999970064,0.1983076442874171,False,pass
source_file,full_engineered_features_254,current,channel_2,-3.4893131898259325e-12,0.9999999999984674,0.1985513083845097,False,pass
source_file,full_engineered_features_254,scalar,cur_0_band_energy_0_500,-2.8682195568003446e-10,0.999999999843139,1130633.7112645118,False,pass
source_file,full_engineered_features_254,scalar,cur_0_band_energy_2000_5000,1.4570930135113508e-10,1.000000000113156,6482.089259436578,False,pass
source_file,full_engineered_features_254,scalar,cur_0_band_energy_500_2000,2.165825436280291e-10,1.0000000002812457,558.851151112291,False,pass
source_file,full_engineered_features_254,scalar,cur_0_clearance_factor,3.296177246496814e-10,1.0000000139593603,0.4123224765392348,False,pass
source_file,full_engineered_features_254,scalar,cur_0_crest_factor,-2.7680123761372464e-11,1.000000003964746,0.0958966758392785,False,pass
source_file,full_engineered_features_254,scalar,cur_0_dominant_frequency,7.541587594083487e-10,0.9999999945904748,13.936350694370692,False,pass
source_file,full_engineered_features_254,scalar,cur_0_energy,8.393014490959963e-11,1.0000000011701469,176.9401673723879,False,pass
source_file,full_engineered_features_254,scalar,cur_0_high_frequency_ratio,-3.752950098319336e-10,0.9999999998220164,9.201770615150356e-06,False,pass
source_file,full_engineered_features_254,scalar,cur_0_impulse_factor,-6.04623730728514e-10,0.9999999897205784,0.1858871886902345,False,pass
source_file,full_engineered_features_254,scalar,cur_0_kurtosis,-3.8807392279535377e-10,0.99999999094949,0.1568600651448805,False,pass
source_file,full_engineered_features_254,scalar,cur_0_mean,4.6089102591955576e-11,1.0000000005081917,0.0027664213182389,False,pass
source_file,full_engineered_features_254,scalar,cur_0_order_energy_0.5_1.5,-4.948064545182701e-10,0.9999999996603977,1348464.566620981,False,pass
source_file,full_engineered_features_254,scalar,cur_0_order_energy_1.5_2.5,4.846672377577417e-10,1.0000000012085486,8055.105966765584,False,pass
source_file,full_engineered_features_254,scalar,cur_0_order_energy_10_20,5.159653608952042e-11,0.9999999993649398,766.6898249232227,False,pass
source_file,full_engineered_features_254,scalar,cur_0_order_energy_2.5_5,1.6408211052214575e-10,1.0000000010235988,3479.3993924351817,False,pass
source_file,full_engineered_features_254,scalar,cur_0_order_energy_20_50,3.8702913634313256e-11,0.999999999862058,445.45707189548045,False,pass
source_file,full_engineered_features_254,scalar,cur_0_order_energy_5_10,-3.637772123322728e-11,0.9999999977585118,1883.1473348681363,False,pass
source_file,full_engineered_features_254,scalar,cur_0_order_entropy,-2.0134693571550588e-10,0.999999999984722,0.4600551470419728,False,pass
source_file,full_engineered_features_254,scalar,cur_0_peak,6.144295084398585e-11,1.000000000384946,0.0484212695159448,False,pass
source_file,full_engineered_features_254,scalar,cur_0_peak_order,4.176445140970463e-10,0.9999999950119316,0.2021096331899753,False,pass
source_file,full_engineered_features_254,scalar,cur_0_peak_order_amp,-1.1331540976510179e-10,1.000000000963552,348.96238235776934,False,pass
source_file,full_engineered_features_254,scalar,cur_0_peak_to_peak,-6.203709778522928e-10,0.9999999994895784,0.0965727892285896,False,pass
source_file,full_engineered_features_254,scalar,cur_0_rms,9.762087776719388e-11,0.999999999153897,0.0340909685214299,False,pass
source_file,full_engineered_features_254,scalar,cur_0_shape_factor,-9.538567892385363e-11,0.99999999986361,0.0268526117451737,False,pass
source_file,full_engineered_features_254,scalar,cur_0_skewness,2.0633240657814544e-10,1.000000011163102,0.0544406274981193,False,pass
source_file,full_engineered_features_254,scalar,cur_0_spectral_centroid,3.505871709050457e-10,0.9999999999234012,21.353471244867475,False,pass
source_file,full_engineered_features_254,scalar,cur_0_spectral_entropy,-2.0134693571550588e-10,0.999999999984722,0.4600551470419728,False,pass
source_file,full_engineered_features_254,scalar,cur_0_spectral_kurtosis,2.373942212730677e-10,0.999999999422689,1129.0397823194662,False,pass
source_file,full_engineered_features_254,scalar,cur_0_std,-4.453346275739197e-12,0.9999999998079372,0.0341102961632986,False,pass
source_file,full_engineered_features_254,scalar,cur_1_band_energy_0_500,-1.811721024336536e-10,0.9999999997486664,1110132.080840238,False,pass
source_file,full_engineered_features_254,scalar,cur_1_band_energy_2000_5000,-2.7262415864252926e-10,0.999999999566527,6741.691658001803,False,pass
source_file,full_engineered_features_254,scalar,cur_1_band_energy_500_2000,-9.91765176017575e-11,0.9999999995983018,550.7588371548895,False,pass
source_file,full_engineered_features_254,scalar,cur_1_clearance_factor,3.1590606506047744e-10,1.000000001786496,0.3351580200978292,False,pass
source_file,full_engineered_features_254,scalar,cur_1_crest_factor,2.353342730421797e-10,1.0000000051625622,0.0902546107069333,False,pass
source_file,full_engineered_features_254,scalar,cur_1_dominant_frequency,9.280597268490953e-09,1.000000022430561,13.939069151174316,False,pass
source_file,full_engineered_features_254,scalar,cur_1_energy,2.380280514979562e-10,1.0000000004982856,173.73308723733896,False,pass
source_file,full_engineered_features_254,scalar,cur_1_high_frequency_ratio,-3.9949010077526357e-10,0.9999999988509268,9.113591574719287e-06,False,pass
source_file,full_engineered_features_254,scalar,cur_1_impulse_factor,1.4243598752775208e-10,1.0000000047970727,0.1660866502189096,False,pass
source_file,full_engineered_features_254,scalar,cur_1_kurtosis,-3.953797634378031e-10,0.9999999847532666,0.1298792605931244,False,pass
source_file,full_engineered_features_254,scalar,cur_1_mean,-1.7806909011528578e-10,0.9999999999936215,0.0027538665149101,False,pass
source_file,full_engineered_features_254,scalar,cur_1_order_energy_0.5_1.5,-7.105512399360115e-11,0.9999999999497616,1328436.8863382337,False,pass
source_file,full_engineered_features_254,scalar,cur_1_order_energy_1.5_2.5,1.6368114401031402e-10,1.000000000487525,7994.78047160912,False,pass
source_file,full_engineered_features_254,scalar,cur_1_order_energy_10_20,-3.2958775550317864e-10,0.9999999995686736,760.7950910855011,False,pass
source_file,full_engineered_features_254,scalar,cur_1_order_energy_2.5_5,2.0707233447111328e-10,1.0000000000455946,3461.0244260238205,False,pass
source_file,full_engineered_features_254,scalar,cur_1_order_energy_20_50,-2.4357682174931823e-11,0.9999999999802848,443.0713662102519,False,pass
source_file,full_engineered_features_254,scalar,cur_1_order_energy_5_10,-2.1723979801340272e-10,0.9999999988931592,1808.4859780346808,False,pass
source_file,full_engineered_features_254,scalar,cur_1_order_entropy,-3.916795211453046e-11,1.0000000005950704,0.4595766438555418,False,pass
source_file,full_engineered_features_254,scalar,cur_1_peak,-5.535032670183363e-10,1.000000000137163,0.0478170474618181,False,pass
source_file,full_engineered_features_254,scalar,cur_1_peak_order,-5.282770996461277e-09,0.9999999995641898,0.2022077517736346,False,pass
source_file,full_engineered_features_254,scalar,cur_1_peak_order_amp,2.132557961297346e-10,1.0000000006586676,345.57100000449776,False,pass
source_file,full_engineered_features_254,scalar,cur_1_peak_to_peak,8.864804640964017e-11,1.0000000001991052,0.0953647117375193,False,pass
source_file,full_engineered_features_254,scalar,cur_1_rms,1.1375874644957554e-11,1.000000001023408,0.0337187139413939,False,pass
source_file,full_engineered_features_254,scalar,cur_1_shape_factor,-2.3455791713492817e-10,0.999999990620195,0.0258606154062575,False,pass
source_file,full_engineered_features_254,scalar,cur_1_skewness,3.8360025261566444e-10,0.999999992649444,0.0528345287470954,False,pass
source_file,full_engineered_features_254,scalar,cur_1_spectral_centroid,5.7775347363339564e-11,1.0000000004552665,21.78291088600584,False,pass
source_file,full_engineered_features_254,scalar,cur_1_spectral_entropy,-3.916795211453046e-11,1.0000000005950704,0.4595766438555418,False,pass
source_file,full_engineered_features_254,scalar,cur_1_spectral_kurtosis,-2.5552727727205525e-10,1.0000000004657077,1129.0637452827723,False,pass
source_file,full_engineered_features_254,scalar,cur_1_std,-1.82149027715058e-10,1.000000000374955,0.0337462678716187,False,pass
source_file,full_engineered_features_254,scalar,cur_2_band_energy_0_500,-4.3688608404369237e-10,0.999999999768996,1113795.6185217935,False,pass
source_file,full_engineered_features_254,scalar,cur_2_band_energy_2000_5000,4.243465797793469e-10,1.0000000007661525,6883.765078361512,False,pass
source_file,full_engineered_features_254,scalar,cur_2_band_energy_500_2000,2.2481544709261501e-10,1.0000000004274008,550.1029674344004,False,pass
source_file,full_engineered_features_254,scalar,cur_2_clearance_factor,2.2099730893355768e-10,1.0000000051949574,0.350764180492432,False,pass
source_file,full_engineered_features_254,scalar,cur_2_crest_factor,5.82186840478133e-11,1.0000000019182251,0.0978642113860569,False,pass
source_file,full_engineered_features_254,scalar,cur_2_dominant_frequency,-2.272282458539149e-08,0.9999999930269056,13.937156334031094,False,pass
source_file,full_engineered_features_254,scalar,cur_2_energy,2.995095833121528e-10,0.999999999836254,174.3256226547422,False,pass
source_file,full_engineered_features_254,scalar,cur_2_high_frequency_ratio,2.138694746871472e-11,1.0000000001101217,9.236269746745785e-06,False,pass
source_file,full_engineered_features_254,scalar,cur_2_impulse_factor,-1.872058044779976e-10,0.9999999926288582,0.1855175564972341,False,pass
source_file,full_engineered_features_254,scalar,cur_2_kurtosis,-4.722762013341176e-10,0.9999999876323772,0.1768001427819879,False,pass
source_file,full_engineered_features_254,scalar,cur_2_mean,2.583202639369449e-12,0.9999999993112146,0.0027272073845385,False,pass
source_file,full_engineered_features_254,scalar,cur_2_order_energy_0.5_1.5,-2.135401585485637e-10,0.9999999996986264,1333131.996864648,False,pass
source_file,full_engineered_features_254,scalar,cur_2_order_energy_1.5_2.5,3.535842577918084e-10,1.000000000768266,8001.79831051032,False,pass
source_file,full_engineered_features_254,scalar,cur_2_order_energy_10_20,2.2456880446162576e-10,1.0000000011827543,762.6214380398881,False,pass
source_file,full_engineered_features_254,scalar,cur_2_order_energy_2.5_5,-4.7770841055159545e-11,0.9999999999110458,3456.575589791549,False,pass
source_file,full_engineered_features_254,scalar,cur_2_order_energy_20_50,-1.1704243482933142e-10,0.9999999995803333,442.7481435578656,False,pass
source_file,full_engineered_features_254,scalar,cur_2_order_energy_5_10,2.0703099771731612e-10,1.0000000008078067,1794.4952700515175,False,pass
source_file,full_engineered_features_254,scalar,cur_2_order_entropy,-2.821426351502045e-10,1.0000000005984322,0.460102457191244,False,pass
source_file,full_engineered_features_254,scalar,cur_2_peak,-6.287595830895144e-11,0.99999999911599,0.0479860419095306,False,pass
source_file,full_engineered_features_254,scalar,cur_2_peak_order,2.972718870399373e-09,0.9999999997553608,0.2020813436594471,False,pass
source_file,full_engineered_features_254,scalar,cur_2_peak_order_amp,9.9840316973149e-12,1.0000000001222624,346.1333101343501,False,pass
source_file,full_engineered_features_254,scalar,cur_2_peak_to_peak,7.222908780143834e-11,1.000000000297062,0.095497319244468,False,pass
source_file,full_engineered_features_254,scalar,cur_2_rms,3.36657546057799e-10,0.9999999997935402,0.0337271872546821,False,pass
source_file,full_engineered_features_254,scalar,cur_2_shape_factor,-1.6121213415330904e-10,0.9999999977071188,0.0269409679721471,False,pass
source_file,full_engineered_features_254,scalar,cur_2_skewness,-1.3195794125463842e-10,0.9999999915681792,0.0601107157319365,False,pass
source_file,full_engineered_features_254,scalar,cur_2_spectral_centroid,2.1408080884093474e-10,1.0000000001695213,21.896993044747624,False,pass
source_file,full_engineered_features_254,scalar,cur_2_spectral_entropy,-2.821426351502045e-10,1.0000000005984322,0.460102457191244,False,pass
source_file,full_engineered_features_254,scalar,cur_2_spectral_kurtosis,3.3470093971140376e-10,0.9999999988143428,1130.756333738958,False,pass
source_file,full_engineered_features_254,scalar,cur_2_std,1.7365845848513688e-10,1.000000000383985,0.0337399167159029,False,pass
source_file,full_engineered_features_254,scalar,key_phase_0_clearance_factor,-1.5738555640701808e-10,0.9999999998765192,58.69515016870481,False,pass
source_file,full_engineered_features_254,scalar,key_phase_0_crest_factor,4.2523566445893247e-10,1.000000001089736,1.2799021793389926,False,pass
source_file,full_engineered_features_254,scalar,key_phase_0_energy,4.86182229784405e-11,1.0000000006728536,7808.891191618607,False,pass
source_file,full_engineered_features_254,scalar,key_phase_0_impulse_factor,1.0765193002195296e-10,1.0000000004313994,9.52729047577278,False,pass
source_file,full_engineered_features_254,scalar,key_phase_0_kurtosis,9.612173149615296e-11,1.0000000002270344,9.66626639828,False,pass
source_file,full_engineered_features_254,scalar,key_phase_0_mean,-3.10025653478131e-14,1.0000000004223468,0.1687059887455128,False,pass
source_file,full_engineered_features_254,scalar,key_phase_0_peak,1.1651952489379829e-10,0.9999999955304762,0.1903346806542697,False,pass
source_file,full_engineered_features_254,scalar,key_phase_0_peak_to_peak,4.6400213335220876e-10,0.9999999902950292,0.2140686501339187,False,pass
source_file,full_engineered_features_254,scalar,key_phase_0_rms,3.143108969550954e-11,0.999999999646146,0.2824734810172649,False,pass
source_file,full_engineered_features_254,scalar,key_phase_0_shape_factor,-1.0984553375678488e-10,0.999999999812302,0.9529943583583788,False,pass
source_file,full_engineered_features_254,scalar,key_phase_0_skewness,-4.3704523054581115e-10,0.9999999995708913,1.2679531047217856,False,pass
source_file,full_engineered_features_254,scalar,key_phase_0_std,-2.694329612493944e-11,1.0000000003813008,0.2421199488516501,False,pass
source_file,full_engineered_features_254,scalar,load_nm,-2.6266453629833163e-08,0.9999999793561792,9.998563527967882,False,pass
source_file,full_engineered_features_254,scalar,rpm_nominal,8.587109840522378e-09,0.9999999800570706,774.4854005963297,False,pass
source_file,full_engineered_features_254,scalar,torque_0_clearance_factor,1.1840116531481783e-10,1.0000000027283666,0.2172808708768478,False,pass
source_file,full_engineered_features_254,scalar,torque_0_crest_factor,1.048851233011348e-11,0.9999999997574686,0.0639251844218536,False,pass
source_file,full_engineered_features_254,scalar,torque_0_energy,-1.182561852626983e-10,0.9999999999226922,1857.581117890736,False,pass
source_file,full_engineered_features_254,scalar,torque_0_impulse_factor,3.637589552660124e-10,1.0000000067798152,0.1101922876190743,False,pass
source_file,full_engineered_features_254,scalar,torque_0_kurtosis,2.904717649799447e-10,1.0000000199006067,13.073132492933464,False,pass
source_file,full_engineered_features_254,scalar,torque_0_mean,-3.507892042892289e-10,0.9999999997597836,0.1888299369072603,False,pass
source_file,full_engineered_features_254,scalar,torque_0_peak,-2.4874804964933347e-10,1.0000000004660177,0.19016860632081,False,pass
source_file,full_engineered_features_254,scalar,torque_0_peak_to_peak,-5.931400468155151e-10,0.999999994652291,0.0331406042423103,False,pass
source_file,full_engineered_features_254,scalar,torque_0_rms,-7.90022527002699e-10,0.9999999996523664,0.1887318645139701,False,pass
source_file,full_engineered_features_254,scalar,torque_0_shape_factor,3.8606771234440204e-10,1.000000007249081,0.0231458610531406,False,pass
source_file,full_engineered_features_254,scalar,torque_0_skewness,1.1599093115461808e-11,1.0000000124201958,0.39410752532676,False,pass
source_file,full_engineered_features_254,scalar,torque_0_std,8.973382514271024e-11,1.0000000026337368,0.0114165462692414,False,pass
source_file,full_engineered_features_254,scalar,vib_0_band_energy_0_500,1.0737635166330572e-10,1.0000000005101866,5522.47917606103,False,pass
source_file,full_engineered_features_254,scalar,vib_0_band_energy_2000_5000,1.8771846634331848e-10,1.0000000014745731,8475491.27577883,False,pass
source_file,full_engineered_features_254,scalar,vib_0_band_energy_500_2000,-1.0629677344330523e-10,0.9999999990617549,1296509.9765773946,False,pass
source_file,full_engineered_features_254,scalar,vib_0_clearance_factor,-3.007551974932383e-10,0.9999999979875164,2.0604482680848384,False,pass
source_file,full_engineered_features_254,scalar,vib_0_crest_factor,-8.372001641113112e-11,0.9999999998976388,0.9797571783907368,False,pass
source_file,full_engineered_features_254,scalar,vib_0_dominant_frequency,1.7841604326882262e-09,0.9999999976969528,579.8751763110295,False,pass
source_file,full_engineered_features_254,scalar,vib_0_energy,-1.9388039844267048e-10,0.9999999984270258,1339.9018338958072,False,pass
source_file,full_engineered_features_254,scalar,vib_0_envelope_band_energy,2.0121216067448002e-10,1.000000001521151,2091321.63457948,False,pass
source_file,full_engineered_features_254,scalar,vib_0_envelope_kurtosis,-1.7855634710066888e-10,0.9999999937223868,4.519723314694299,False,pass
source_file,full_engineered_features_254,scalar,vib_0_envelope_rms,2.66082961827089e-10,1.0000000013393906,0.1717821889173748,False,pass
source_file,full_engineered_features_254,scalar,vib_0_envelope_spectrum_peak_amp,3.120719519684422e-10,1.0000000015469936,192.9298995374708,False,pass
source_file,full_engineered_features_254,scalar,vib_0_envelope_spectrum_peak_freq,6.617669809964862e-10,1.0000000049459066,315.4230148743214,False,pass
source_file,full_engineered_features_254,scalar,vib_0_high_frequency_ratio,-1.0222234741070595e-11,0.9999999997303032,0.0042483903855154,False,pass
source_file,full_engineered_features_254,scalar,vib_0_impulse_factor,1.4762904909206135e-10,1.0000000025805342,1.5649155889841306,False,pass
source_file,full_engineered_features_254,scalar,vib_0_keyphase_angle_revolutions,6.248441657698546e-09,1.0000000040761492,17.89864259442164,False,pass
source_file,full_engineered_features_254,scalar,vib_0_keyphase_estimated_rpm,-1.992825610072321e-09,0.9999999959208902,2093.555790272188,False,pass
source_file,full_engineered_features_254,scalar,vib_0_keyphase_order_energy_0.5_1.5,1.5837763849814814e-10,0.999999999987522,3316.112505945362,False,pass
source_file,full_engineered_features_254,scalar,vib_0_keyphase_order_energy_1.5_2.5,-1.5374516628928827e-11,0.9999999988964092,133.63737847897997,False,pass
source_file,full_engineered_features_254,scalar,vib_0_keyphase_order_energy_10_20,1.269617056123642e-10,1.0000000007659358,7077.534221811711,False,pass
source_file,full_engineered_features_254,scalar,vib_0_keyphase_order_energy_2.5_5,-2.86133698729313e-10,0.9999999986334848,504.0668116372459,False,pass
source_file,full_engineered_features_254,scalar,vib_0_keyphase_order_energy_20_50,-2.1890980286680486e-10,0.9999999983353484,6158326.968298483,False,pass
source_file,full_engineered_features_254,scalar,vib_0_keyphase_order_energy_5_10,-1.6334080473738468e-10,0.9999999995716008,732.5228959613947,False,pass
source_file,full_engineered_features_254,scalar,vib_0_keyphase_order_entropy,-4.20094233468946e-10,1.0000000003819491,0.5651382860999985,False,pass
source_file,full_engineered_features_254,scalar,vib_0_keyphase_peak_order,4.068010568409952e-09,0.9999999968115724,28.672004308498423,False,pass
source_file,full_engineered_features_254,scalar,vib_0_keyphase_peak_order_amp,-4.1775371202166014e-10,0.9999999980525728,447.31310166638434,False,pass
source_file,full_engineered_features_254,scalar,vib_0_keyphase_pulse_count,6.248441657698546e-09,1.0000000040761492,17.89864259442164,False,pass
source_file,full_engineered_features_254,scalar,vib_0_keyphase_rpm_std,1.9307433174362726e-10,1.0000000021996225,364.1164312149143,False,pass
source_file,full_engineered_features_254,scalar,vib_0_kurtosis,-1.979644697178224e-10,1.0000000016746289,2.863153795776616,False,pass
source_file,full_engineered_features_254,scalar,vib_0_mean,-2.0457529312793958e-10,0.9999999991836503,4.025770089932385e-05,False,pass
source_file,full_engineered_features_254,scalar,vib_0_order_energy_0.5_1.5,-1.9295169937402928e-10,0.9999999997606412,3475.6204452661505,False,pass
source_file,full_engineered_features_254,scalar,vib_0_order_energy_1.5_2.5,2.322863763955413e-10,0.999999999692729,150.66565273532777,False,pass
source_file,full_engineered_features_254,scalar,vib_0_order_energy_10_20,-1.3808129238377983e-10,1.000000001070798,8682.233857271198,False,pass
source_file,full_engineered_features_254,scalar,vib_0_order_energy_2.5_5,-2.2799837713499047e-10,0.9999999985542044,555.8846735597787,False,pass
source_file,full_engineered_features_254,scalar,vib_0_order_energy_20_50,-1.3247602856889522e-10,0.9999999999867946,8060931.371188595,False,pass
source_file,full_engineered_features_254,scalar,vib_0_order_energy_5_10,-3.15134187301554e-10,0.999999998933757,2566.6838965575707,False,pass
source_file,full_engineered_features_254,scalar,vib_0_order_entropy,-2.8893340261669467e-10,1.0000000003173917,0.984468016326692,False,pass
source_file,full_engineered_features_254,scalar,vib_0_peak,9.438558783667544e-13,0.9999999999170708,0.3672429517649399,False,pass
source_file,full_engineered_features_254,scalar,vib_0_peak_order,-1.918929273201067e-09,0.999999990577753,30.36425908855788,False,pass
source_file,full_engineered_features_254,scalar,vib_0_peak_order_amp,2.3094155400534287e-10,1.000000000912555,608.8356662531769,False,pass
source_file,full_engineered_features_254,scalar,vib_0_peak_to_peak,-1.7250352680769382e-10,0.9999999998190786,0.7156286996274414,False,pass
source_file,full_engineered_features_254,scalar,vib_0_rms,1.3417986712468916e-10,0.9999999996406138,0.1214541095654297,False,pass
source_file,full_engineered_features_254,scalar,vib_0_shape_factor,-2.536968341429781e-10,0.9999999989331156,0.0618972643189704,False,pass
source_file,full_engineered_features_254,scalar,vib_0_skewness,-1.8844272071713823e-10,0.9999999985811324,0.0744027968903257,False,pass
source_file,full_engineered_features_254,scalar,vib_0_spectral_centroid,4.501407141487274e-10,0.999999999498988,355.49874079775003,False,pass
source_file,full_engineered_features_254,scalar,vib_0_spectral_entropy,-2.8893340261669467e-10,1.0000000003173917,0.984468016326692,False,pass
source_file,full_engineered_features_254,scalar,vib_0_spectral_kurtosis,-1.2992141718423544e-10,1.0000000005907173,1557.8906387951993,False,pass
source_file,full_engineered_features_254,scalar,vib_0_std,3.0485166979452925e-10,1.000000001040496,0.1214683507996946,False,pass
source_file,full_engineered_features_254,scalar,vib_1_band_energy_0_500,-4.4888166552265777e-10,0.9999999987049054,719.0261157357965,False,pass
source_file,full_engineered_features_254,scalar,vib_1_band_energy_2000_5000,4.754953010360653e-10,1.0000000023082136,347558.5636562034,False,pass
source_file,full_engineered_features_254,scalar,vib_1_band_energy_500_2000,3.364529291265034e-10,1.0000000010093355,642479.9388204528,False,pass
source_file,full_engineered_features_254,scalar,vib_1_clearance_factor,-7.327559661840119e-11,0.9999999948113736,3.1109715462394942,False,pass
source_file,full_engineered_features_254,scalar,vib_1_crest_factor,-1.3119734498477208e-10,0.9999999991527996,1.3082562788543797,False,pass
source_file,full_engineered_features_254,scalar,vib_1_dominant_frequency,2.4919173080675545e-10,0.9999999999353538,474.55193441941793,False,pass
source_file,full_engineered_features_254,scalar,vib_1_energy,1.9144945284645363e-10,1.0000000010768997,133.38368187420193,False,pass
source_file,full_engineered_features_254,scalar,vib_1_envelope_band_energy,2.7763003952735616e-10,1.0000000013857318,224633.34770018852,False,pass
source_file,full_engineered_features_254,scalar,vib_1_envelope_kurtosis,1.0358559910363896e-10,1.0000000018007829,3.292562243779406,False,pass
source_file,full_engineered_features_254,scalar,vib_1_envelope_rms,-1.9539607941523023e-10,0.9999999998445296,0.0735829099963083,False,pass
source_file,full_engineered_features_254,scalar,vib_1_envelope_spectrum_peak_amp,-1.4637344519547488e-10,1.0000000005294667,106.734579306751,False,pass
source_file,full_engineered_features_254,scalar,vib_1_envelope_spectrum_peak_freq,8.008968490349185e-10,1.000000001254006,264.3126320394662,False,pass
source_file,full_engineered_features_254,scalar,vib_1_high_frequency_ratio,2.8099622917823206e-10,1.0000000008596754,0.004611840242674,False,pass
source_file,full_engineered_features_254,scalar,vib_1_impulse_factor,-1.097725054917434e-10,0.9999999970678743,2.275356000191032,False,pass
source_file,full_engineered_features_254,scalar,vib_1_keyphase_angle_revolutions,6.248441657698546e-09,1.0000000040761492,17.89864259442164,False,pass
source_file,full_engineered_features_254,scalar,vib_1_keyphase_estimated_rpm,-1.992825610072321e-09,0.9999999959208902,2093.555790272188,False,pass
source_file,full_engineered_features_254,scalar,vib_1_keyphase_order_energy_0.5_1.5,1.4605653008303062e-10,1.000000000986495,126.06267705460652,False,pass
source_file,full_engineered_features_254,scalar,vib_1_keyphase_order_energy_1.5_2.5,-2.2298009522402447e-10,0.9999999994718828,275.8407995724384,False,pass
source_file,full_engineered_features_254,scalar,vib_1_keyphase_order_energy_10_20,1.7954274538815182e-10,1.000000000361794,15012.83879328369,False,pass
source_file,full_engineered_features_254,scalar,vib_1_keyphase_order_energy_2.5_5,-4.674856160419837e-10,0.999999999070718,124.91140653706336,False,pass
source_file,full_engineered_features_254,scalar,vib_1_keyphase_order_energy_20_50,-1.4749642700696235e-10,0.9999999994745128,537195.8814342624,False,pass
source_file,full_engineered_features_254,scalar,vib_1_keyphase_order_energy_5_10,-7.512541635082071e-11,0.9999999998587789,406.5732138968024,False,pass
source_file,full_engineered_features_254,scalar,vib_1_keyphase_order_entropy,5.620475740281936e-10,0.9999999999289312,1.1723715602080174,False,pass
source_file,full_engineered_features_254,scalar,vib_1_keyphase_peak_order,-8.035688568003622e-09,1.0000000038696697,20.74193860130182,False,pass
source_file,full_engineered_features_254,scalar,vib_1_keyphase_peak_order_amp,2.14405474594716e-10,0.9999999998268776,241.1101782034389,False,pass
source_file,full_engineered_features_254,scalar,vib_1_keyphase_pulse_count,6.248441657698546e-09,1.0000000040761492,17.89864259442164,False,pass
source_file,full_engineered_features_254,scalar,vib_1_keyphase_rpm_std,1.9307433174362726e-10,1.0000000021996225,364.1164312149143,False,pass
source_file,full_engineered_features_254,scalar,vib_1_kurtosis,1.20053257574908e-10,1.0000000015191184,2.5563752290400155,False,pass
source_file,full_engineered_features_254,scalar,vib_1_mean,2.8087290786273742e-11,0.9999999988168772,3.128664411261609e-05,False,pass
source_file,full_engineered_features_254,scalar,vib_1_order_energy_0.5_1.5,3.1198002075036234e-10,1.0000000007303589,130.93159826939794,False,pass
source_file,full_engineered_features_254,scalar,vib_1_order_energy_1.5_2.5,1.9435379039188411e-10,1.000000000540909,323.1794147529069,False,pass
source_file,full_engineered_features_254,scalar,vib_1_order_energy_10_20,2.4375181400705925e-10,1.0000000032823122,48894.08378157461,False,pass
source_file,full_engineered_features_254,scalar,vib_1_order_energy_2.5_5,2.2286297442159934e-10,1.000000000771104,130.79016151927317,False,pass
source_file,full_engineered_features_254,scalar,vib_1_order_energy_20_50,-7.083259446899352e-11,0.999999999711219,751504.7319107781,False,pass
source_file,full_engineered_features_254,scalar,vib_1_order_energy_5_10,-1.0549139569015871e-10,0.9999999998424244,450.75287783602937,False,pass
source_file,full_engineered_features_254,scalar,vib_1_order_entropy,-4.0010119578556375e-10,1.000000000031376,1.2329606667912991,False,pass
source_file,full_engineered_features_254,scalar,vib_1_peak,3.616339016478939e-10,1.000000000955,0.1749741496450479,False,pass
source_file,full_engineered_features_254,scalar,vib_1_peak_order,-8.72718080865559e-10,0.9999999991671762,21.573289832873705,False,pass
source_file,full_engineered_features_254,scalar,vib_1_peak_order_amp,7.289598742936463e-11,1.0000000001556792,310.7959888599985,False,pass
source_file,full_engineered_features_254,scalar,vib_1_peak_to_peak,-1.7982728004345508e-10,0.9999999988865268,0.3336393487615397,False,pass
source_file,full_engineered_features_254,scalar,vib_1_rms,2.1919778225159128e-10,1.0000000000418503,0.0520303873073668,False,pass
source_file,full_engineered_features_254,scalar,vib_1_shape_factor,3.31984770513987e-10,1.0000000013255508,0.0751774334298217,False,pass
source_file,full_engineered_features_254,scalar,vib_1_skewness,8.241360275466911e-11,0.9999999984659556,0.1008172019029149,False,pass
source_file,full_engineered_features_254,scalar,vib_1_spectral_centroid,-6.184915334463188e-10,0.9999999986727696,381.8573730977716,False,pass
source_file,full_engineered_features_254,scalar,vib_1_spectral_entropy,-4.0010119578556375e-10,1.000000000031376,1.2329606667912991,False,pass
source_file,full_engineered_features_254,scalar,vib_1_spectral_kurtosis,-2.9871247290976573e-10,0.9999999995290874,2023.552975322269,False,pass
source_file,full_engineered_features_254,scalar,vib_1_std,-2.0185563614192124e-10,0.9999999998245386,0.0520309746938174,False,pass
source_file,full_engineered_features_254,scalar,vib_2_band_energy_0_500,2.1345145676437407e-10,1.000000002864765,19856.7620118086,False,pass
source_file,full_engineered_features_254,scalar,vib_2_band_energy_2000_5000,3.400922858253885e-10,1.0000000010387176,1461131.6877573985,False,pass
source_file,full_engineered_features_254,scalar,vib_2_band_energy_500_2000,5.469885946199158e-12,1.0000000000027078,423896.3541865472,False,pass
source_file,full_engineered_features_254,scalar,vib_2_clearance_factor,-3.9771227588904066e-10,0.999999994180762,2.642211392358237,False,pass
source_file,full_engineered_features_254,scalar,vib_2_crest_factor,-2.9729600014631896e-10,0.9999999976386288,1.205532591002762,False,pass
source_file,full_engineered_features_254,scalar,vib_2_dominant_frequency,-6.250558099492954e-10,0.9999999998061708,1563.5008937676394,False,pass
source_file,full_engineered_features_254,scalar,vib_2_energy,7.05149904106526e-11,1.0000000004216203,287.5819236047424,False,pass
source_file,full_engineered_features_254,scalar,vib_2_envelope_band_energy,3.5782058611011286e-10,0.9999999996865492,412331.8789435529,False,pass
source_file,full_engineered_features_254,scalar,vib_2_envelope_kurtosis,-4.704144972849815e-10,0.9999999828338952,6.467689496665095,False,pass
source_file,full_engineered_features_254,scalar,vib_2_envelope_rms,1.2037124916531578e-10,0.9999999991666664,0.105589823105057,False,pass
source_file,full_engineered_features_254,scalar,vib_2_envelope_spectrum_peak_amp,-7.149880515102319e-12,0.9999999996766058,153.14037197431233,False,pass
source_file,full_engineered_features_254,scalar,vib_2_envelope_spectrum_peak_freq,-2.076493955541205e-09,0.9999999950102564,340.1654111560203,False,pass
source_file,full_engineered_features_254,scalar,vib_2_high_frequency_ratio,4.906672675713887e-11,1.000000000368092,0.0440540089847596,False,pass
source_file,full_engineered_features_254,scalar,vib_2_impulse_factor,1.967216113203234e-11,0.999999998336297,2.0038983018230443,False,pass
source_file,full_engineered_features_254,scalar,vib_2_keyphase_angle_revolutions,6.248441657698546e-09,1.0000000040761492,17.89864259442164,False,pass
source_file,full_engineered_features_254,scalar,vib_2_keyphase_estimated_rpm,-1.992825610072321e-09,0.9999999959208902,2093.555790272188,False,pass
source_file,full_engineered_features_254,scalar,vib_2_keyphase_order_energy_0.5_1.5,-1.9072698542605324e-10,0.999999989588736,1947.145158248536,False,pass
source_file,full_engineered_features_254,scalar,vib_2_keyphase_order_energy_1.5_2.5,5.530780151636488e-10,1.0000000169768677,654.4711664070902,False,pass
source_file,full_engineered_features_254,scalar,vib_2_keyphase_order_energy_10_20,3.3609536620615866e-11,1.0000000008377017,7815.05122921239,False,pass
source_file,full_engineered_features_254,scalar,vib_2_keyphase_order_energy_2.5_5,-1.8129025665492358e-10,1.0000000009781935,638.5971340282792,False,pass
source_file,full_engineered_features_254,scalar,vib_2_keyphase_order_energy_20_50,-1.4548470498883762e-11,0.9999999993409756,403352.3981971095,False,pass
source_file,full_engineered_features_254,scalar,vib_2_keyphase_order_energy_5_10,5.077300461199801e-10,0.9999999999802754,647.5856820935086,False,pass
source_file,full_engineered_features_254,scalar,vib_2_keyphase_order_entropy,-1.7970671451154694e-10,1.0000000006239171,0.5236779953399723,False,pass
source_file,full_engineered_features_254,scalar,vib_2_keyphase_peak_order,9.427204955291278e-09,0.9999999975763372,26.765342494627586,False,pass
source_file,full_engineered_features_254,scalar,vib_2_keyphase_peak_order_amp,-3.8723409774737646e-11,1.000000000124856,151.93821845318334,False,pass
source_file,full_engineered_features_254,scalar,vib_2_keyphase_pulse_count,6.248441657698546e-09,1.0000000040761492,17.89864259442164,False,pass
source_file,full_engineered_features_254,scalar,vib_2_keyphase_rpm_std,1.9307433174362726e-10,1.0000000021996225,364.1164312149143,False,pass
source_file,full_engineered_features_254,scalar,vib_2_kurtosis,1.2080390718839188e-10,0.9999999926744708,3.6694699104077566,False,pass
source_file,full_engineered_features_254,scalar,vib_2_mean,4.632816681808205e-11,1.000000009871656,0.0005716216753814,False,pass
source_file,full_engineered_features_254,scalar,vib_2_order_energy_0.5_1.5,1.1202346397246878e-10,1.0000000026178175,2066.4011770900074,False,pass
source_file,full_engineered_features_254,scalar,vib_2_order_energy_1.5_2.5,3.1874288590803944e-10,1.000000007301431,690.4014955520578,False,pass
source_file,full_engineered_features_254,scalar,vib_2_order_energy_10_20,-3.892378968876901e-10,0.999999999014892,9510.20425838098,False,pass
source_file,full_engineered_features_254,scalar,vib_2_order_energy_2.5_5,5.707558501614457e-10,1.000000008665989,674.4000338708818,False,pass
source_file,full_engineered_features_254,scalar,vib_2_order_energy_20_50,4.766265501983125e-10,1.0000000024726046,470504.6557980883,False,pass
source_file,full_engineered_features_254,scalar,vib_2_order_energy_5_10,-8.989366059072564e-11,0.9999999993706088,863.6411620381336,False,pass
source_file,full_engineered_features_254,scalar,vib_2_order_entropy,-3.3533614782808563e-10,0.99999999953999,0.6968090676417779,False,pass
source_file,full_engineered_features_254,scalar,vib_2_peak,1.0180691303504528e-10,0.9999999998460788,0.2995062283683141,False,pass
source_file,full_engineered_features_254,scalar,vib_2_peak_order,-3.1306803855759635e-10,0.9999999986438862,68.36034380538618,False,pass
source_file,full_engineered_features_254,scalar,vib_2_peak_order_amp,5.1839088104248515e-11,0.9999999992270812,246.99166911991776,False,pass
source_file,full_engineered_features_254,scalar,vib_2_peak_to_peak,-6.546088331306244e-11,1.0000000003750855,0.5747537938725398,False,pass
source_file,full_engineered_features_254,scalar,vib_2_rms,-4.6994377500111716e-11,0.9999999996856191,0.0746624442830138,False,pass
source_file,full_engineered_features_254,scalar,vib_2_shape_factor,-2.1819054335073568e-10,0.9999999994597584,0.0558227490784439,False,pass
source_file,full_engineered_features_254,scalar,vib_2_skewness,-4.3636455199995246e-10,0.9999999984326712,0.0832532498815937,False,pass
source_file,full_engineered_features_254,scalar,vib_2_spectral_centroid,1.603580134779768e-10,0.9999999995057652,659.3935323773696,False,pass
source_file,full_engineered_features_254,scalar,vib_2_spectral_entropy,-3.3533614782808563e-10,0.99999999953999,0.6968090676417779,False,pass
source_file,full_engineered_features_254,scalar,vib_2_spectral_kurtosis,-3.0246102753326464e-10,0.9999999990342778,1124.2037273429814,False,pass
source_file,full_engineered_features_254,scalar,vib_2_std,-1.4543096720890142e-10,0.9999999990686804,0.0746632801073067,False,pass
source_file,full_engineered_features_254,vibration,channel_0,-6.495940220621421e-12,0.9999999999946092,0.1601349054475223,False,pass
source_file,full_engineered_features_254,vibration,channel_1,5.167815668550341e-12,0.9999999999936632,0.0984091306764488,False,pass
source_file,full_engineered_features_254,vibration,channel_2,-9.163609140976191e-12,0.9999999999984972,0.1076667256805341,False,pass
source_file,raw_8192,vibration_current,channel_0,-6.495940220621421e-12,0.9999999999946092,0.1601349054475223,False,pass
source_file,raw_8192,vibration_current,channel_1,5.167815668550341e-12,0.9999999999936632,0.0984091306764488,False,pass
source_file,raw_8192,vibration_current,channel_2,-9.163609140976191e-12,0.9999999999984972,0.1076667256805341,False,pass
source_file,raw_8192,vibration_current,channel_3,-7.705868084945028e-12,1.000000000001977,0.1991164652509263,False,pass
source_file,raw_8192,vibration_current,channel_4,-4.567157246140036e-12,0.9999999999970064,0.1983076442874171,False,pass
source_file,raw_8192,vibration_current,channel_5,-3.4893131898259325e-12,0.9999999999984674,0.1985513083845097,False,pass
