fold,feature_set,split,model,source_file,true_label,mean_probability_prediction,majority_vote_prediction,window_count,condition_type,rpm_nominal,load_nm,mean_probability_250707,mean_probability_250708,mean_probability_250821
1,all_features_254,outer_race_acquisition_date_prediction,random_forest,data/raw/mcc5_thu_motor/MCC5-THU Motor/MCC5-THU Motor_speed_circulation/bearing_outer_H_speed_circulation_20Nm_1000rpm_250707104821.csv,250707,250707,250707,179,speed_circulation,1000.0,20.0,0.9015921787709497,0.09840782122905029,0.0
1,all_features_254,outer_race_acquisition_date_prediction,random_forest,data/raw/mcc5_thu_motor/MCC5-THU Motor/MCC5-THU Motor_speed_circulation/bearing_outer_H_speed_circulation_20Nm_2000rpm_250707105253.csv,250707,250708,250708,179,speed_circulation,2000.0,20.0,0.4720670391061452,0.5124022346368715,0.015530726256983242
1,all_features_254,outer_race_acquisition_date_prediction,random_forest,data/raw/mcc5_thu_motor/MCC5-THU Motor/MCC5-THU Motor_speed_circulation/bearing_outer_H_speed_circulation_20Nm_3000rpm_250821110519.csv,250821,250708,250708,179,speed_circulation,3000.0,20.0,0.2141340782122905,0.7239106145251396,0.061955307262569835
1,all_features_254,outer_race_acquisition_date_prediction,random_forest,data/raw/mcc5_thu_motor/MCC5-THU Motor/MCC5-THU Motor_speed_circulation/bearing_outer_H_speed_circulation_40Nm_2000rpm_250707105500.csv,250707,250708,250708,179,speed_circulation,2000.0,40.0,0.43536312849162007,0.5486312849162012,0.016005586592178773
1,all_features_254,outer_race_acquisition_date_prediction,random_forest,data/raw/mcc5_thu_motor/MCC5-THU Motor/MCC5-THU Motor_speed_circulation/bearing_outer_H_speed_circulation_40Nm_3000rpm_250707105959.csv,250707,250707,250707,179,speed_circulation,3000.0,40.0,0.6543854748603352,0.3247765363128492,0.02083798882681564
1,all_features_254,outer_race_acquisition_date_prediction,random_forest,data/raw/mcc5_thu_motor/MCC5-THU Motor/MCC5-THU Motor_speed_circulation/bearing_outer_L_speed_circulation_20Nm_1000rpm_250708094556.csv,250708,250708,250708,179,speed_circulation,1000.0,20.0,0.06701117318435755,0.9329888268156424,0.0
1,all_features_254,outer_race_acquisition_date_prediction,random_forest,data/raw/mcc5_thu_motor/MCC5-THU Motor/MCC5-THU Motor_speed_circulation/bearing_outer_L_speed_circulation_40Nm_2000rpm_250708100011.csv,250708,250708,250708,179,speed_circulation,2000.0,40.0,0.04318435754189944,0.9566201117318437,0.00019553072625698326
1,all_features_254,outer_race_acquisition_date_prediction,random_forest,data/raw/mcc5_thu_motor/MCC5-THU Motor/MCC5-THU Motor_torque_circulation/bearing_outer_H_torque_circulation_20Nm_2000rpm_250707103802d.csv,250707,250708,250708,179,torque_circulation,2000.0,20.0,0.32991620111731845,0.6537150837988827,0.01636871508379888
1,all_features_254,outer_race_acquisition_date_prediction,random_forest,data/raw/mcc5_thu_motor/MCC5-THU Motor/MCC5-THU Motor_torque_circulation/bearing_outer_H_torque_circulation_40Nm_2000rpm_250707104408d.csv,250707,250708,250708,179,torque_circulation,2000.0,40.0,0.27279329608938546,0.7068435754189945,0.02036312849162011
1,all_features_254,outer_race_acquisition_date_prediction,random_forest,data/raw/mcc5_thu_motor/MCC5-THU Motor/MCC5-THU Motor_torque_circulation/bearing_outer_L_torque_circulation_20Nm_1000rpm_250708093600d.csv,250708,250708,250708,179,torque_circulation,1000.0,20.0,0.061620111731843584,0.9383798882681565,0.0
1,all_features_254,outer_race_acquisition_date_prediction,random_forest,data/raw/mcc5_thu_motor/MCC5-THU Motor/MCC5-THU Motor_torque_circulation/bearing_outer_L_torque_circulation_20Nm_2000rpm_250708093806d.csv,250708,250708,250708,179,torque_circulation,2000.0,20.0,0.04198324022346368,0.9579888268156426,2.793296089385475e-05
1,all_features_254,outer_race_acquisition_date_prediction,random_forest,data/raw/mcc5_thu_motor/MCC5-THU Motor/MCC5-THU Motor_torque_circulation/bearing_outer_L_torque_circulation_40Nm_2000rpm_250708094403d.csv,250708,250708,250708,179,torque_circulation,2000.0,40.0,0.03603351955307263,0.9639664804469275,0.0
1,all_features_254,outer_race_acquisition_date_prediction,random_forest,data/raw/mcc5_thu_motor/MCC5-THU Motor/MCC5-THU Motor_torque_circulation/bearing_outer_L_torque_circulation_40Nm_3000rpm_250708094556d.csv,250708,250708,250708,179,torque_circulation,3000.0,40.0,0.015,0.9845530726256982,0.000446927374301676
1,all_features_254,outer_race_acquisition_date_prediction,xgboost,data/raw/mcc5_thu_motor/MCC5-THU Motor/MCC5-THU Motor_speed_circulation/bearing_outer_H_speed_circulation_20Nm_1000rpm_250707104821.csv,250707,250707,250707,179,speed_circulation,1000.0,20.0,0.9729436039924622,0.026530403643846512,0.0005259099998511374
1,all_features_254,outer_race_acquisition_date_prediction,xgboost,data/raw/mcc5_thu_motor/MCC5-THU Motor/MCC5-THU Motor_speed_circulation/bearing_outer_H_speed_circulation_20Nm_2000rpm_250707105253.csv,250707,250707,250708,179,speed_circulation,2000.0,20.0,0.4967136085033417,0.49602171778678894,0.0072646369226276875
1,all_features_254,outer_race_acquisition_date_prediction,xgboost,data/raw/mcc5_thu_motor/MCC5-THU Motor/MCC5-THU Motor_speed_circulation/bearing_outer_H_speed_circulation_20Nm_3000rpm_250821110519.csv,250821,250708,250708,179,speed_circulation,3000.0,20.0,0.08947696536779404,0.8991620540618896,0.01136099174618721
1,all_features_254,outer_race_acquisition_date_prediction,xgboost,data/raw/mcc5_thu_motor/MCC5-THU Motor/MCC5-THU Motor_speed_circulation/bearing_outer_H_speed_circulation_40Nm_2000rpm_250707105500.csv,250707,250708,250708,179,speed_circulation,2000.0,40.0,0.46246370673179626,0.5297046899795532,0.007831637747585773
1,all_features_254,outer_race_acquisition_date_prediction,xgboost,data/raw/mcc5_thu_motor/MCC5-THU Motor/MCC5-THU Motor_speed_circulation/bearing_outer_H_speed_circulation_40Nm_3000rpm_250707105959.csv,250707,250707,250707,179,speed_circulation,3000.0,40.0,0.6884832382202148,0.30493587255477905,0.006580940913408995
1,all_features_254,outer_race_acquisition_date_prediction,xgboost,data/raw/mcc5_thu_motor/MCC5-THU Motor/MCC5-THU Motor_speed_circulation/bearing_outer_L_speed_circulation_20Nm_1000rpm_250708094556.csv,250708,250708,250708,179,speed_circulation,1000.0,20.0,0.011684723198413849,0.9879240989685059,0.0003911912499461323
1,all_features_254,outer_race_acquisition_date_prediction,xgboost,data/raw/mcc5_thu_motor/MCC5-THU Motor/MCC5-THU Motor_speed_circulation/bearing_outer_L_speed_circulation_40Nm_2000rpm_250708100011.csv,250708,250708,250708,179,speed_circulation,2000.0,40.0,0.006062183994799852,0.992922306060791,0.001015454181469977
1,all_features_254,outer_race_acquisition_date_prediction,xgboost,data/raw/mcc5_thu_motor/MCC5-THU Motor/MCC5-THU Motor_torque_circulation/bearing_outer_H_torque_circulation_20Nm_2000rpm_250707103802d.csv,250707,250708,250708,179,torque_circulation,2000.0,20.0,0.19454430043697357,0.7956665754318237,0.009789199568331242
1,all_features_254,outer_race_acquisition_date_prediction,xgboost,data/raw/mcc5_thu_motor/MCC5-THU Motor/MCC5-THU Motor_torque_circulation/bearing_outer_H_torque_circulation_40Nm_2000rpm_250707104408d.csv,250707,250708,250708,179,torque_circulation,2000.0,40.0,0.11888566613197327,0.8733547925949097,0.007759561762213707
1,all_features_254,outer_race_acquisition_date_prediction,xgboost,data/raw/mcc5_thu_motor/MCC5-THU Motor/MCC5-THU Motor_torque_circulation/bearing_outer_L_torque_circulation_20Nm_1000rpm_250708093600d.csv,250708,250708,250708,179,torque_circulation,1000.0,20.0,0.0041580512188375,0.9956199526786804,0.0002219955058535561
1,all_features_254,outer_race_acquisition_date_prediction,xgboost,data/raw/mcc5_thu_motor/MCC5-THU Motor/MCC5-THU Motor_torque_circulation/bearing_outer_L_torque_circulation_20Nm_2000rpm_250708093806d.csv,250708,250708,250708,179,torque_circulation,2000.0,20.0,0.004611243028193712,0.9950338006019592,0.00035498919896781445
1,all_features_254,outer_race_acquisition_date_prediction,xgboost,data/raw/mcc5_thu_motor/MCC5-THU Motor/MCC5-THU Motor_torque_circulation/bearing_outer_L_torque_circulation_40Nm_2000rpm_250708094403d.csv,250708,250708,250708,179,torque_circulation,2000.0,40.0,0.005983671173453331,0.9937270283699036,0.0002892728371080011
1,all_features_254,outer_race_acquisition_date_prediction,xgboost,data/raw/mcc5_thu_motor/MCC5-THU Motor/MCC5-THU Motor_torque_circulation/bearing_outer_L_torque_circulation_40Nm_3000rpm_250708094556d.csv,250708,250708,250708,179,torque_circulation,3000.0,40.0,0.0010346132330596447,0.9986618161201477,0.00030346986022777855
1,all_signals_without_order,outer_race_acquisition_date_prediction,random_forest,data/raw/mcc5_thu_motor/MCC5-THU Motor/MCC5-THU Motor_speed_circulation/bearing_outer_H_speed_circulation_20Nm_1000rpm_250707104821.csv,250707,250707,250707,179,speed_circulation,1000.0,20.0,0.9017597765363128,0.0982122905027933,2.793296089385475e-05
1,all_signals_without_order,outer_race_acquisition_date_prediction,random_forest,data/raw/mcc5_thu_motor/MCC5-THU Motor/MCC5-THU Motor_speed_circulation/bearing_outer_H_speed_circulation_20Nm_2000rpm_250707105253.csv,250707,250707,250708,179,speed_circulation,2000.0,20.0,0.5499999999999999,0.4377374301675977,0.012262569832402237
1,all_signals_without_order,outer_race_acquisition_date_prediction,random_forest,data/raw/mcc5_thu_motor/MCC5-THU Motor/MCC5-THU Motor_speed_circulation/bearing_outer_H_speed_circulation_20Nm_3000rpm_250821110519.csv,250821,250708,250708,179,speed_circulation,3000.0,20.0,0.25486033519553075,0.6781284916201117,0.06701117318435755
1,all_signals_without_order,outer_race_acquisition_date_prediction,random_forest,data/raw/mcc5_thu_motor/MCC5-THU Motor/MCC5-THU Motor_speed_circulation/bearing_outer_H_speed_circulation_40Nm_2000rpm_250707105500.csv,250707,250707,250708,179,speed_circulation,2000.0,40.0,0.4906703910614525,0.48818435754189937,0.021145251396648045
1,all_signals_without_order,outer_race_acquisition_date_prediction,random_forest,data/raw/mcc5_thu_motor/MCC5-THU Motor/MCC5-THU Motor_speed_circulation/bearing_outer_H_speed_circulation_40Nm_3000rpm_250707105959.csv,250707,250707,250707,179,speed_circulation,3000.0,40.0,0.6349720670391061,0.3337150837988827,0.03131284916201117
1,all_signals_without_order,outer_race_acquisition_date_prediction,random_forest,data/raw/mcc5_thu_motor/MCC5-THU Motor/MCC5-THU Motor_speed_circulation/bearing_outer_L_speed_circulation_20Nm_1000rpm_250708094556.csv,250708,250708,250708,179,speed_circulation,1000.0,20.0,0.0682122905027933,0.9317877094972067,0.0
1,all_signals_without_order,outer_race_acquisition_date_prediction,random_forest,data/raw/mcc5_thu_motor/MCC5-THU Motor/MCC5-THU Motor_speed_circulation/bearing_outer_L_speed_circulation_40Nm_2000rpm_250708100011.csv,250708,250708,250708,179,speed_circulation,2000.0,40.0,0.04424581005586592,0.955,0.0007541899441340783
1,all_signals_without_order,outer_race_acquisition_date_prediction,random_forest,data/raw/mcc5_thu_motor/MCC5-THU Motor/MCC5-THU Motor_torque_circulation/bearing_outer_H_torque_circulation_20Nm_2000rpm_250707103802d.csv,250707,250708,250708,179,torque_circulation,2000.0,20.0,0.3905027932960894,0.5904469273743017,0.019050279329608937
1,all_signals_without_order,outer_race_acquisition_date_prediction,random_forest,data/raw/mcc5_thu_motor/MCC5-THU Motor/MCC5-THU Motor_torque_circulation/bearing_outer_H_torque_circulation_40Nm_2000rpm_250707104408d.csv,250707,250708,250708,179,torque_circulation,2000.0,40.0,0.33351955307262565,0.637094972067039,0.029385474860335194
1,all_signals_without_order,outer_race_acquisition_date_prediction,random_forest,data/raw/mcc5_thu_motor/MCC5-THU Motor/MCC5-THU Motor_torque_circulation/bearing_outer_L_torque_circulation_20Nm_1000rpm_250708093600d.csv,250708,250708,250708,179,torque_circulation,1000.0,20.0,0.05592178770949722,0.944050279329609,2.793296089385475e-05
1,all_signals_without_order,outer_race_acquisition_date_prediction,random_forest,data/raw/mcc5_thu_motor/MCC5-THU Motor/MCC5-THU Motor_torque_circulation/bearing_outer_L_torque_circulation_20Nm_2000rpm_250708093806d.csv,250708,250708,250708,179,torque_circulation,2000.0,20.0,0.043128491620111724,0.9567877094972066,8.379888268156425e-05
1,all_signals_without_order,outer_race_acquisition_date_prediction,random_forest,data/raw/mcc5_thu_motor/MCC5-THU Motor/MCC5-THU Motor_torque_circulation/bearing_outer_L_torque_circulation_40Nm_2000rpm_250708094403d.csv,250708,250708,250708,179,torque_circulation,2000.0,40.0,0.047402234636871515,0.9510614525139666,0.0015363128491620113
1,all_signals_without_order,outer_race_acquisition_date_prediction,random_forest,data/raw/mcc5_thu_motor/MCC5-THU Motor/MCC5-THU Motor_torque_circulation/bearing_outer_L_torque_circulation_40Nm_3000rpm_250708094556d.csv,250708,250708,250708,179,torque_circulation,3000.0,40.0,0.017541899441340787,0.9821787709497207,0.0002793296089385475
1,all_signals_without_order,outer_race_acquisition_date_prediction,xgboost,data/raw/mcc5_thu_motor/MCC5-THU Motor/MCC5-THU Motor_speed_circulation/bearing_outer_H_speed_circulation_20Nm_1000rpm_250707104821.csv,250707,250707,250707,179,speed_circulation,1000.0,20.0,0.9721259474754333,0.02732204459607601,0.0005519685801118612
1,all_signals_without_order,outer_race_acquisition_date_prediction,xgboost,data/raw/mcc5_thu_motor/MCC5-THU Motor/MCC5-THU Motor_speed_circulation/bearing_outer_H_speed_circulation_20Nm_2000rpm_250707105253.csv,250707,250707,250708,179,speed_circulation,2000.0,20.0,0.5292144417762756,0.4466973841190338,0.024088183417916298
1,all_signals_without_order,outer_race_acquisition_date_prediction,xgboost,data/raw/mcc5_thu_motor/MCC5-THU Motor/MCC5-THU Motor_speed_circulation/bearing_outer_H_speed_circulation_20Nm_3000rpm_250821110519.csv,250821,250708,250708,179,speed_circulation,3000.0,20.0,0.15242059528827667,0.8215964436531067,0.02598297968506813
1,all_signals_without_order,outer_race_acquisition_date_prediction,xgboost,data/raw/mcc5_thu_motor/MCC5-THU Motor/MCC5-THU Motor_speed_circulation/bearing_outer_H_speed_circulation_40Nm_2000rpm_250707105500.csv,250707,250707,250708,179,speed_circulation,2000.0,40.0,0.49338340759277344,0.4868009388446808,0.019815685227513313
1,all_signals_without_order,outer_race_acquisition_date_prediction,xgboost,data/raw/mcc5_thu_motor/MCC5-THU Motor/MCC5-THU Motor_speed_circulation/bearing_outer_H_speed_circulation_40Nm_3000rpm_250707105959.csv,250707,250707,250707,179,speed_circulation,3000.0,40.0,0.726536750793457,0.26280543208122253,0.010657846927642822
1,all_signals_without_order,outer_race_acquisition_date_prediction,xgboost,data/raw/mcc5_thu_motor/MCC5-THU Motor/MCC5-THU Motor_speed_circulation/bearing_outer_L_speed_circulation_20Nm_1000rpm_250708094556.csv,250708,250708,250708,179,speed_circulation,1000.0,20.0,0.01168595440685749,0.9879322648048401,0.00038177933311089873
1,all_signals_without_order,outer_race_acquisition_date_prediction,xgboost,data/raw/mcc5_thu_motor/MCC5-THU Motor/MCC5-THU Motor_speed_circulation/bearing_outer_L_speed_circulation_40Nm_2000rpm_250708100011.csv,250708,250708,250708,179,speed_circulation,2000.0,40.0,0.007091736886650324,0.9917721748352051,0.0011360547505319118
1,all_signals_without_order,outer_race_acquisition_date_prediction,xgboost,data/raw/mcc5_thu_motor/MCC5-THU Motor/MCC5-THU Motor_torque_circulation/bearing_outer_H_torque_circulation_20Nm_2000rpm_250707103802d.csv,250707,250708,250708,179,torque_circulation,2000.0,20.0,0.22839559614658356,0.7403447031974792,0.03125975653529167
1,all_signals_without_order,outer_race_acquisition_date_prediction,xgboost,data/raw/mcc5_thu_motor/MCC5-THU Motor/MCC5-THU Motor_torque_circulation/bearing_outer_H_torque_circulation_40Nm_2000rpm_250707104408d.csv,250707,250708,250708,179,torque_circulation,2000.0,40.0,0.14053410291671753,0.8335276246070862,0.02593819610774517
1,all_signals_without_order,outer_race_acquisition_date_prediction,xgboost,data/raw/mcc5_thu_motor/MCC5-THU Motor/MCC5-THU Motor_torque_circulation/bearing_outer_L_torque_circulation_20Nm_1000rpm_250708093600d.csv,250708,250708,250708,179,torque_circulation,1000.0,20.0,0.004316782113164663,0.9954512715339661,0.00023192795924842358
1,all_signals_without_order,outer_race_acquisition_date_prediction,xgboost,data/raw/mcc5_thu_motor/MCC5-THU Motor/MCC5-THU Motor_torque_circulation/bearing_outer_L_torque_circulation_20Nm_2000rpm_250708093806d.csv,250708,250708,250708,179,torque_circulation,2000.0,20.0,0.003931036684662104,0.9957081079483032,0.00036074561649002135
1,all_signals_without_order,outer_race_acquisition_date_prediction,xgboost,data/raw/mcc5_thu_motor/MCC5-THU Motor/MCC5-THU Motor_torque_circulation/bearing_outer_L_torque_circulation_40Nm_2000rpm_250708094403d.csv,250708,250708,250708,179,torque_circulation,2000.0,40.0,0.005702937953174114,0.9939611554145813,0.00033582450123503804
1,all_signals_without_order,outer_race_acquisition_date_prediction,xgboost,data/raw/mcc5_thu_motor/MCC5-THU Motor/MCC5-THU Motor_torque_circulation/bearing_outer_L_torque_circulation_40Nm_3000rpm_250708094556d.csv,250708,250708,250708,179,torque_circulation,3000.0,40.0,0.001061587710864842,0.9986318349838257,0.00030650405096821487
1,vibration_current_no_order,outer_race_acquisition_date_prediction,random_forest,data/raw/mcc5_thu_motor/MCC5-THU Motor/MCC5-THU Motor_speed_circulation/bearing_outer_H_speed_circulation_20Nm_1000rpm_250707104821.csv,250707,250707,250707,179,speed_circulation,1000.0,20.0,0.9356145251396649,0.06424581005586594,0.00013966480446927376
1,vibration_current_no_order,outer_race_acquisition_date_prediction,random_forest,data/raw/mcc5_thu_motor/MCC5-THU Motor/MCC5-THU Motor_speed_circulation/bearing_outer_H_speed_circulation_20Nm_2000rpm_250707105253.csv,250707,250707,250708,179,speed_circulation,2000.0,20.0,0.4968156424581005,0.48963687150837987,0.013547486033519553
1,vibration_current_no_order,outer_race_acquisition_date_prediction,random_forest,data/raw/mcc5_thu_motor/MCC5-THU Motor/MCC5-THU Motor_speed_circulation/bearing_outer_H_speed_circulation_20Nm_3000rpm_250821110519.csv,250821,250708,250708,179,speed_circulation,3000.0,20.0,0.04818435754189944,0.9180167597765363,0.03379888268156425
1,vibration_current_no_order,outer_race_acquisition_date_prediction,random_forest,data/raw/mcc5_thu_motor/MCC5-THU Motor/MCC5-THU Motor_speed_circulation/bearing_outer_H_speed_circulation_40Nm_2000rpm_250707105500.csv,250707,250708,250708,179,speed_circulation,2000.0,40.0,0.42994413407821225,0.5434357541899442,0.026620111731843577
1,vibration_current_no_order,outer_race_acquisition_date_prediction,random_forest,data/raw/mcc5_thu_motor/MCC5-THU Motor/MCC5-THU Motor_speed_circulation/bearing_outer_H_speed_circulation_40Nm_3000rpm_250707105959.csv,250707,250707,250707,179,speed_circulation,3000.0,40.0,0.6059497206703911,0.380391061452514,0.013659217877094974
1,vibration_current_no_order,outer_race_acquisition_date_prediction,random_forest,data/raw/mcc5_thu_motor/MCC5-THU Motor/MCC5-THU Motor_speed_circulation/bearing_outer_L_speed_circulation_20Nm_1000rpm_250708094556.csv,250708,250708,250708,179,speed_circulation,1000.0,20.0,0.0642737430167598,0.9356424581005588,8.379888268156425e-05
1,vibration_current_no_order,outer_race_acquisition_date_prediction,random_forest,data/raw/mcc5_thu_motor/MCC5-THU Motor/MCC5-THU Motor_speed_circulation/bearing_outer_L_speed_circulation_40Nm_2000rpm_250708100011.csv,250708,250708,250708,179,speed_circulation,2000.0,40.0,0.04156424581005586,0.9579888268156426,0.000446927374301676
1,vibration_current_no_order,outer_race_acquisition_date_prediction,random_forest,data/raw/mcc5_thu_motor/MCC5-THU Motor/MCC5-THU Motor_torque_circulation/bearing_outer_H_torque_circulation_20Nm_2000rpm_250707103802d.csv,250707,250708,250708,179,torque_circulation,2000.0,20.0,0.3167597765363128,0.6643016759776537,0.01893854748603352
1,vibration_current_no_order,outer_race_acquisition_date_prediction,random_forest,data/raw/mcc5_thu_motor/MCC5-THU Motor/MCC5-THU Motor_torque_circulation/bearing_outer_H_torque_circulation_40Nm_2000rpm_250707104408d.csv,250707,250708,250708,179,torque_circulation,2000.0,40.0,0.2738826815642458,0.6927374301675978,0.03337988826815643
1,vibration_current_no_order,outer_race_acquisition_date_prediction,random_forest,data/raw/mcc5_thu_motor/MCC5-THU Motor/MCC5-THU Motor_torque_circulation/bearing_outer_L_torque_circulation_20Nm_1000rpm_250708093600d.csv,250708,250708,250708,179,torque_circulation,1000.0,20.0,0.06103351955307263,0.9389664804469274,0.0
1,vibration_current_no_order,outer_race_acquisition_date_prediction,random_forest,data/raw/mcc5_thu_motor/MCC5-THU Motor/MCC5-THU Motor_torque_circulation/bearing_outer_L_torque_circulation_20Nm_2000rpm_250708093806d.csv,250708,250708,250708,179,torque_circulation,2000.0,20.0,0.042541899441340784,0.9574022346368715,5.58659217877095e-05
1,vibration_current_no_order,outer_race_acquisition_date_prediction,random_forest,data/raw/mcc5_thu_motor/MCC5-THU Motor/MCC5-THU Motor_torque_circulation/bearing_outer_L_torque_circulation_40Nm_2000rpm_250708094403d.csv,250708,250708,250708,179,torque_circulation,2000.0,40.0,0.036648044692737435,0.9614245810055867,0.0019273743016759775
1,vibration_current_no_order,outer_race_acquisition_date_prediction,random_forest,data/raw/mcc5_thu_motor/MCC5-THU Motor/MCC5-THU Motor_torque_circulation/bearing_outer_L_torque_circulation_40Nm_3000rpm_250708094556d.csv,250708,250708,250708,179,torque_circulation,3000.0,40.0,0.010949720670391062,0.9886592178770948,0.0003910614525139665
1,vibration_current_no_order,outer_race_acquisition_date_prediction,xgboost,data/raw/mcc5_thu_motor/MCC5-THU Motor/MCC5-THU Motor_speed_circulation/bearing_outer_H_speed_circulation_20Nm_1000rpm_250707104821.csv,250707,250707,250707,179,speed_circulation,1000.0,20.0,0.9794053435325623,0.02001786418259144,0.0005767670227214694
1,vibration_current_no_order,outer_race_acquisition_date_prediction,xgboost,data/raw/mcc5_thu_motor/MCC5-THU Motor/MCC5-THU Motor_speed_circulation/bearing_outer_H_speed_circulation_20Nm_2000rpm_250707105253.csv,250707,250707,250708,179,speed_circulation,2000.0,20.0,0.5264559388160706,0.43248072266578674,0.04106337949633598
1,vibration_current_no_order,outer_race_acquisition_date_prediction,xgboost,data/raw/mcc5_thu_motor/MCC5-THU Motor/MCC5-THU Motor_speed_circulation/bearing_outer_H_speed_circulation_20Nm_3000rpm_250821110519.csv,250821,250708,250708,179,speed_circulation,3000.0,20.0,0.0031335297971963882,0.9964795708656311,0.00038683527964167297
1,vibration_current_no_order,outer_race_acquisition_date_prediction,xgboost,data/raw/mcc5_thu_motor/MCC5-THU Motor/MCC5-THU Motor_speed_circulation/bearing_outer_H_speed_circulation_40Nm_2000rpm_250707105500.csv,250707,250707,250708,179,speed_circulation,2000.0,40.0,0.5054256319999695,0.45936018228530884,0.03521418944001198
1,vibration_current_no_order,outer_race_acquisition_date_prediction,xgboost,data/raw/mcc5_thu_motor/MCC5-THU Motor/MCC5-THU Motor_speed_circulation/bearing_outer_H_speed_circulation_40Nm_3000rpm_250707105959.csv,250707,250707,250707,179,speed_circulation,3000.0,40.0,0.6861786246299744,0.3062729239463806,0.007548487279564142
1,vibration_current_no_order,outer_race_acquisition_date_prediction,xgboost,data/raw/mcc5_thu_motor/MCC5-THU Motor/MCC5-THU Motor_speed_circulation/bearing_outer_L_speed_circulation_20Nm_1000rpm_250708094556.csv,250708,250708,250708,179,speed_circulation,1000.0,20.0,0.011011415161192417,0.9886633157730103,0.00032524068956263363
1,vibration_current_no_order,outer_race_acquisition_date_prediction,xgboost,data/raw/mcc5_thu_motor/MCC5-THU Motor/MCC5-THU Motor_speed_circulation/bearing_outer_L_speed_circulation_40Nm_2000rpm_250708100011.csv,250708,250708,250708,179,speed_circulation,2000.0,40.0,0.0014864515978842974,0.9983084797859192,0.00020511347975116223
1,vibration_current_no_order,outer_race_acquisition_date_prediction,xgboost,data/raw/mcc5_thu_motor/MCC5-THU Motor/MCC5-THU Motor_torque_circulation/bearing_outer_H_torque_circulation_20Nm_2000rpm_250707103802d.csv,250707,250708,250708,179,torque_circulation,2000.0,20.0,0.24914555251598358,0.6744964122772217,0.07635802030563354
1,vibration_current_no_order,outer_race_acquisition_date_prediction,xgboost,data/raw/mcc5_thu_motor/MCC5-THU Motor/MCC5-THU Motor_torque_circulation/bearing_outer_H_torque_circulation_40Nm_2000rpm_250707104408d.csv,250707,250708,250708,179,torque_circulation,2000.0,40.0,0.15452134609222412,0.7930313348770142,0.052447304129600525
1,vibration_current_no_order,outer_race_acquisition_date_prediction,xgboost,data/raw/mcc5_thu_motor/MCC5-THU Motor/MCC5-THU Motor_torque_circulation/bearing_outer_L_torque_circulation_20Nm_1000rpm_250708093600d.csv,250708,250708,250708,179,torque_circulation,1000.0,20.0,0.0023520532995462418,0.9974762201309204,0.00017170947103295475
1,vibration_current_no_order,outer_race_acquisition_date_prediction,xgboost,data/raw/mcc5_thu_motor/MCC5-THU Motor/MCC5-THU Motor_torque_circulation/bearing_outer_L_torque_circulation_20Nm_2000rpm_250708093806d.csv,250708,250708,250708,179,torque_circulation,2000.0,20.0,0.003647234756499529,0.9950343370437622,0.0013183864066377282
1,vibration_current_no_order,outer_race_acquisition_date_prediction,xgboost,data/raw/mcc5_thu_motor/MCC5-THU Motor/MCC5-THU Motor_torque_circulation/bearing_outer_L_torque_circulation_40Nm_2000rpm_250708094403d.csv,250708,250708,250708,179,torque_circulation,2000.0,40.0,0.0008625354967080057,0.998943030834198,0.00019448767125140876
1,vibration_current_no_order,outer_race_acquisition_date_prediction,xgboost,data/raw/mcc5_thu_motor/MCC5-THU Motor/MCC5-THU Motor_torque_circulation/bearing_outer_L_torque_circulation_40Nm_3000rpm_250708094556d.csv,250708,250708,250708,179,torque_circulation,3000.0,40.0,0.0018980060704052448,0.9975066184997559,0.0005954751977697015
2,all_features_254,outer_race_acquisition_date_prediction,random_forest,data/raw/mcc5_thu_motor/MCC5-THU Motor/MCC5-THU Motor_speed_circulation/bearing_outer_H_speed_circulation_20Nm_3000rpm_250707105700.csv,250707,250707,250707,179,speed_circulation,3000.0,20.0,0.5584916201117318,0.24527932960893856,0.1962290502793296
2,all_features_254,outer_race_acquisition_date_prediction,random_forest,data/raw/mcc5_thu_motor/MCC5-THU Motor/MCC5-THU Motor_speed_circulation/bearing_outer_H_speed_circulation_40Nm_1000rpm_250707105055.csv,250707,250707,250707,179,speed_circulation,1000.0,40.0,0.9392458100558659,0.05650837988826816,0.004245810055865922
2,all_features_254,outer_race_acquisition_date_prediction,random_forest,data/raw/mcc5_thu_motor/MCC5-THU Motor/MCC5-THU Motor_speed_circulation/bearing_outer_L_speed_circulation_20Nm_2000rpm_250708095712.csv,250708,250708,250708,179,speed_circulation,2000.0,20.0,0.061983240223463694,0.9272346368715085,0.010782122905027934
2,all_features_254,outer_race_acquisition_date_prediction,random_forest,data/raw/mcc5_thu_motor/MCC5-THU Motor/MCC5-THU Motor_speed_circulation/bearing_outer_L_speed_circulation_20Nm_3000rpm_250708100411.csv,250708,250708,250708,179,speed_circulation,3000.0,20.0,0.12983240223463685,0.8106145251396648,0.059553072625698325
2,all_features_254,outer_race_acquisition_date_prediction,random_forest,data/raw/mcc5_thu_motor/MCC5-THU Motor/MCC5-THU Motor_speed_circulation/bearing_outer_L_speed_circulation_40Nm_1000rpm_250708094556.csv,250708,250708,250708,179,speed_circulation,1000.0,40.0,0.08522346368715085,0.9081005586592179,0.006675977653631284
2,all_features_254,outer_race_acquisition_date_prediction,random_forest,data/raw/mcc5_thu_motor/MCC5-THU Motor/MCC5-THU Motor_speed_circulation/bearing_outer_L_speed_circulation_40Nm_3000rpm_250708100602.csv,250708,250708,250708,179,speed_circulation,3000.0,40.0,0.16810055865921786,0.8008659217877095,0.03103351955307263
2,all_features_254,outer_race_acquisition_date_prediction,random_forest,data/raw/mcc5_thu_motor/MCC5-THU Motor/MCC5-THU Motor_torque_circulation/bearing_outer_H_torque_circulation_20Nm_1000rpm_250707103949d.csv,250707,250707,250707,179,torque_circulation,1000.0,20.0,0.7161452513966481,0.24952513966480447,0.03432960893854748
2,all_features_254,outer_race_acquisition_date_prediction,random_forest,data/raw/mcc5_thu_motor/MCC5-THU Motor/MCC5-THU Motor_torque_circulation/bearing_outer_H_torque_circulation_20Nm_3000rpm_250821175544.csv,250821,250707,250707,179,torque_circulation,3000.0,20.0,0.5792458100558658,0.23067039106145254,0.19008379888268156
2,all_features_254,outer_race_acquisition_date_prediction,random_forest,data/raw/mcc5_thu_motor/MCC5-THU Motor/MCC5-THU Motor_torque_circulation/bearing_outer_H_torque_circulation_40Nm_1000rpm_250707104154d.csv,250707,250707,250707,179,torque_circulation,1000.0,40.0,0.9215083798882681,0.0723463687150838,0.006145251396648045
2,all_features_254,outer_race_acquisition_date_prediction,random_forest,data/raw/mcc5_thu_motor/MCC5-THU Motor/MCC5-THU Motor_torque_circulation/bearing_outer_H_torque_circulation_40Nm_3000rpm_250707104611d.csv,250707,250707,250707,179,torque_circulation,3000.0,40.0,0.7647486033519553,0.16673184357541898,0.06851955307262571
2,all_features_254,outer_race_acquisition_date_prediction,random_forest,data/raw/mcc5_thu_motor/MCC5-THU Motor/MCC5-THU Motor_torque_circulation/bearing_outer_L_torque_circulation_20Nm_3000rpm_250708094011d.csv,250708,250708,250708,179,torque_circulation,3000.0,20.0,0.014553072625698322,0.9692737430167597,0.016173184357541903
2,all_features_254,outer_race_acquisition_date_prediction,random_forest,data/raw/mcc5_thu_motor/MCC5-THU Motor/MCC5-THU Motor_torque_circulation/bearing_outer_L_torque_circulation_40Nm_1000rpm_250708094205d.csv,250708,250708,250708,179,torque_circulation,1000.0,40.0,0.04773743016759777,0.9509217877094971,0.001340782122905028
2,all_features_254,outer_race_acquisition_date_prediction,xgboost,data/raw/mcc5_thu_motor/MCC5-THU Motor/MCC5-THU Motor_speed_circulation/bearing_outer_H_speed_circulation_20Nm_3000rpm_250707105700.csv,250707,250707,250707,179,speed_circulation,3000.0,20.0,0.9485354423522949,0.040844906121492386,0.010619555599987507
2,all_features_254,outer_race_acquisition_date_prediction,xgboost,data/raw/mcc5_thu_motor/MCC5-THU Motor/MCC5-THU Motor_speed_circulation/bearing_outer_H_speed_circulation_40Nm_1000rpm_250707105055.csv,250707,250707,250707,179,speed_circulation,1000.0,40.0,0.9853375554084778,0.013379517942667007,0.0012829720508307219
2,all_features_254,outer_race_acquisition_date_prediction,xgboost,data/raw/mcc5_thu_motor/MCC5-THU Motor/MCC5-THU Motor_speed_circulation/bearing_outer_L_speed_circulation_20Nm_2000rpm_250708095712.csv,250708,250708,250708,179,speed_circulation,2000.0,20.0,0.002550816163420677,0.9958644509315491,0.0015846595633774996
2,all_features_254,outer_race_acquisition_date_prediction,xgboost,data/raw/mcc5_thu_motor/MCC5-THU Motor/MCC5-THU Motor_speed_circulation/bearing_outer_L_speed_circulation_20Nm_3000rpm_250708100411.csv,250708,250708,250708,179,speed_circulation,3000.0,20.0,0.009341344237327576,0.9901218414306641,0.000536820269189775
2,all_features_254,outer_race_acquisition_date_prediction,xgboost,data/raw/mcc5_thu_motor/MCC5-THU Motor/MCC5-THU Motor_speed_circulation/bearing_outer_L_speed_circulation_40Nm_1000rpm_250708094556.csv,250708,250708,250708,179,speed_circulation,1000.0,40.0,0.010174283757805824,0.987139880657196,0.002685877960175276
2,all_features_254,outer_race_acquisition_date_prediction,xgboost,data/raw/mcc5_thu_motor/MCC5-THU Motor/MCC5-THU Motor_speed_circulation/bearing_outer_L_speed_circulation_40Nm_3000rpm_250708100602.csv,250708,250708,250708,179,speed_circulation,3000.0,40.0,0.010948308743536472,0.979137122631073,0.009914509020745754
2,all_features_254,outer_race_acquisition_date_prediction,xgboost,data/raw/mcc5_thu_motor/MCC5-THU Motor/MCC5-THU Motor_torque_circulation/bearing_outer_H_torque_circulation_20Nm_1000rpm_250707103949d.csv,250707,250707,250707,179,torque_circulation,1000.0,20.0,0.7982189655303955,0.19438160955905914,0.007399480324238539
2,all_features_254,outer_race_acquisition_date_prediction,xgboost,data/raw/mcc5_thu_motor/MCC5-THU Motor/MCC5-THU Motor_torque_circulation/bearing_outer_H_torque_circulation_20Nm_3000rpm_250821175544.csv,250821,250707,250707,179,torque_circulation,3000.0,20.0,0.9736486673355103,0.024704715237021446,0.0016466298839077353
2,all_features_254,outer_race_acquisition_date_prediction,xgboost,data/raw/mcc5_thu_motor/MCC5-THU Motor/MCC5-THU Motor_torque_circulation/bearing_outer_H_torque_circulation_40Nm_1000rpm_250707104154d.csv,250707,250707,250707,179,torque_circulation,1000.0,40.0,0.9734786748886108,0.025364182889461517,0.001157116610556841
2,all_features_254,outer_race_acquisition_date_prediction,xgboost,data/raw/mcc5_thu_motor/MCC5-THU Motor/MCC5-THU Motor_torque_circulation/bearing_outer_H_torque_circulation_40Nm_3000rpm_250707104611d.csv,250707,250707,250707,179,torque_circulation,3000.0,40.0,0.9853331446647644,0.011454136110842228,0.003212712239474058
2,all_features_254,outer_race_acquisition_date_prediction,xgboost,data/raw/mcc5_thu_motor/MCC5-THU Motor/MCC5-THU Motor_torque_circulation/bearing_outer_L_torque_circulation_20Nm_3000rpm_250708094011d.csv,250708,250708,250708,179,torque_circulation,3000.0,20.0,0.0005319670308381319,0.9993086457252502,0.00015937148418743163
2,all_features_254,outer_race_acquisition_date_prediction,xgboost,data/raw/mcc5_thu_motor/MCC5-THU Motor/MCC5-THU Motor_torque_circulation/bearing_outer_L_torque_circulation_40Nm_1000rpm_250708094205d.csv,250708,250708,250708,179,torque_circulation,1000.0,40.0,0.0004894704325124621,0.9993650913238525,0.00014544014993589371
2,all_signals_without_order,outer_race_acquisition_date_prediction,random_forest,data/raw/mcc5_thu_motor/MCC5-THU Motor/MCC5-THU Motor_speed_circulation/bearing_outer_H_speed_circulation_20Nm_3000rpm_250707105700.csv,250707,250707,250707,179,speed_circulation,3000.0,20.0,0.6491899441340782,0.2643854748603352,0.08642458100558657
2,all_signals_without_order,outer_race_acquisition_date_prediction,random_forest,data/raw/mcc5_thu_motor/MCC5-THU Motor/MCC5-THU Motor_speed_circulation/bearing_outer_H_speed_circulation_40Nm_1000rpm_250707105055.csv,250707,250707,250707,179,speed_circulation,1000.0,40.0,0.9563966480446927,0.039497206703910624,0.004106145251396649
2,all_signals_without_order,outer_race_acquisition_date_prediction,random_forest,data/raw/mcc5_thu_motor/MCC5-THU Motor/MCC5-THU Motor_speed_circulation/bearing_outer_L_speed_circulation_20Nm_2000rpm_250708095712.csv,250708,250708,250708,179,speed_circulation,2000.0,20.0,0.03874301675977654,0.9523743016759776,0.00888268156424581
2,all_signals_without_order,outer_race_acquisition_date_prediction,random_forest,data/raw/mcc5_thu_motor/MCC5-THU Motor/MCC5-THU Motor_speed_circulation/bearing_outer_L_speed_circulation_20Nm_3000rpm_250708100411.csv,250708,250708,250708,179,speed_circulation,3000.0,20.0,0.09360335195530725,0.8777374301675979,0.028659217877094977
2,all_signals_without_order,outer_race_acquisition_date_prediction,random_forest,data/raw/mcc5_thu_motor/MCC5-THU Motor/MCC5-THU Motor_speed_circulation/bearing_outer_L_speed_circulation_40Nm_1000rpm_250708094556.csv,250708,250708,250708,179,speed_circulation,1000.0,40.0,0.07103351955307263,0.9203910614525139,0.008575418994413407
2,all_signals_without_order,outer_race_acquisition_date_prediction,random_forest,data/raw/mcc5_thu_motor/MCC5-THU Motor/MCC5-THU Motor_speed_circulation/bearing_outer_L_speed_circulation_40Nm_3000rpm_250708100602.csv,250708,250708,250708,179,speed_circulation,3000.0,40.0,0.1152513966480447,0.865418994413408,0.019329608938547484
2,all_signals_without_order,outer_race_acquisition_date_prediction,random_forest,data/raw/mcc5_thu_motor/MCC5-THU Motor/MCC5-THU Motor_torque_circulation/bearing_outer_H_torque_circulation_20Nm_1000rpm_250707103949d.csv,250707,250707,250707,179,torque_circulation,1000.0,20.0,0.7301396648044692,0.22391061452513966,0.04594972067039107
2,all_signals_without_order,outer_race_acquisition_date_prediction,random_forest,data/raw/mcc5_thu_motor/MCC5-THU Motor/MCC5-THU Motor_torque_circulation/bearing_outer_H_torque_circulation_20Nm_3000rpm_250821175544.csv,250821,250707,250707,179,torque_circulation,3000.0,20.0,0.6891620111731844,0.15296089385474862,0.15787709497206703
2,all_signals_without_order,outer_race_acquisition_date_prediction,random_forest,data/raw/mcc5_thu_motor/MCC5-THU Motor/MCC5-THU Motor_torque_circulation/bearing_outer_H_torque_circulation_40Nm_1000rpm_250707104154d.csv,250707,250707,250707,179,torque_circulation,1000.0,40.0,0.9414525139664803,0.050949720670391066,0.007597765363128492
2,all_signals_without_order,outer_race_acquisition_date_prediction,random_forest,data/raw/mcc5_thu_motor/MCC5-THU Motor/MCC5-THU Motor_torque_circulation/bearing_outer_H_torque_circulation_40Nm_3000rpm_250707104611d.csv,250707,250707,250707,179,torque_circulation,3000.0,40.0,0.8101955307262568,0.1627094972067039,0.027094972067039105
2,all_signals_without_order,outer_race_acquisition_date_prediction,random_forest,data/raw/mcc5_thu_motor/MCC5-THU Motor/MCC5-THU Motor_torque_circulation/bearing_outer_L_torque_circulation_20Nm_3000rpm_250708094011d.csv,250708,250708,250708,179,torque_circulation,3000.0,20.0,0.009720670391061453,0.9866480446927371,0.0036312849162011174
2,all_signals_without_order,outer_race_acquisition_date_prediction,random_forest,data/raw/mcc5_thu_motor/MCC5-THU Motor/MCC5-THU Motor_torque_circulation/bearing_outer_L_torque_circulation_40Nm_1000rpm_250708094205d.csv,250708,250708,250708,179,torque_circulation,1000.0,40.0,0.033016759776536314,0.9641061452513966,0.002877094972067039
2,all_signals_without_order,outer_race_acquisition_date_prediction,xgboost,data/raw/mcc5_thu_motor/MCC5-THU Motor/MCC5-THU Motor_speed_circulation/bearing_outer_H_speed_circulation_20Nm_3000rpm_250707105700.csv,250707,250707,250707,179,speed_circulation,3000.0,20.0,0.9523860812187195,0.03703173249959946,0.010582144372165203
2,all_signals_without_order,outer_race_acquisition_date_prediction,xgboost,data/raw/mcc5_thu_motor/MCC5-THU Motor/MCC5-THU Motor_speed_circulation/bearing_outer_H_speed_circulation_40Nm_1000rpm_250707105055.csv,250707,250707,250707,179,speed_circulation,1000.0,40.0,0.9890285134315491,0.009493802674114704,0.0014776731841266155
2,all_signals_without_order,outer_race_acquisition_date_prediction,xgboost,data/raw/mcc5_thu_motor/MCC5-THU Motor/MCC5-THU Motor_speed_circulation/bearing_outer_L_speed_circulation_20Nm_2000rpm_250708095712.csv,250708,250708,250708,179,speed_circulation,2000.0,20.0,0.0025889964308589697,0.9951552152633667,0.0022557645570486784
2,all_signals_without_order,outer_race_acquisition_date_prediction,xgboost,data/raw/mcc5_thu_motor/MCC5-THU Motor/MCC5-THU Motor_speed_circulation/bearing_outer_L_speed_circulation_20Nm_3000rpm_250708100411.csv,250708,250708,250708,179,speed_circulation,3000.0,20.0,0.009023473598062992,0.9905382990837097,0.00043826346518471837
2,all_signals_without_order,outer_race_acquisition_date_prediction,xgboost,data/raw/mcc5_thu_motor/MCC5-THU Motor/MCC5-THU Motor_speed_circulation/bearing_outer_L_speed_circulation_40Nm_1000rpm_250708094556.csv,250708,250708,250708,179,speed_circulation,1000.0,40.0,0.00962907262146473,0.9841414093971252,0.006229456514120102
2,all_signals_without_order,outer_race_acquisition_date_prediction,xgboost,data/raw/mcc5_thu_motor/MCC5-THU Motor/MCC5-THU Motor_speed_circulation/bearing_outer_L_speed_circulation_40Nm_3000rpm_250708100602.csv,250708,250708,250708,179,speed_circulation,3000.0,40.0,0.01073462050408125,0.9788581132888794,0.010407333262264729
2,all_signals_without_order,outer_race_acquisition_date_prediction,xgboost,data/raw/mcc5_thu_motor/MCC5-THU Motor/MCC5-THU Motor_torque_circulation/bearing_outer_H_torque_circulation_20Nm_1000rpm_250707103949d.csv,250707,250707,250707,179,torque_circulation,1000.0,20.0,0.8412361145019531,0.15334677696228027,0.0054170540533959866
2,all_signals_without_order,outer_race_acquisition_date_prediction,xgboost,data/raw/mcc5_thu_motor/MCC5-THU Motor/MCC5-THU Motor_torque_circulation/bearing_outer_H_torque_circulation_20Nm_3000rpm_250821175544.csv,250821,250707,250707,179,torque_circulation,3000.0,20.0,0.9771716594696045,0.02101447805762291,0.001813853275962174
2,all_signals_without_order,outer_race_acquisition_date_prediction,xgboost,data/raw/mcc5_thu_motor/MCC5-THU Motor/MCC5-THU Motor_torque_circulation/bearing_outer_H_torque_circulation_40Nm_1000rpm_250707104154d.csv,250707,250707,250707,179,torque_circulation,1000.0,40.0,0.9780752658843994,0.02093496359884739,0.000989821390248835
2,all_signals_without_order,outer_race_acquisition_date_prediction,xgboost,data/raw/mcc5_thu_motor/MCC5-THU Motor/MCC5-THU Motor_torque_circulation/bearing_outer_H_torque_circulation_40Nm_3000rpm_250707104611d.csv,250707,250707,250707,179,torque_circulation,3000.0,40.0,0.985873281955719,0.010734837502241135,0.0033919604029506445
2,all_signals_without_order,outer_race_acquisition_date_prediction,xgboost,data/raw/mcc5_thu_motor/MCC5-THU Motor/MCC5-THU Motor_torque_circulation/bearing_outer_L_torque_circulation_20Nm_3000rpm_250708094011d.csv,250708,250708,250708,179,torque_circulation,3000.0,20.0,0.0005034962669014931,0.9993363618850708,0.00016010664694476873
2,all_signals_without_order,outer_race_acquisition_date_prediction,xgboost,data/raw/mcc5_thu_motor/MCC5-THU Motor/MCC5-THU Motor_torque_circulation/bearing_outer_L_torque_circulation_40Nm_1000rpm_250708094205d.csv,250708,250708,250708,179,torque_circulation,1000.0,40.0,0.0005080418195575476,0.9993422627449036,0.00014976446982473135
2,vibration_current_no_order,outer_race_acquisition_date_prediction,random_forest,data/raw/mcc5_thu_motor/MCC5-THU Motor/MCC5-THU Motor_speed_circulation/bearing_outer_H_speed_circulation_20Nm_3000rpm_250707105700.csv,250707,250707,250707,179,speed_circulation,3000.0,20.0,0.4674022346368715,0.3254189944134078,0.20717877094972065
2,vibration_current_no_order,outer_race_acquisition_date_prediction,random_forest,data/raw/mcc5_thu_motor/MCC5-THU Motor/MCC5-THU Motor_speed_circulation/bearing_outer_H_speed_circulation_40Nm_1000rpm_250707105055.csv,250707,250707,250707,179,speed_circulation,1000.0,40.0,0.952513966480447,0.04036312849162012,0.00712290502793296
2,vibration_current_no_order,outer_race_acquisition_date_prediction,random_forest,data/raw/mcc5_thu_motor/MCC5-THU Motor/MCC5-THU Motor_speed_circulation/bearing_outer_L_speed_circulation_20Nm_2000rpm_250708095712.csv,250708,250708,250708,179,speed_circulation,2000.0,20.0,0.032290502793296094,0.9026536312849163,0.0650558659217877
2,vibration_current_no_order,outer_race_acquisition_date_prediction,random_forest,data/raw/mcc5_thu_motor/MCC5-THU Motor/MCC5-THU Motor_speed_circulation/bearing_outer_L_speed_circulation_20Nm_3000rpm_250708100411.csv,250708,250708,250708,179,speed_circulation,3000.0,20.0,0.05821229050279331,0.6857541899441341,0.25603351955307263
2,vibration_current_no_order,outer_race_acquisition_date_prediction,random_forest,data/raw/mcc5_thu_motor/MCC5-THU Motor/MCC5-THU Motor_speed_circulation/bearing_outer_L_speed_circulation_40Nm_1000rpm_250708094556.csv,250708,250708,250708,179,speed_circulation,1000.0,40.0,0.04748603351955307,0.9390782122905028,0.013435754189944136
2,vibration_current_no_order,outer_race_acquisition_date_prediction,random_forest,data/raw/mcc5_thu_motor/MCC5-THU Motor/MCC5-THU Motor_speed_circulation/bearing_outer_L_speed_circulation_40Nm_3000rpm_250708100602.csv,250708,250708,250708,179,speed_circulation,3000.0,40.0,0.12675977653631285,0.7141061452513966,0.1591340782122905
2,vibration_current_no_order,outer_race_acquisition_date_prediction,random_forest,data/raw/mcc5_thu_motor/MCC5-THU Motor/MCC5-THU Motor_torque_circulation/bearing_outer_H_torque_circulation_20Nm_1000rpm_250707103949d.csv,250707,250707,250707,179,torque_circulation,1000.0,20.0,0.8385195530726257,0.14108938547486033,0.020391061452513966
2,vibration_current_no_order,outer_race_acquisition_date_prediction,random_forest,data/raw/mcc5_thu_motor/MCC5-THU Motor/MCC5-THU Motor_torque_circulation/bearing_outer_H_torque_circulation_20Nm_3000rpm_250821175544.csv,250821,250707,250707,179,torque_circulation,3000.0,20.0,0.4975698324022346,0.185782122905028,0.3166480446927374
2,vibration_current_no_order,outer_race_acquisition_date_prediction,random_forest,data/raw/mcc5_thu_motor/MCC5-THU Motor/MCC5-THU Motor_torque_circulation/bearing_outer_H_torque_circulation_40Nm_1000rpm_250707104154d.csv,250707,250707,250707,179,torque_circulation,1000.0,40.0,0.9358938547486035,0.050027932960893855,0.014078212290502792
2,vibration_current_no_order,outer_race_acquisition_date_prediction,random_forest,data/raw/mcc5_thu_motor/MCC5-THU Motor/MCC5-THU Motor_torque_circulation/bearing_outer_H_torque_circulation_40Nm_3000rpm_250707104611d.csv,250707,250707,250707,179,torque_circulation,3000.0,40.0,0.7001396648044693,0.20963687150837992,0.09022346368715083
2,vibration_current_no_order,outer_race_acquisition_date_prediction,random_forest,data/raw/mcc5_thu_motor/MCC5-THU Motor/MCC5-THU Motor_torque_circulation/bearing_outer_L_torque_circulation_20Nm_3000rpm_250708094011d.csv,250708,250708,250708,179,torque_circulation,3000.0,20.0,0.01410614525139665,0.9516759776536312,0.034217877094972066
2,vibration_current_no_order,outer_race_acquisition_date_prediction,random_forest,data/raw/mcc5_thu_motor/MCC5-THU Motor/MCC5-THU Motor_torque_circulation/bearing_outer_L_torque_circulation_40Nm_1000rpm_250708094205d.csv,250708,250708,250708,179,torque_circulation,1000.0,40.0,0.019441340782122906,0.9761173184357543,0.004441340782122905
2,vibration_current_no_order,outer_race_acquisition_date_prediction,xgboost,data/raw/mcc5_thu_motor/MCC5-THU Motor/MCC5-THU Motor_speed_circulation/bearing_outer_H_speed_circulation_20Nm_3000rpm_250707105700.csv,250707,250707,250707,179,speed_circulation,3000.0,20.0,0.7857493758201599,0.2085530012845993,0.00569754745811224
2,vibration_current_no_order,outer_race_acquisition_date_prediction,xgboost,data/raw/mcc5_thu_motor/MCC5-THU Motor/MCC5-THU Motor_speed_circulation/bearing_outer_H_speed_circulation_40Nm_1000rpm_250707105055.csv,250707,250707,250707,179,speed_circulation,1000.0,40.0,0.9931171536445618,0.00620835367590189,0.0006744986749254167
2,vibration_current_no_order,outer_race_acquisition_date_prediction,xgboost,data/raw/mcc5_thu_motor/MCC5-THU Motor/MCC5-THU Motor_speed_circulation/bearing_outer_L_speed_circulation_20Nm_2000rpm_250708095712.csv,250708,250708,250708,179,speed_circulation,2000.0,20.0,0.0018155546858906746,0.9811366200447083,0.01704779639840126
2,vibration_current_no_order,outer_race_acquisition_date_prediction,xgboost,data/raw/mcc5_thu_motor/MCC5-THU Motor/MCC5-THU Motor_speed_circulation/bearing_outer_L_speed_circulation_20Nm_3000rpm_250708100411.csv,250708,250708,250708,179,speed_circulation,3000.0,20.0,0.07157722860574722,0.8796209692955017,0.04880186542868614
2,vibration_current_no_order,outer_race_acquisition_date_prediction,xgboost,data/raw/mcc5_thu_motor/MCC5-THU Motor/MCC5-THU Motor_speed_circulation/bearing_outer_L_speed_circulation_40Nm_1000rpm_250708094556.csv,250708,250708,250708,179,speed_circulation,1000.0,40.0,0.008859039284288883,0.9882730841636658,0.002867945469915867
2,vibration_current_no_order,outer_race_acquisition_date_prediction,xgboost,data/raw/mcc5_thu_motor/MCC5-THU Motor/MCC5-THU Motor_speed_circulation/bearing_outer_L_speed_circulation_40Nm_3000rpm_250708100602.csv,250708,250708,250708,179,speed_circulation,3000.0,40.0,0.05532239004969597,0.8949916362762451,0.04968594014644623
2,vibration_current_no_order,outer_race_acquisition_date_prediction,xgboost,data/raw/mcc5_thu_motor/MCC5-THU Motor/MCC5-THU Motor_torque_circulation/bearing_outer_H_torque_circulation_20Nm_1000rpm_250707103949d.csv,250707,250707,250707,179,torque_circulation,1000.0,20.0,0.6441178321838379,0.3267638087272644,0.029118424281477928
2,vibration_current_no_order,outer_race_acquisition_date_prediction,xgboost,data/raw/mcc5_thu_motor/MCC5-THU Motor/MCC5-THU Motor_torque_circulation/bearing_outer_H_torque_circulation_20Nm_3000rpm_250821175544.csv,250821,250707,250707,179,torque_circulation,3000.0,20.0,0.9248744249343872,0.05702091380953789,0.018104663118720055
2,vibration_current_no_order,outer_race_acquisition_date_prediction,xgboost,data/raw/mcc5_thu_motor/MCC5-THU Motor/MCC5-THU Motor_torque_circulation/bearing_outer_H_torque_circulation_40Nm_1000rpm_250707104154d.csv,250707,250707,250707,179,torque_circulation,1000.0,40.0,0.9587957859039307,0.03718772903084755,0.004016430117189884
2,vibration_current_no_order,outer_race_acquisition_date_prediction,xgboost,data/raw/mcc5_thu_motor/MCC5-THU Motor/MCC5-THU Motor_torque_circulation/bearing_outer_H_torque_circulation_40Nm_3000rpm_250707104611d.csv,250707,250707,250707,179,torque_circulation,3000.0,40.0,0.9061826467514038,0.0917423740029335,0.0020749091636389494
2,vibration_current_no_order,outer_race_acquisition_date_prediction,xgboost,data/raw/mcc5_thu_motor/MCC5-THU Motor/MCC5-THU Motor_torque_circulation/bearing_outer_L_torque_circulation_20Nm_3000rpm_250708094011d.csv,250708,250708,250708,179,torque_circulation,3000.0,20.0,0.0010080866049975157,0.9977759718894958,0.001216003904119134
2,vibration_current_no_order,outer_race_acquisition_date_prediction,xgboost,data/raw/mcc5_thu_motor/MCC5-THU Motor/MCC5-THU Motor_torque_circulation/bearing_outer_L_torque_circulation_40Nm_1000rpm_250708094205d.csv,250708,250708,250708,179,torque_circulation,1000.0,40.0,0.0002935311640612781,0.9995110630989075,0.00019548005366232246
3,all_features_254,outer_race_acquisition_date_prediction,random_forest,data/raw/mcc5_thu_motor/MCC5-THU Motor/MCC5-THU Motor_speed_circulation/bearing_outer_H_speed_circulation_20Nm_2000rpm_250707105253.csv,250707,250707,250707,179,speed_circulation,2000.0,20.0,0.8045251396648044,0.1585195530726257,0.036955307262569834
3,all_features_254,outer_race_acquisition_date_prediction,random_forest,data/raw/mcc5_thu_motor/MCC5-THU Motor/MCC5-THU Motor_speed_circulation/bearing_outer_H_speed_circulation_40Nm_3000rpm_250707105959.csv,250707,250707,250707,179,speed_circulation,3000.0,40.0,0.5389944134078213,0.36670391061452506,0.09430167597765363
3,all_features_254,outer_race_acquisition_date_prediction,random_forest,data/raw/mcc5_thu_motor/MCC5-THU Motor/MCC5-THU Motor_speed_circulation/bearing_outer_L_speed_circulation_20Nm_1000rpm_250708094556.csv,250708,250707,250707,179,speed_circulation,1000.0,20.0,0.6079050279329609,0.3837150837988827,0.008379888268156426
3,all_features_254,outer_race_acquisition_date_prediction,random_forest,data/raw/mcc5_thu_motor/MCC5-THU Motor/MCC5-THU Motor_speed_circulation/bearing_outer_L_speed_circulation_40Nm_1000rpm_250708094556.csv,250708,250707,250707,179,speed_circulation,1000.0,40.0,0.6077094972067039,0.38539106145251395,0.006899441340782122
3,all_features_254,outer_race_acquisition_date_prediction,random_forest,data/raw/mcc5_thu_motor/MCC5-THU Motor/MCC5-THU Motor_speed_circulation/bearing_outer_L_speed_circulation_40Nm_2000rpm_250708100011.csv,250708,250708,250708,179,speed_circulation,2000.0,40.0,0.15712290502793297,0.8378770949720672,0.005
3,all_features_254,outer_race_acquisition_date_prediction,random_forest,data/raw/mcc5_thu_motor/MCC5-THU Motor/MCC5-THU Motor_torque_circulation/bearing_outer_H_torque_circulation_20Nm_2000rpm_250707103802d.csv,250707,250707,250707,179,torque_circulation,2000.0,20.0,0.7633798882681563,0.18446927374301675,0.05215083798882681
3,all_features_254,outer_race_acquisition_date_prediction,random_forest,data/raw/mcc5_thu_motor/MCC5-THU Motor/MCC5-THU Motor_torque_circulation/bearing_outer_H_torque_circulation_20Nm_3000rpm_250821175544.csv,250821,250707,250707,179,torque_circulation,3000.0,20.0,0.3906424581005587,0.383072625698324,0.22628491620111732
3,all_features_254,outer_race_acquisition_date_prediction,random_forest,data/raw/mcc5_thu_motor/MCC5-THU Motor/MCC5-THU Motor_torque_circulation/bearing_outer_H_torque_circulation_40Nm_1000rpm_250707104154d.csv,250707,250707,250707,179,torque_circulation,1000.0,40.0,0.9694972067039106,0.02801675977653631,0.0024860335195530728
3,all_features_254,outer_race_acquisition_date_prediction,random_forest,data/raw/mcc5_thu_motor/MCC5-THU Motor/MCC5-THU Motor_torque_circulation/bearing_outer_H_torque_circulation_40Nm_2000rpm_250707104408d.csv,250707,250707,250707,179,torque_circulation,2000.0,40.0,0.8806983240223463,0.09899441340782122,0.0203072625698324
3,all_features_254,outer_race_acquisition_date_prediction,random_forest,data/raw/mcc5_thu_motor/MCC5-THU Motor/MCC5-THU Motor_torque_circulation/bearing_outer_H_torque_circulation_40Nm_3000rpm_250707104611d.csv,250707,250707,250707,179,torque_circulation,3000.0,40.0,0.576340782122905,0.35310055865921786,0.07055865921787709
3,all_features_254,outer_race_acquisition_date_prediction,random_forest,data/raw/mcc5_thu_motor/MCC5-THU Motor/MCC5-THU Motor_torque_circulation/bearing_outer_L_torque_circulation_20Nm_1000rpm_250708093600d.csv,250708,250707,250707,179,torque_circulation,1000.0,20.0,0.6280167597765363,0.33849162011173184,0.03349162011173184
3,all_features_254,outer_race_acquisition_date_prediction,random_forest,data/raw/mcc5_thu_motor/MCC5-THU Motor/MCC5-THU Motor_torque_circulation/bearing_outer_L_torque_circulation_20Nm_2000rpm_250708093806d.csv,250708,250708,250708,179,torque_circulation,2000.0,20.0,0.021424581005586592,0.9740782122905027,0.004497206703910615
3,all_features_254,outer_race_acquisition_date_prediction,random_forest,data/raw/mcc5_thu_motor/MCC5-THU Motor/MCC5-THU Motor_torque_circulation/bearing_outer_L_torque_circulation_40Nm_1000rpm_250708094205d.csv,250708,250707,250707,179,torque_circulation,1000.0,40.0,0.6260893854748603,0.36240223463687155,0.01150837988826816
3,all_features_254,outer_race_acquisition_date_prediction,xgboost,data/raw/mcc5_thu_motor/MCC5-THU Motor/MCC5-THU Motor_speed_circulation/bearing_outer_H_speed_circulation_20Nm_2000rpm_250707105253.csv,250707,250707,250707,179,speed_circulation,2000.0,20.0,0.9891730546951294,0.010292804799973965,0.0005340640200302005
3,all_features_254,outer_race_acquisition_date_prediction,xgboost,data/raw/mcc5_thu_motor/MCC5-THU Motor/MCC5-THU Motor_speed_circulation/bearing_outer_H_speed_circulation_40Nm_3000rpm_250707105959.csv,250707,250707,250707,179,speed_circulation,3000.0,40.0,0.8703371286392212,0.12105758488178253,0.008605332113802433
3,all_features_254,outer_race_acquisition_date_prediction,xgboost,data/raw/mcc5_thu_motor/MCC5-THU Motor/MCC5-THU Motor_speed_circulation/bearing_outer_L_speed_circulation_20Nm_1000rpm_250708094556.csv,250708,250707,250707,179,speed_circulation,1000.0,20.0,0.6275475025177002,0.3693370819091797,0.0031154509633779526
3,all_features_254,outer_race_acquisition_date_prediction,xgboost,data/raw/mcc5_thu_motor/MCC5-THU Motor/MCC5-THU Motor_speed_circulation/bearing_outer_L_speed_circulation_40Nm_1000rpm_250708094556.csv,250708,250708,250708,179,speed_circulation,1000.0,40.0,0.4445502460002899,0.5505903959274292,0.004859395325183868
3,all_features_254,outer_race_acquisition_date_prediction,xgboost,data/raw/mcc5_thu_motor/MCC5-THU Motor/MCC5-THU Motor_speed_circulation/bearing_outer_L_speed_circulation_40Nm_2000rpm_250708100011.csv,250708,250708,250708,179,speed_circulation,2000.0,40.0,0.042267005890607834,0.9567044377326965,0.0010285358875989914
3,all_features_254,outer_race_acquisition_date_prediction,xgboost,data/raw/mcc5_thu_motor/MCC5-THU Motor/MCC5-THU Motor_torque_circulation/bearing_outer_H_torque_circulation_20Nm_2000rpm_250707103802d.csv,250707,250707,250707,179,torque_circulation,2000.0,20.0,0.9981081485748291,0.0015876343240961432,0.00030427303863689303
3,all_features_254,outer_race_acquisition_date_prediction,xgboost,data/raw/mcc5_thu_motor/MCC5-THU Motor/MCC5-THU Motor_torque_circulation/bearing_outer_H_torque_circulation_20Nm_3000rpm_250821175544.csv,250821,250707,250707,179,torque_circulation,3000.0,20.0,0.5785675644874573,0.40926867723464966,0.012163762003183365
3,all_features_254,outer_race_acquisition_date_prediction,xgboost,data/raw/mcc5_thu_motor/MCC5-THU Motor/MCC5-THU Motor_torque_circulation/bearing_outer_H_torque_circulation_40Nm_1000rpm_250707104154d.csv,250707,250707,250707,179,torque_circulation,1000.0,40.0,0.9986005425453186,0.0011348623083904386,0.00026460937806405127
3,all_features_254,outer_race_acquisition_date_prediction,xgboost,data/raw/mcc5_thu_motor/MCC5-THU Motor/MCC5-THU Motor_torque_circulation/bearing_outer_H_torque_circulation_40Nm_2000rpm_250707104408d.csv,250707,250707,250707,179,torque_circulation,2000.0,40.0,0.9969773888587952,0.0026674040127545595,0.0003552976995706558
3,all_features_254,outer_race_acquisition_date_prediction,xgboost,data/raw/mcc5_thu_motor/MCC5-THU Motor/MCC5-THU Motor_torque_circulation/bearing_outer_H_torque_circulation_40Nm_3000rpm_250707104611d.csv,250707,250707,250707,179,torque_circulation,3000.0,40.0,0.8907831907272339,0.10703445971012115,0.0021822976414114237
3,all_features_254,outer_race_acquisition_date_prediction,xgboost,data/raw/mcc5_thu_motor/MCC5-THU Motor/MCC5-THU Motor_torque_circulation/bearing_outer_L_torque_circulation_20Nm_1000rpm_250708093600d.csv,250708,250708,250708,179,torque_circulation,1000.0,20.0,0.3270993232727051,0.6628910899162292,0.010009577497839928
3,all_features_254,outer_race_acquisition_date_prediction,xgboost,data/raw/mcc5_thu_motor/MCC5-THU Motor/MCC5-THU Motor_torque_circulation/bearing_outer_L_torque_circulation_20Nm_2000rpm_250708093806d.csv,250708,250708,250708,179,torque_circulation,2000.0,20.0,0.0011486186413094401,0.9982935786247253,0.0005577661213465035
3,all_features_254,outer_race_acquisition_date_prediction,xgboost,data/raw/mcc5_thu_motor/MCC5-THU Motor/MCC5-THU Motor_torque_circulation/bearing_outer_L_torque_circulation_40Nm_1000rpm_250708094205d.csv,250708,250708,250708,179,torque_circulation,1000.0,40.0,0.38638851046562195,0.6071734428405762,0.006438014097511768
3,all_signals_without_order,outer_race_acquisition_date_prediction,random_forest,data/raw/mcc5_thu_motor/MCC5-THU Motor/MCC5-THU Motor_speed_circulation/bearing_outer_H_speed_circulation_20Nm_2000rpm_250707105253.csv,250707,250707,250707,179,speed_circulation,2000.0,20.0,0.8267877094972067,0.1313128491620112,0.04189944134078212
3,all_signals_without_order,outer_race_acquisition_date_prediction,random_forest,data/raw/mcc5_thu_motor/MCC5-THU Motor/MCC5-THU Motor_speed_circulation/bearing_outer_H_speed_circulation_40Nm_3000rpm_250707105959.csv,250707,250707,250707,179,speed_circulation,3000.0,40.0,0.6149720670391062,0.3236871508379888,0.06134078212290503
3,all_signals_without_order,outer_race_acquisition_date_prediction,random_forest,data/raw/mcc5_thu_motor/MCC5-THU Motor/MCC5-THU Motor_speed_circulation/bearing_outer_L_speed_circulation_20Nm_1000rpm_250708094556.csv,250708,250708,250708,179,speed_circulation,1000.0,20.0,0.3209217877094972,0.6654748603351955,0.013603351955307263
3,all_signals_without_order,outer_race_acquisition_date_prediction,random_forest,data/raw/mcc5_thu_motor/MCC5-THU Motor/MCC5-THU Motor_speed_circulation/bearing_outer_L_speed_circulation_40Nm_1000rpm_250708094556.csv,250708,250708,250708,179,speed_circulation,1000.0,40.0,0.321536312849162,0.664217877094972,0.01424581005586592
3,all_signals_without_order,outer_race_acquisition_date_prediction,random_forest,data/raw/mcc5_thu_motor/MCC5-THU Motor/MCC5-THU Motor_speed_circulation/bearing_outer_L_speed_circulation_40Nm_2000rpm_250708100011.csv,250708,250708,250708,179,speed_circulation,2000.0,40.0,0.09195530726256984,0.904217877094972,0.003826815642458101
3,all_signals_without_order,outer_race_acquisition_date_prediction,random_forest,data/raw/mcc5_thu_motor/MCC5-THU Motor/MCC5-THU Motor_torque_circulation/bearing_outer_H_torque_circulation_20Nm_2000rpm_250707103802d.csv,250707,250707,250707,179,torque_circulation,2000.0,20.0,0.7519832402234637,0.1697486033519553,0.078268156424581
3,all_signals_without_order,outer_race_acquisition_date_prediction,random_forest,data/raw/mcc5_thu_motor/MCC5-THU Motor/MCC5-THU Motor_torque_circulation/bearing_outer_H_torque_circulation_20Nm_3000rpm_250821175544.csv,250821,250708,250708,179,torque_circulation,3000.0,20.0,0.399608938547486,0.42122905027932966,0.17916201117318437
3,all_signals_without_order,outer_race_acquisition_date_prediction,random_forest,data/raw/mcc5_thu_motor/MCC5-THU Motor/MCC5-THU Motor_torque_circulation/bearing_outer_H_torque_circulation_40Nm_1000rpm_250707104154d.csv,250707,250707,250707,179,torque_circulation,1000.0,40.0,0.9723463687150838,0.026117318435754194,0.0015363128491620113
3,all_signals_without_order,outer_race_acquisition_date_prediction,random_forest,data/raw/mcc5_thu_motor/MCC5-THU Motor/MCC5-THU Motor_torque_circulation/bearing_outer_H_torque_circulation_40Nm_2000rpm_250707104408d.csv,250707,250707,250707,179,torque_circulation,2000.0,40.0,0.9035754189944134,0.07446927374301678,0.021955307262569827
3,all_signals_without_order,outer_race_acquisition_date_prediction,random_forest,data/raw/mcc5_thu_motor/MCC5-THU Motor/MCC5-THU Motor_torque_circulation/bearing_outer_H_torque_circulation_40Nm_3000rpm_250707104611d.csv,250707,250707,250707,179,torque_circulation,3000.0,40.0,0.6087150837988827,0.3346927374301676,0.056592178770949714
3,all_signals_without_order,outer_race_acquisition_date_prediction,random_forest,data/raw/mcc5_thu_motor/MCC5-THU Motor/MCC5-THU Motor_torque_circulation/bearing_outer_L_torque_circulation_20Nm_1000rpm_250708093600d.csv,250708,250708,250708,179,torque_circulation,1000.0,20.0,0.395195530726257,0.5687150837988827,0.03608938547486033
3,all_signals_without_order,outer_race_acquisition_date_prediction,random_forest,data/raw/mcc5_thu_motor/MCC5-THU Motor/MCC5-THU Motor_torque_circulation/bearing_outer_L_torque_circulation_20Nm_2000rpm_250708093806d.csv,250708,250708,250708,179,torque_circulation,2000.0,20.0,0.021899441340782123,0.9740782122905027,0.004022346368715084
3,all_signals_without_order,outer_race_acquisition_date_prediction,random_forest,data/raw/mcc5_thu_motor/MCC5-THU Motor/MCC5-THU Motor_torque_circulation/bearing_outer_L_torque_circulation_40Nm_1000rpm_250708094205d.csv,250708,250708,250708,179,torque_circulation,1000.0,40.0,0.3381564245810056,0.6459776536312849,0.015865921787709496
3,all_signals_without_order,outer_race_acquisition_date_prediction,xgboost,data/raw/mcc5_thu_motor/MCC5-THU Motor/MCC5-THU Motor_speed_circulation/bearing_outer_H_speed_circulation_20Nm_2000rpm_250707105253.csv,250707,250707,250707,179,speed_circulation,2000.0,20.0,0.985926628112793,0.013783203437924385,0.0002902481355704367
3,all_signals_without_order,outer_race_acquisition_date_prediction,xgboost,data/raw/mcc5_thu_motor/MCC5-THU Motor/MCC5-THU Motor_speed_circulation/bearing_outer_H_speed_circulation_40Nm_3000rpm_250707105959.csv,250707,250707,250707,179,speed_circulation,3000.0,40.0,0.8753103017807007,0.11955995112657547,0.005129680503159761
3,all_signals_without_order,outer_race_acquisition_date_prediction,xgboost,data/raw/mcc5_thu_motor/MCC5-THU Motor/MCC5-THU Motor_speed_circulation/bearing_outer_L_speed_circulation_20Nm_1000rpm_250708094556.csv,250708,250708,250708,179,speed_circulation,1000.0,20.0,0.08327041566371918,0.9146928191184998,0.0020367216784507036
3,all_signals_without_order,outer_race_acquisition_date_prediction,xgboost,data/raw/mcc5_thu_motor/MCC5-THU Motor/MCC5-THU Motor_speed_circulation/bearing_outer_L_speed_circulation_40Nm_1000rpm_250708094556.csv,250708,250708,250708,179,speed_circulation,1000.0,40.0,0.03150470182299614,0.9654322862625122,0.003063053358346224
3,all_signals_without_order,outer_race_acquisition_date_prediction,xgboost,data/raw/mcc5_thu_motor/MCC5-THU Motor/MCC5-THU Motor_speed_circulation/bearing_outer_L_speed_circulation_40Nm_2000rpm_250708100011.csv,250708,250708,250708,179,speed_circulation,2000.0,40.0,0.017164571210741997,0.9817189574241638,0.0011165908072143793
3,all_signals_without_order,outer_race_acquisition_date_prediction,xgboost,data/raw/mcc5_thu_motor/MCC5-THU Motor/MCC5-THU Motor_torque_circulation/bearing_outer_H_torque_circulation_20Nm_2000rpm_250707103802d.csv,250707,250707,250707,179,torque_circulation,2000.0,20.0,0.9986124634742737,0.0011363858357071877,0.0002511505736038089
3,all_signals_without_order,outer_race_acquisition_date_prediction,xgboost,data/raw/mcc5_thu_motor/MCC5-THU Motor/MCC5-THU Motor_torque_circulation/bearing_outer_H_torque_circulation_20Nm_3000rpm_250821175544.csv,250821,250707,250707,179,torque_circulation,3000.0,20.0,0.661518394947052,0.32899054884910583,0.009491035714745522
3,all_signals_without_order,outer_race_acquisition_date_prediction,xgboost,data/raw/mcc5_thu_motor/MCC5-THU Motor/MCC5-THU Motor_torque_circulation/bearing_outer_H_torque_circulation_40Nm_1000rpm_250707104154d.csv,250707,250707,250707,179,torque_circulation,1000.0,40.0,0.9984255433082581,0.0012725108535960317,0.00030187758966349065
3,all_signals_without_order,outer_race_acquisition_date_prediction,xgboost,data/raw/mcc5_thu_motor/MCC5-THU Motor/MCC5-THU Motor_torque_circulation/bearing_outer_H_torque_circulation_40Nm_2000rpm_250707104408d.csv,250707,250707,250707,179,torque_circulation,2000.0,40.0,0.9977967739105225,0.0018795911455526948,0.0003236793272662908
3,all_signals_without_order,outer_race_acquisition_date_prediction,xgboost,data/raw/mcc5_thu_motor/MCC5-THU Motor/MCC5-THU Motor_torque_circulation/bearing_outer_H_torque_circulation_40Nm_3000rpm_250707104611d.csv,250707,250707,250707,179,torque_circulation,3000.0,40.0,0.8979372978210449,0.10035106539726257,0.001711669727228582
3,all_signals_without_order,outer_race_acquisition_date_prediction,xgboost,data/raw/mcc5_thu_motor/MCC5-THU Motor/MCC5-THU Motor_torque_circulation/bearing_outer_L_torque_circulation_20Nm_1000rpm_250708093600d.csv,250708,250708,250708,179,torque_circulation,1000.0,20.0,0.06417255848646164,0.9290948510169983,0.006732598412781954
3,all_signals_without_order,outer_race_acquisition_date_prediction,xgboost,data/raw/mcc5_thu_motor/MCC5-THU Motor/MCC5-THU Motor_torque_circulation/bearing_outer_L_torque_circulation_20Nm_2000rpm_250708093806d.csv,250708,250708,250708,179,torque_circulation,2000.0,20.0,0.001178621081635356,0.9981487393379211,0.0006726285791955888
3,all_signals_without_order,outer_race_acquisition_date_prediction,xgboost,data/raw/mcc5_thu_motor/MCC5-THU Motor/MCC5-THU Motor_torque_circulation/bearing_outer_L_torque_circulation_40Nm_1000rpm_250708094205d.csv,250708,250708,250708,179,torque_circulation,1000.0,40.0,0.04428432881832123,0.9528529644012451,0.0028626571875065565
3,vibration_current_no_order,outer_race_acquisition_date_prediction,random_forest,data/raw/mcc5_thu_motor/MCC5-THU Motor/MCC5-THU Motor_speed_circulation/bearing_outer_H_speed_circulation_20Nm_2000rpm_250707105253.csv,250707,250707,250707,179,speed_circulation,2000.0,20.0,0.7744972067039105,0.1296368715083799,0.0958659217877095
3,vibration_current_no_order,outer_race_acquisition_date_prediction,random_forest,data/raw/mcc5_thu_motor/MCC5-THU Motor/MCC5-THU Motor_speed_circulation/bearing_outer_H_speed_circulation_40Nm_3000rpm_250707105959.csv,250707,250708,250708,179,speed_circulation,3000.0,40.0,0.4528212290502793,0.4544134078212291,0.09276536312849164
3,vibration_current_no_order,outer_race_acquisition_date_prediction,random_forest,data/raw/mcc5_thu_motor/MCC5-THU Motor/MCC5-THU Motor_speed_circulation/bearing_outer_L_speed_circulation_20Nm_1000rpm_250708094556.csv,250708,250708,250708,179,speed_circulation,1000.0,20.0,0.29807262569832405,0.6127932960893855,0.0891340782122905
3,vibration_current_no_order,outer_race_acquisition_date_prediction,random_forest,data/raw/mcc5_thu_motor/MCC5-THU Motor/MCC5-THU Motor_speed_circulation/bearing_outer_L_speed_circulation_40Nm_1000rpm_250708094556.csv,250708,250708,250708,179,speed_circulation,1000.0,40.0,0.32472067039106145,0.6037709497206704,0.07150837988826816
3,vibration_current_no_order,outer_race_acquisition_date_prediction,random_forest,data/raw/mcc5_thu_motor/MCC5-THU Motor/MCC5-THU Motor_speed_circulation/bearing_outer_L_speed_circulation_40Nm_2000rpm_250708100011.csv,250708,250708,250708,179,speed_circulation,2000.0,40.0,0.09013966480446926,0.8812011173184356,0.028659217877094977
3,vibration_current_no_order,outer_race_acquisition_date_prediction,random_forest,data/raw/mcc5_thu_motor/MCC5-THU Motor/MCC5-THU Motor_torque_circulation/bearing_outer_H_torque_circulation_20Nm_2000rpm_250707103802d.csv,250707,250707,250707,179,torque_circulation,2000.0,20.0,0.6940502793296088,0.1944972067039106,0.11145251396648044
3,vibration_current_no_order,outer_race_acquisition_date_prediction,random_forest,data/raw/mcc5_thu_motor/MCC5-THU Motor/MCC5-THU Motor_torque_circulation/bearing_outer_H_torque_circulation_20Nm_3000rpm_250821175544.csv,250821,250708,250708,179,torque_circulation,3000.0,20.0,0.2381564245810056,0.40759776536312853,0.3542458100558659
3,vibration_current_no_order,outer_race_acquisition_date_prediction,random_forest,data/raw/mcc5_thu_motor/MCC5-THU Motor/MCC5-THU Motor_torque_circulation/bearing_outer_H_torque_circulation_40Nm_1000rpm_250707104154d.csv,250707,250707,250707,179,torque_circulation,1000.0,40.0,0.974441340782123,0.014441340782122905,0.01111731843575419
3,vibration_current_no_order,outer_race_acquisition_date_prediction,random_forest,data/raw/mcc5_thu_motor/MCC5-THU Motor/MCC5-THU Motor_torque_circulation/bearing_outer_H_torque_circulation_40Nm_2000rpm_250707104408d.csv,250707,250707,250707,179,torque_circulation,2000.0,40.0,0.8628212290502792,0.08653631284916201,0.05064245810055867
3,vibration_current_no_order,outer_race_acquisition_date_prediction,random_forest,data/raw/mcc5_thu_motor/MCC5-THU Motor/MCC5-THU Motor_torque_circulation/bearing_outer_H_torque_circulation_40Nm_3000rpm_250707104611d.csv,250707,250708,250708,179,torque_circulation,3000.0,40.0,0.4073184357541899,0.5021229050279329,0.0905586592178771
3,vibration_current_no_order,outer_race_acquisition_date_prediction,random_forest,data/raw/mcc5_thu_motor/MCC5-THU Motor/MCC5-THU Motor_torque_circulation/bearing_outer_L_torque_circulation_20Nm_1000rpm_250708093600d.csv,250708,250708,250708,179,torque_circulation,1000.0,20.0,0.33673184357541897,0.4596927374301676,0.20357541899441348
3,vibration_current_no_order,outer_race_acquisition_date_prediction,random_forest,data/raw/mcc5_thu_motor/MCC5-THU Motor/MCC5-THU Motor_torque_circulation/bearing_outer_L_torque_circulation_20Nm_2000rpm_250708093806d.csv,250708,250708,250708,179,torque_circulation,2000.0,20.0,0.00893854748603352,0.9741620111731844,0.016899441340782122
3,vibration_current_no_order,outer_race_acquisition_date_prediction,random_forest,data/raw/mcc5_thu_motor/MCC5-THU Motor/MCC5-THU Motor_torque_circulation/bearing_outer_L_torque_circulation_40Nm_1000rpm_250708094205d.csv,250708,250708,250708,179,torque_circulation,1000.0,40.0,0.32949720670391064,0.545558659217877,0.1249441340782123
3,vibration_current_no_order,outer_race_acquisition_date_prediction,xgboost,data/raw/mcc5_thu_motor/MCC5-THU Motor/MCC5-THU Motor_speed_circulation/bearing_outer_H_speed_circulation_20Nm_2000rpm_250707105253.csv,250707,250707,250707,179,speed_circulation,2000.0,20.0,0.9878084659576416,0.011493122205138206,0.0006984345964156091
3,vibration_current_no_order,outer_race_acquisition_date_prediction,xgboost,data/raw/mcc5_thu_motor/MCC5-THU Motor/MCC5-THU Motor_speed_circulation/bearing_outer_H_speed_circulation_40Nm_3000rpm_250707105959.csv,250707,250707,250708,179,speed_circulation,3000.0,40.0,0.564209520816803,0.4302833676338196,0.005507171619683504
3,vibration_current_no_order,outer_race_acquisition_date_prediction,xgboost,data/raw/mcc5_thu_motor/MCC5-THU Motor/MCC5-THU Motor_speed_circulation/bearing_outer_L_speed_circulation_20Nm_1000rpm_250708094556.csv,250708,250708,250708,179,speed_circulation,1000.0,20.0,0.0808611512184143,0.9156192541122437,0.0035196139942854643
3,vibration_current_no_order,outer_race_acquisition_date_prediction,xgboost,data/raw/mcc5_thu_motor/MCC5-THU Motor/MCC5-THU Motor_speed_circulation/bearing_outer_L_speed_circulation_40Nm_1000rpm_250708094556.csv,250708,250708,250708,179,speed_circulation,1000.0,40.0,0.03443991392850876,0.9600911736488342,0.005468916613608599
3,vibration_current_no_order,outer_race_acquisition_date_prediction,xgboost,data/raw/mcc5_thu_motor/MCC5-THU Motor/MCC5-THU Motor_speed_circulation/bearing_outer_L_speed_circulation_40Nm_2000rpm_250708100011.csv,250708,250708,250708,179,speed_circulation,2000.0,40.0,0.01263336930423975,0.985380232334137,0.0019864256028085947
3,vibration_current_no_order,outer_race_acquisition_date_prediction,xgboost,data/raw/mcc5_thu_motor/MCC5-THU Motor/MCC5-THU Motor_torque_circulation/bearing_outer_H_torque_circulation_20Nm_2000rpm_250707103802d.csv,250707,250707,250707,179,torque_circulation,2000.0,20.0,0.9969639182090759,0.0017380943754687905,0.0012979902094230056
3,vibration_current_no_order,outer_race_acquisition_date_prediction,xgboost,data/raw/mcc5_thu_motor/MCC5-THU Motor/MCC5-THU Motor_torque_circulation/bearing_outer_H_torque_circulation_20Nm_3000rpm_250821175544.csv,250821,250707,250707,179,torque_circulation,3000.0,20.0,0.47591617703437805,0.41345351934432983,0.1106303334236145
3,vibration_current_no_order,outer_race_acquisition_date_prediction,xgboost,data/raw/mcc5_thu_motor/MCC5-THU Motor/MCC5-THU Motor_torque_circulation/bearing_outer_H_torque_circulation_40Nm_1000rpm_250707104154d.csv,250707,250707,250707,179,torque_circulation,1000.0,40.0,0.9967494606971741,0.0013998759677633643,0.0018506827764213085
3,vibration_current_no_order,outer_race_acquisition_date_prediction,xgboost,data/raw/mcc5_thu_motor/MCC5-THU Motor/MCC5-THU Motor_torque_circulation/bearing_outer_H_torque_circulation_40Nm_2000rpm_250707104408d.csv,250707,250707,250707,179,torque_circulation,2000.0,40.0,0.9971884489059448,0.002045021392405033,0.0007665912271477282
3,vibration_current_no_order,outer_race_acquisition_date_prediction,xgboost,data/raw/mcc5_thu_motor/MCC5-THU Motor/MCC5-THU Motor_torque_circulation/bearing_outer_H_torque_circulation_40Nm_3000rpm_250707104611d.csv,250707,250707,250708,179,torque_circulation,3000.0,40.0,0.5198944807052612,0.47807779908180237,0.002027742797508836
3,vibration_current_no_order,outer_race_acquisition_date_prediction,xgboost,data/raw/mcc5_thu_motor/MCC5-THU Motor/MCC5-THU Motor_torque_circulation/bearing_outer_L_torque_circulation_20Nm_1000rpm_250708093600d.csv,250708,250708,250708,179,torque_circulation,1000.0,20.0,0.017783401533961296,0.9259466528892517,0.056269872933626175
3,vibration_current_no_order,outer_race_acquisition_date_prediction,xgboost,data/raw/mcc5_thu_motor/MCC5-THU Motor/MCC5-THU Motor_torque_circulation/bearing_outer_L_torque_circulation_20Nm_2000rpm_250708093806d.csv,250708,250708,250708,179,torque_circulation,2000.0,20.0,0.005876787006855011,0.9882122278213501,0.005910987965762615
3,vibration_current_no_order,outer_race_acquisition_date_prediction,xgboost,data/raw/mcc5_thu_motor/MCC5-THU Motor/MCC5-THU Motor_torque_circulation/bearing_outer_L_torque_circulation_40Nm_1000rpm_250708094205d.csv,250708,250708,250708,179,torque_circulation,1000.0,40.0,0.016439585015177727,0.9698776006698608,0.013682718388736248
4,all_features_254,outer_race_acquisition_date_prediction,random_forest,data/raw/mcc5_thu_motor/MCC5-THU Motor/MCC5-THU Motor_speed_circulation/bearing_outer_H_speed_circulation_20Nm_1000rpm_250707104821.csv,250707,250707,250707,179,speed_circulation,1000.0,20.0,0.7613687150837987,0.2386312849162011,0.0
4,all_features_254,outer_race_acquisition_date_prediction,random_forest,data/raw/mcc5_thu_motor/MCC5-THU Motor/MCC5-THU Motor_speed_circulation/bearing_outer_H_speed_circulation_20Nm_3000rpm_250707105700.csv,250707,250707,250707,179,speed_circulation,3000.0,20.0,0.9674022346368715,0.03111731843575419,0.0014804469273743018
4,all_features_254,outer_race_acquisition_date_prediction,random_forest,data/raw/mcc5_thu_motor/MCC5-THU Motor/MCC5-THU Motor_speed_circulation/bearing_outer_H_speed_circulation_20Nm_3000rpm_250821110519.csv,250821,250707,250707,179,speed_circulation,3000.0,20.0,0.7831843575418996,0.17083798882681564,0.04597765363128492
4,all_features_254,outer_race_acquisition_date_prediction,random_forest,data/raw/mcc5_thu_motor/MCC5-THU Motor/MCC5-THU Motor_speed_circulation/bearing_outer_H_speed_circulation_40Nm_1000rpm_250707105055.csv,250707,250707,250707,179,speed_circulation,1000.0,40.0,0.8367877094972068,0.16315642458100557,5.58659217877095e-05
4,all_features_254,outer_race_acquisition_date_prediction,random_forest,data/raw/mcc5_thu_motor/MCC5-THU Motor/MCC5-THU Motor_speed_circulation/bearing_outer_H_speed_circulation_40Nm_2000rpm_250707105500.csv,250707,250707,250707,179,speed_circulation,2000.0,40.0,0.8958100558659218,0.10418994413407823,0.0
4,all_features_254,outer_race_acquisition_date_prediction,random_forest,data/raw/mcc5_thu_motor/MCC5-THU Motor/MCC5-THU Motor_speed_circulation/bearing_outer_L_speed_circulation_20Nm_2000rpm_250708095712.csv,250708,250708,250708,179,speed_circulation,2000.0,20.0,0.06656424581005588,0.9334357541899442,0.0
4,all_features_254,outer_race_acquisition_date_prediction,random_forest,data/raw/mcc5_thu_motor/MCC5-THU Motor/MCC5-THU Motor_speed_circulation/bearing_outer_L_speed_circulation_20Nm_3000rpm_250708100411.csv,250708,250707,250707,179,speed_circulation,3000.0,20.0,0.6805865921787709,0.3112569832402235,0.008156424581005586
4,all_features_254,outer_race_acquisition_date_prediction,random_forest,data/raw/mcc5_thu_motor/MCC5-THU Motor/MCC5-THU Motor_speed_circulation/bearing_outer_L_speed_circulation_40Nm_3000rpm_250708100602.csv,250708,250707,250707,179,speed_circulation,3000.0,40.0,0.62036312849162,0.37198324022346374,0.007653631284916202
4,all_features_254,outer_race_acquisition_date_prediction,random_forest,data/raw/mcc5_thu_motor/MCC5-THU Motor/MCC5-THU Motor_torque_circulation/bearing_outer_H_torque_circulation_20Nm_1000rpm_250707103949d.csv,250707,250707,250707,179,torque_circulation,1000.0,20.0,0.8863687150837989,0.1136312849162011,0.0
4,all_features_254,outer_race_acquisition_date_prediction,random_forest,data/raw/mcc5_thu_motor/MCC5-THU Motor/MCC5-THU Motor_torque_circulation/bearing_outer_L_torque_circulation_20Nm_3000rpm_250708094011d.csv,250708,250707,250707,179,torque_circulation,3000.0,20.0,0.7397486033519555,0.2479608938547486,0.012290502793296089
4,all_features_254,outer_race_acquisition_date_prediction,random_forest,data/raw/mcc5_thu_motor/MCC5-THU Motor/MCC5-THU Motor_torque_circulation/bearing_outer_L_torque_circulation_40Nm_2000rpm_250708094403d.csv,250708,250708,250708,179,torque_circulation,2000.0,40.0,0.04932960893854748,0.9505307262569831,0.00013966480446927376
4,all_features_254,outer_race_acquisition_date_prediction,random_forest,data/raw/mcc5_thu_motor/MCC5-THU Motor/MCC5-THU Motor_torque_circulation/bearing_outer_L_torque_circulation_40Nm_3000rpm_250708094556d.csv,250708,250707,250707,179,torque_circulation,3000.0,40.0,0.7810893854748603,0.20684357541899445,0.012067039106145252
4,all_features_254,outer_race_acquisition_date_prediction,xgboost,data/raw/mcc5_thu_motor/MCC5-THU Motor/MCC5-THU Motor_speed_circulation/bearing_outer_H_speed_circulation_20Nm_1000rpm_250707104821.csv,250707,250707,250707,179,speed_circulation,1000.0,20.0,0.9272431135177612,0.07242540270090103,0.00033153232652693987
4,all_features_254,outer_race_acquisition_date_prediction,xgboost,data/raw/mcc5_thu_motor/MCC5-THU Motor/MCC5-THU Motor_speed_circulation/bearing_outer_H_speed_circulation_20Nm_3000rpm_250707105700.csv,250707,250707,250707,179,speed_circulation,3000.0,20.0,0.9969726204872131,0.0027658832259476185,0.00026153968065045774
4,all_features_254,outer_race_acquisition_date_prediction,xgboost,data/raw/mcc5_thu_motor/MCC5-THU Motor/MCC5-THU Motor_speed_circulation/bearing_outer_H_speed_circulation_20Nm_3000rpm_250821110519.csv,250821,250707,250707,179,speed_circulation,3000.0,20.0,0.783186674118042,0.20274928212165833,0.014064064249396324
4,all_features_254,outer_race_acquisition_date_prediction,xgboost,data/raw/mcc5_thu_motor/MCC5-THU Motor/MCC5-THU Motor_speed_circulation/bearing_outer_H_speed_circulation_40Nm_1000rpm_250707105055.csv,250707,250707,250707,179,speed_circulation,1000.0,40.0,0.946282684803009,0.05327392742037773,0.0004434101574588567
4,all_features_254,outer_race_acquisition_date_prediction,xgboost,data/raw/mcc5_thu_motor/MCC5-THU Motor/MCC5-THU Motor_speed_circulation/bearing_outer_H_speed_circulation_40Nm_2000rpm_250707105500.csv,250707,250707,250707,179,speed_circulation,2000.0,40.0,0.9879607558250427,0.011721945367753506,0.00031730582122690976
4,all_features_254,outer_race_acquisition_date_prediction,xgboost,data/raw/mcc5_thu_motor/MCC5-THU Motor/MCC5-THU Motor_speed_circulation/bearing_outer_L_speed_circulation_20Nm_2000rpm_250708095712.csv,250708,250708,250708,179,speed_circulation,2000.0,20.0,0.002858511172235012,0.9966241717338562,0.0005173079553060234
4,all_features_254,outer_race_acquisition_date_prediction,xgboost,data/raw/mcc5_thu_motor/MCC5-THU Motor/MCC5-THU Motor_speed_circulation/bearing_outer_L_speed_circulation_20Nm_3000rpm_250708100411.csv,250708,250707,250707,179,speed_circulation,3000.0,20.0,0.5132666826248169,0.47801804542541504,0.008715230040252209
4,all_features_254,outer_race_acquisition_date_prediction,xgboost,data/raw/mcc5_thu_motor/MCC5-THU Motor/MCC5-THU Motor_speed_circulation/bearing_outer_L_speed_circulation_40Nm_3000rpm_250708100602.csv,250708,250708,250708,179,speed_circulation,3000.0,40.0,0.1569005250930786,0.8343961238861084,0.008703336119651794
4,all_features_254,outer_race_acquisition_date_prediction,xgboost,data/raw/mcc5_thu_motor/MCC5-THU Motor/MCC5-THU Motor_torque_circulation/bearing_outer_H_torque_circulation_20Nm_1000rpm_250707103949d.csv,250707,250707,250707,179,torque_circulation,1000.0,20.0,0.9745053648948669,0.025309910997748375,0.0001847548846853897
4,all_features_254,outer_race_acquisition_date_prediction,xgboost,data/raw/mcc5_thu_motor/MCC5-THU Motor/MCC5-THU Motor_torque_circulation/bearing_outer_L_torque_circulation_20Nm_3000rpm_250708094011d.csv,250708,250707,250707,179,torque_circulation,3000.0,20.0,0.7623297572135925,0.23370254039764404,0.003967695403844118
4,all_features_254,outer_race_acquisition_date_prediction,xgboost,data/raw/mcc5_thu_motor/MCC5-THU Motor/MCC5-THU Motor_torque_circulation/bearing_outer_L_torque_circulation_40Nm_2000rpm_250708094403d.csv,250708,250708,250708,179,torque_circulation,2000.0,40.0,0.0028307184111326933,0.9965658187866211,0.0006034667021594942
4,all_features_254,outer_race_acquisition_date_prediction,xgboost,data/raw/mcc5_thu_motor/MCC5-THU Motor/MCC5-THU Motor_torque_circulation/bearing_outer_L_torque_circulation_40Nm_3000rpm_250708094556d.csv,250708,250707,250707,179,torque_circulation,3000.0,40.0,0.6006689071655273,0.3923814594745636,0.006949670612812042
4,all_signals_without_order,outer_race_acquisition_date_prediction,random_forest,data/raw/mcc5_thu_motor/MCC5-THU Motor/MCC5-THU Motor_speed_circulation/bearing_outer_H_speed_circulation_20Nm_1000rpm_250707104821.csv,250707,250707,250707,179,speed_circulation,1000.0,20.0,0.855391061452514,0.1445810055865922,2.793296089385475e-05
4,all_signals_without_order,outer_race_acquisition_date_prediction,random_forest,data/raw/mcc5_thu_motor/MCC5-THU Motor/MCC5-THU Motor_speed_circulation/bearing_outer_H_speed_circulation_20Nm_3000rpm_250707105700.csv,250707,250707,250707,179,speed_circulation,3000.0,20.0,0.9684916201117317,0.028463687150837993,0.003044692737430168
4,all_signals_without_order,outer_race_acquisition_date_prediction,random_forest,data/raw/mcc5_thu_motor/MCC5-THU Motor/MCC5-THU Motor_speed_circulation/bearing_outer_H_speed_circulation_20Nm_3000rpm_250821110519.csv,250821,250707,250707,179,speed_circulation,3000.0,20.0,0.7217877094972068,0.22726256983240228,0.050949720670391066
4,all_signals_without_order,outer_race_acquisition_date_prediction,random_forest,data/raw/mcc5_thu_motor/MCC5-THU Motor/MCC5-THU Motor_speed_circulation/bearing_outer_H_speed_circulation_40Nm_1000rpm_250707105055.csv,250707,250707,250707,179,speed_circulation,1000.0,40.0,0.9281005586592178,0.07187150837988827,2.793296089385475e-05
4,all_signals_without_order,outer_race_acquisition_date_prediction,random_forest,data/raw/mcc5_thu_motor/MCC5-THU Motor/MCC5-THU Motor_speed_circulation/bearing_outer_H_speed_circulation_40Nm_2000rpm_250707105500.csv,250707,250707,250707,179,speed_circulation,2000.0,40.0,0.9126536312849163,0.0873463687150838,0.0
4,all_signals_without_order,outer_race_acquisition_date_prediction,random_forest,data/raw/mcc5_thu_motor/MCC5-THU Motor/MCC5-THU Motor_speed_circulation/bearing_outer_L_speed_circulation_20Nm_2000rpm_250708095712.csv,250708,250708,250708,179,speed_circulation,2000.0,20.0,0.03594972067039107,0.964050279329609,0.0
4,all_signals_without_order,outer_race_acquisition_date_prediction,random_forest,data/raw/mcc5_thu_motor/MCC5-THU Motor/MCC5-THU Motor_speed_circulation/bearing_outer_L_speed_circulation_20Nm_3000rpm_250708100411.csv,250708,250707,250707,179,speed_circulation,3000.0,20.0,0.6051675977653632,0.38455307262569827,0.01027932960893855
4,all_signals_without_order,outer_race_acquisition_date_prediction,random_forest,data/raw/mcc5_thu_motor/MCC5-THU Motor/MCC5-THU Motor_speed_circulation/bearing_outer_L_speed_circulation_40Nm_3000rpm_250708100602.csv,250708,250707,250707,179,speed_circulation,3000.0,40.0,0.5046927374301676,0.48089385474860324,0.014413407821229051
4,all_signals_without_order,outer_race_acquisition_date_prediction,random_forest,data/raw/mcc5_thu_motor/MCC5-THU Motor/MCC5-THU Motor_torque_circulation/bearing_outer_H_torque_circulation_20Nm_1000rpm_250707103949d.csv,250707,250707,250707,179,torque_circulation,1000.0,20.0,0.8891899441340784,0.1108100558659218,0.0
4,all_signals_without_order,outer_race_acquisition_date_prediction,random_forest,data/raw/mcc5_thu_motor/MCC5-THU Motor/MCC5-THU Motor_torque_circulation/bearing_outer_L_torque_circulation_20Nm_3000rpm_250708094011d.csv,250708,250707,250707,179,torque_circulation,3000.0,20.0,0.6529888268156424,0.3323743016759777,0.01463687150837989
4,all_signals_without_order,outer_race_acquisition_date_prediction,random_forest,data/raw/mcc5_thu_motor/MCC5-THU Motor/MCC5-THU Motor_torque_circulation/bearing_outer_L_torque_circulation_40Nm_2000rpm_250708094403d.csv,250708,250708,250708,179,torque_circulation,2000.0,40.0,0.05435754189944134,0.9456424581005586,0.0
4,all_signals_without_order,outer_race_acquisition_date_prediction,random_forest,data/raw/mcc5_thu_motor/MCC5-THU Motor/MCC5-THU Motor_torque_circulation/bearing_outer_L_torque_circulation_40Nm_3000rpm_250708094556d.csv,250708,250707,250707,179,torque_circulation,3000.0,40.0,0.688268156424581,0.288463687150838,0.023268156424581007
4,all_signals_without_order,outer_race_acquisition_date_prediction,xgboost,data/raw/mcc5_thu_motor/MCC5-THU Motor/MCC5-THU Motor_speed_circulation/bearing_outer_H_speed_circulation_20Nm_1000rpm_250707104821.csv,250707,250707,250707,179,speed_circulation,1000.0,20.0,0.9472780823707581,0.05228773131966591,0.00043413633829914033
4,all_signals_without_order,outer_race_acquisition_date_prediction,xgboost,data/raw/mcc5_thu_motor/MCC5-THU Motor/MCC5-THU Motor_speed_circulation/bearing_outer_H_speed_circulation_20Nm_3000rpm_250707105700.csv,250707,250707,250707,179,speed_circulation,3000.0,20.0,0.9946986436843872,0.0050362227484583855,0.0002650998067110777
4,all_signals_without_order,outer_race_acquisition_date_prediction,xgboost,data/raw/mcc5_thu_motor/MCC5-THU Motor/MCC5-THU Motor_speed_circulation/bearing_outer_H_speed_circulation_20Nm_3000rpm_250821110519.csv,250821,250707,250707,179,speed_circulation,3000.0,20.0,0.6755650639533997,0.2728794813156128,0.05155539885163307
4,all_signals_without_order,outer_race_acquisition_date_prediction,xgboost,data/raw/mcc5_thu_motor/MCC5-THU Motor/MCC5-THU Motor_speed_circulation/bearing_outer_H_speed_circulation_40Nm_1000rpm_250707105055.csv,250707,250707,250707,179,speed_circulation,1000.0,40.0,0.9736337661743164,0.026026912033557892,0.0003393367805983871
4,all_signals_without_order,outer_race_acquisition_date_prediction,xgboost,data/raw/mcc5_thu_motor/MCC5-THU Motor/MCC5-THU Motor_speed_circulation/bearing_outer_H_speed_circulation_40Nm_2000rpm_250707105500.csv,250707,250707,250707,179,speed_circulation,2000.0,40.0,0.9889617562294006,0.01074687484651804,0.00029134738724678755
4,all_signals_without_order,outer_race_acquisition_date_prediction,xgboost,data/raw/mcc5_thu_motor/MCC5-THU Motor/MCC5-THU Motor_speed_circulation/bearing_outer_L_speed_circulation_20Nm_2000rpm_250708095712.csv,250708,250708,250708,179,speed_circulation,2000.0,20.0,0.001904403674416244,0.9976648092269897,0.0004307775816414505
4,all_signals_without_order,outer_race_acquisition_date_prediction,xgboost,data/raw/mcc5_thu_motor/MCC5-THU Motor/MCC5-THU Motor_speed_circulation/bearing_outer_L_speed_circulation_20Nm_3000rpm_250708100411.csv,250708,250708,250707,179,speed_circulation,3000.0,20.0,0.4927336573600769,0.49692633748054504,0.01034000888466835
4,all_signals_without_order,outer_race_acquisition_date_prediction,xgboost,data/raw/mcc5_thu_motor/MCC5-THU Motor/MCC5-THU Motor_speed_circulation/bearing_outer_L_speed_circulation_40Nm_3000rpm_250708100602.csv,250708,250708,250708,179,speed_circulation,3000.0,40.0,0.14509217441082,0.8435554504394531,0.011352418921887875
4,all_signals_without_order,outer_race_acquisition_date_prediction,xgboost,data/raw/mcc5_thu_motor/MCC5-THU Motor/MCC5-THU Motor_torque_circulation/bearing_outer_H_torque_circulation_20Nm_1000rpm_250707103949d.csv,250707,250707,250707,179,torque_circulation,1000.0,20.0,0.9734237790107727,0.02635924704372883,0.00021697842748835683
4,all_signals_without_order,outer_race_acquisition_date_prediction,xgboost,data/raw/mcc5_thu_motor/MCC5-THU Motor/MCC5-THU Motor_torque_circulation/bearing_outer_L_torque_circulation_20Nm_3000rpm_250708094011d.csv,250708,250707,250707,179,torque_circulation,3000.0,20.0,0.7506222128868103,0.2469356656074524,0.0024420632980763912
4,all_signals_without_order,outer_race_acquisition_date_prediction,xgboost,data/raw/mcc5_thu_motor/MCC5-THU Motor/MCC5-THU Motor_torque_circulation/bearing_outer_L_torque_circulation_40Nm_2000rpm_250708094403d.csv,250708,250708,250708,179,torque_circulation,2000.0,40.0,0.0033048498444259167,0.9961276650428772,0.0005674737622030079
4,all_signals_without_order,outer_race_acquisition_date_prediction,xgboost,data/raw/mcc5_thu_motor/MCC5-THU Motor/MCC5-THU Motor_torque_circulation/bearing_outer_L_torque_circulation_40Nm_3000rpm_250708094556d.csv,250708,250707,250707,179,torque_circulation,3000.0,40.0,0.6151627898216248,0.3819846510887146,0.0028526131063699722
4,vibration_current_no_order,outer_race_acquisition_date_prediction,random_forest,data/raw/mcc5_thu_motor/MCC5-THU Motor/MCC5-THU Motor_speed_circulation/bearing_outer_H_speed_circulation_20Nm_1000rpm_250707104821.csv,250707,250707,250707,179,speed_circulation,1000.0,20.0,0.908435754189944,0.09156424581005587,0.0
4,vibration_current_no_order,outer_race_acquisition_date_prediction,random_forest,data/raw/mcc5_thu_motor/MCC5-THU Motor/MCC5-THU Motor_speed_circulation/bearing_outer_H_speed_circulation_20Nm_3000rpm_250707105700.csv,250707,250707,250707,179,speed_circulation,3000.0,20.0,0.974608938547486,0.02357541899441341,0.0018156424581005587
4,vibration_current_no_order,outer_race_acquisition_date_prediction,random_forest,data/raw/mcc5_thu_motor/MCC5-THU Motor/MCC5-THU Motor_speed_circulation/bearing_outer_H_speed_circulation_20Nm_3000rpm_250821110519.csv,250821,250707,250707,179,speed_circulation,3000.0,20.0,0.6894972067039107,0.2539664804469274,0.05653631284916202
4,vibration_current_no_order,outer_race_acquisition_date_prediction,random_forest,data/raw/mcc5_thu_motor/MCC5-THU Motor/MCC5-THU Motor_speed_circulation/bearing_outer_H_speed_circulation_40Nm_1000rpm_250707105055.csv,250707,250707,250707,179,speed_circulation,1000.0,40.0,0.9421229050279328,0.05787709497206705,0.0
4,vibration_current_no_order,outer_race_acquisition_date_prediction,random_forest,data/raw/mcc5_thu_motor/MCC5-THU Motor/MCC5-THU Motor_speed_circulation/bearing_outer_H_speed_circulation_40Nm_2000rpm_250707105500.csv,250707,250707,250707,179,speed_circulation,2000.0,40.0,0.9181564245810057,0.08128491620111732,0.000558659217877095
4,vibration_current_no_order,outer_race_acquisition_date_prediction,random_forest,data/raw/mcc5_thu_motor/MCC5-THU Motor/MCC5-THU Motor_speed_circulation/bearing_outer_L_speed_circulation_20Nm_2000rpm_250708095712.csv,250708,250708,250708,179,speed_circulation,2000.0,20.0,0.0335195530726257,0.9664804469273743,0.0
4,vibration_current_no_order,outer_race_acquisition_date_prediction,random_forest,data/raw/mcc5_thu_motor/MCC5-THU Motor/MCC5-THU Motor_speed_circulation/bearing_outer_L_speed_circulation_20Nm_3000rpm_250708100411.csv,250708,250707,250707,179,speed_circulation,3000.0,20.0,0.7097486033519553,0.28175977653631284,0.008491620111731844
4,vibration_current_no_order,outer_race_acquisition_date_prediction,random_forest,data/raw/mcc5_thu_motor/MCC5-THU Motor/MCC5-THU Motor_speed_circulation/bearing_outer_L_speed_circulation_40Nm_3000rpm_250708100602.csv,250708,250707,250707,179,speed_circulation,3000.0,40.0,0.5985474860335196,0.39293296089385477,0.0085195530726257
4,vibration_current_no_order,outer_race_acquisition_date_prediction,random_forest,data/raw/mcc5_thu_motor/MCC5-THU Motor/MCC5-THU Motor_torque_circulation/bearing_outer_H_torque_circulation_20Nm_1000rpm_250707103949d.csv,250707,250707,250707,179,torque_circulation,1000.0,20.0,0.9285754189944133,0.07142458100558659,0.0
4,vibration_current_no_order,outer_race_acquisition_date_prediction,random_forest,data/raw/mcc5_thu_motor/MCC5-THU Motor/MCC5-THU Motor_torque_circulation/bearing_outer_L_torque_circulation_20Nm_3000rpm_250708094011d.csv,250708,250707,250707,179,torque_circulation,3000.0,20.0,0.7797206703910614,0.20768156424581005,0.012597765363128491
4,vibration_current_no_order,outer_race_acquisition_date_prediction,random_forest,data/raw/mcc5_thu_motor/MCC5-THU Motor/MCC5-THU Motor_torque_circulation/bearing_outer_L_torque_circulation_40Nm_2000rpm_250708094403d.csv,250708,250708,250708,179,torque_circulation,2000.0,40.0,0.055558659217877095,0.9444413407821229,0.0
4,vibration_current_no_order,outer_race_acquisition_date_prediction,random_forest,data/raw/mcc5_thu_motor/MCC5-THU Motor/MCC5-THU Motor_torque_circulation/bearing_outer_L_torque_circulation_40Nm_3000rpm_250708094556d.csv,250708,250707,250707,179,torque_circulation,3000.0,40.0,0.8024860335195532,0.17569832402234634,0.02181564245810056
4,vibration_current_no_order,outer_race_acquisition_date_prediction,xgboost,data/raw/mcc5_thu_motor/MCC5-THU Motor/MCC5-THU Motor_speed_circulation/bearing_outer_H_speed_circulation_20Nm_1000rpm_250707104821.csv,250707,250707,250707,179,speed_circulation,1000.0,20.0,0.9651349186897278,0.034386977553367615,0.0004780219169333577
4,vibration_current_no_order,outer_race_acquisition_date_prediction,xgboost,data/raw/mcc5_thu_motor/MCC5-THU Motor/MCC5-THU Motor_speed_circulation/bearing_outer_H_speed_circulation_20Nm_3000rpm_250707105700.csv,250707,250707,250707,179,speed_circulation,3000.0,20.0,0.9940193891525269,0.005700648296624422,0.00027986677014268935
4,vibration_current_no_order,outer_race_acquisition_date_prediction,xgboost,data/raw/mcc5_thu_motor/MCC5-THU Motor/MCC5-THU Motor_speed_circulation/bearing_outer_H_speed_circulation_20Nm_3000rpm_250821110519.csv,250821,250707,250707,179,speed_circulation,3000.0,20.0,0.6719373464584351,0.2802623510360718,0.04780026525259018
4,vibration_current_no_order,outer_race_acquisition_date_prediction,xgboost,data/raw/mcc5_thu_motor/MCC5-THU Motor/MCC5-THU Motor_speed_circulation/bearing_outer_H_speed_circulation_40Nm_1000rpm_250707105055.csv,250707,250707,250707,179,speed_circulation,1000.0,40.0,0.9757874608039856,0.023827001452445984,0.0003855500544887036
4,vibration_current_no_order,outer_race_acquisition_date_prediction,xgboost,data/raw/mcc5_thu_motor/MCC5-THU Motor/MCC5-THU Motor_speed_circulation/bearing_outer_H_speed_circulation_40Nm_2000rpm_250707105500.csv,250707,250707,250707,179,speed_circulation,2000.0,40.0,0.9887502789497375,0.010911524295806885,0.00033818359952419996
4,vibration_current_no_order,outer_race_acquisition_date_prediction,xgboost,data/raw/mcc5_thu_motor/MCC5-THU Motor/MCC5-THU Motor_speed_circulation/bearing_outer_L_speed_circulation_20Nm_2000rpm_250708095712.csv,250708,250708,250708,179,speed_circulation,2000.0,20.0,0.0019135070033371449,0.997672975063324,0.0004134094051551074
4,vibration_current_no_order,outer_race_acquisition_date_prediction,xgboost,data/raw/mcc5_thu_motor/MCC5-THU Motor/MCC5-THU Motor_speed_circulation/bearing_outer_L_speed_circulation_20Nm_3000rpm_250708100411.csv,250708,250707,250707,179,speed_circulation,3000.0,20.0,0.4944029152393341,0.49311599135398865,0.01248108223080635
4,vibration_current_no_order,outer_race_acquisition_date_prediction,xgboost,data/raw/mcc5_thu_motor/MCC5-THU Motor/MCC5-THU Motor_speed_circulation/bearing_outer_L_speed_circulation_40Nm_3000rpm_250708100602.csv,250708,250708,250708,179,speed_circulation,3000.0,40.0,0.16919517517089844,0.8186326622962952,0.012172024697065353
4,vibration_current_no_order,outer_race_acquisition_date_prediction,xgboost,data/raw/mcc5_thu_motor/MCC5-THU Motor/MCC5-THU Motor_torque_circulation/bearing_outer_H_torque_circulation_20Nm_1000rpm_250707103949d.csv,250707,250707,250707,179,torque_circulation,1000.0,20.0,0.98983234167099,0.009987197816371918,0.0001804312050808221
4,vibration_current_no_order,outer_race_acquisition_date_prediction,xgboost,data/raw/mcc5_thu_motor/MCC5-THU Motor/MCC5-THU Motor_torque_circulation/bearing_outer_L_torque_circulation_20Nm_3000rpm_250708094011d.csv,250708,250707,250707,179,torque_circulation,3000.0,20.0,0.7432058453559875,0.2534782290458679,0.0033158527221530676
4,vibration_current_no_order,outer_race_acquisition_date_prediction,xgboost,data/raw/mcc5_thu_motor/MCC5-THU Motor/MCC5-THU Motor_torque_circulation/bearing_outer_L_torque_circulation_40Nm_2000rpm_250708094403d.csv,250708,250708,250708,179,torque_circulation,2000.0,40.0,0.002921653212979436,0.9965518712997437,0.000526523101143539
4,vibration_current_no_order,outer_race_acquisition_date_prediction,xgboost,data/raw/mcc5_thu_motor/MCC5-THU Motor/MCC5-THU Motor_torque_circulation/bearing_outer_L_torque_circulation_40Nm_3000rpm_250708094556d.csv,250708,250707,250707,179,torque_circulation,3000.0,40.0,0.629065990447998,0.36838433146476746,0.0025496582966297865
5,all_features_254,outer_race_acquisition_date_prediction,random_forest,data/raw/mcc5_thu_motor/MCC5-THU Motor/MCC5-THU Motor_speed_circulation/bearing_outer_H_speed_circulation_20Nm_1000rpm_250707104821.csv,250707,250708,250708,179,speed_circulation,1000.0,20.0,0.34391061452513966,0.6430446927374301,0.013044692737430167
5,all_features_254,outer_race_acquisition_date_prediction,random_forest,data/raw/mcc5_thu_motor/MCC5-THU Motor/MCC5-THU Motor_speed_circulation/bearing_outer_H_speed_circulation_20Nm_2000rpm_250707105253.csv,250707,250707,250707,179,speed_circulation,2000.0,20.0,0.8145810055865922,0.1729050279329609,0.012513966480446928
5,all_features_254,outer_race_acquisition_date_prediction,random_forest,data/raw/mcc5_thu_motor/MCC5-THU Motor/MCC5-THU Motor_speed_circulation/bearing_outer_H_speed_circulation_40Nm_1000rpm_250707105055.csv,250707,250708,250708,179,speed_circulation,1000.0,40.0,0.4325977653631285,0.5647765363128492,0.0026256983240223464
5,all_features_254,outer_race_acquisition_date_prediction,random_forest,data/raw/mcc5_thu_motor/MCC5-THU Motor/MCC5-THU Motor_speed_circulation/bearing_outer_L_speed_circulation_20Nm_1000rpm_250708094556.csv,250708,250708,250708,179,speed_circulation,1000.0,20.0,0.02270949720670391,0.9741620111731844,0.003128491620111732
5,all_features_254,outer_race_acquisition_date_prediction,random_forest,data/raw/mcc5_thu_motor/MCC5-THU Motor/MCC5-THU Motor_speed_circulation/bearing_outer_L_speed_circulation_40Nm_2000rpm_250708100011.csv,250708,250708,250708,179,speed_circulation,2000.0,40.0,0.20349162011173183,0.7941340782122907,0.0023743016759776537
5,all_features_254,outer_race_acquisition_date_prediction,random_forest,data/raw/mcc5_thu_motor/MCC5-THU Motor/MCC5-THU Motor_speed_circulation/bearing_outer_L_speed_circulation_40Nm_3000rpm_250708100602.csv,250708,250708,250708,179,speed_circulation,3000.0,40.0,0.2511731843575419,0.734245810055866,0.01458100558659218
5,all_features_254,outer_race_acquisition_date_prediction,random_forest,data/raw/mcc5_thu_motor/MCC5-THU Motor/MCC5-THU Motor_torque_circulation/bearing_outer_H_torque_circulation_20Nm_1000rpm_250707103949d.csv,250707,250708,250708,179,torque_circulation,1000.0,20.0,0.24664804469273743,0.7491061452513965,0.004245810055865922
5,all_features_254,outer_race_acquisition_date_prediction,random_forest,data/raw/mcc5_thu_motor/MCC5-THU Motor/MCC5-THU Motor_torque_circulation/bearing_outer_H_torque_circulation_20Nm_2000rpm_250707103802d.csv,250707,250707,250707,179,torque_circulation,2000.0,20.0,0.9416759776536314,0.05709497206703911,0.0012290502793296091
5,all_features_254,outer_race_acquisition_date_prediction,random_forest,data/raw/mcc5_thu_motor/MCC5-THU Motor/MCC5-THU Motor_torque_circulation/bearing_outer_H_torque_circulation_20Nm_3000rpm_250821175544.csv,250821,250707,250707,179,torque_circulation,3000.0,20.0,0.6896927374301676,0.12304469273743016,0.18726256983240225
5,all_features_254,outer_race_acquisition_date_prediction,random_forest,data/raw/mcc5_thu_motor/MCC5-THU Motor/MCC5-THU Motor_torque_circulation/bearing_outer_H_torque_circulation_40Nm_1000rpm_250707104154d.csv,250707,250708,250708,179,torque_circulation,1000.0,40.0,0.30243016759776536,0.6952793296089386,0.0022905027932960897
5,all_features_254,outer_race_acquisition_date_prediction,random_forest,data/raw/mcc5_thu_motor/MCC5-THU Motor/MCC5-THU Motor_torque_circulation/bearing_outer_L_torque_circulation_20Nm_1000rpm_250708093600d.csv,250708,250708,250708,179,torque_circulation,1000.0,20.0,0.00835195530726257,0.9907821229050279,0.0008659217877094972
5,all_features_254,outer_race_acquisition_date_prediction,random_forest,data/raw/mcc5_thu_motor/MCC5-THU Motor/MCC5-THU Motor_torque_circulation/bearing_outer_L_torque_circulation_40Nm_2000rpm_250708094403d.csv,250708,250708,250708,179,torque_circulation,2000.0,40.0,0.18103351955307262,0.8179608938547486,0.001005586592178771
5,all_features_254,outer_race_acquisition_date_prediction,random_forest,data/raw/mcc5_thu_motor/MCC5-THU Motor/MCC5-THU Motor_torque_circulation/bearing_outer_L_torque_circulation_40Nm_3000rpm_250708094556d.csv,250708,250708,250708,179,torque_circulation,3000.0,40.0,0.11491620111731844,0.8811731843575419,0.003910614525139665
5,all_features_254,outer_race_acquisition_date_prediction,xgboost,data/raw/mcc5_thu_motor/MCC5-THU Motor/MCC5-THU Motor_speed_circulation/bearing_outer_H_speed_circulation_20Nm_1000rpm_250707104821.csv,250707,250707,250707,179,speed_circulation,1000.0,20.0,0.5513715744018555,0.44788748025894165,0.0007409133831970394
5,all_features_254,outer_race_acquisition_date_prediction,xgboost,data/raw/mcc5_thu_motor/MCC5-THU Motor/MCC5-THU Motor_speed_circulation/bearing_outer_H_speed_circulation_20Nm_2000rpm_250707105253.csv,250707,250707,250707,179,speed_circulation,2000.0,20.0,0.9866622686386108,0.012873370200395584,0.00046437213313765824
5,all_features_254,outer_race_acquisition_date_prediction,xgboost,data/raw/mcc5_thu_motor/MCC5-THU Motor/MCC5-THU Motor_speed_circulation/bearing_outer_H_speed_circulation_40Nm_1000rpm_250707105055.csv,250707,250707,250707,179,speed_circulation,1000.0,40.0,0.7733730673789978,0.22598223388195038,0.0006447666673921049
5,all_features_254,outer_race_acquisition_date_prediction,xgboost,data/raw/mcc5_thu_motor/MCC5-THU Motor/MCC5-THU Motor_speed_circulation/bearing_outer_L_speed_circulation_20Nm_1000rpm_250708094556.csv,250708,250708,250708,179,speed_circulation,1000.0,20.0,0.007154649123549461,0.9926520586013794,0.00019331266230437905
5,all_features_254,outer_race_acquisition_date_prediction,xgboost,data/raw/mcc5_thu_motor/MCC5-THU Motor/MCC5-THU Motor_speed_circulation/bearing_outer_L_speed_circulation_40Nm_2000rpm_250708100011.csv,250708,250708,250708,179,speed_circulation,2000.0,40.0,0.001921932096593082,0.9973306655883789,0.000747365178540349
5,all_features_254,outer_race_acquisition_date_prediction,xgboost,data/raw/mcc5_thu_motor/MCC5-THU Motor/MCC5-THU Motor_speed_circulation/bearing_outer_L_speed_circulation_40Nm_3000rpm_250708100602.csv,250708,250708,250708,179,speed_circulation,3000.0,40.0,0.02825481817126274,0.9611378312110901,0.010607356205582619
5,all_features_254,outer_race_acquisition_date_prediction,xgboost,data/raw/mcc5_thu_motor/MCC5-THU Motor/MCC5-THU Motor_torque_circulation/bearing_outer_H_torque_circulation_20Nm_1000rpm_250707103949d.csv,250707,250708,250708,179,torque_circulation,1000.0,20.0,0.3579983711242676,0.6413801312446594,0.0006215012399479747
5,all_features_254,outer_race_acquisition_date_prediction,xgboost,data/raw/mcc5_thu_motor/MCC5-THU Motor/MCC5-THU Motor_torque_circulation/bearing_outer_H_torque_circulation_20Nm_2000rpm_250707103802d.csv,250707,250707,250707,179,torque_circulation,2000.0,20.0,0.9991740584373474,0.0006784432334825397,0.00014752834977116436
5,all_features_254,outer_race_acquisition_date_prediction,xgboost,data/raw/mcc5_thu_motor/MCC5-THU Motor/MCC5-THU Motor_torque_circulation/bearing_outer_H_torque_circulation_20Nm_3000rpm_250821175544.csv,250821,250707,250707,179,torque_circulation,3000.0,20.0,0.9965087175369263,0.0025018323212862015,0.000989448046311736
5,all_features_254,outer_race_acquisition_date_prediction,xgboost,data/raw/mcc5_thu_motor/MCC5-THU Motor/MCC5-THU Motor_torque_circulation/bearing_outer_H_torque_circulation_40Nm_1000rpm_250707104154d.csv,250707,250708,250708,179,torque_circulation,1000.0,40.0,0.2741864025592804,0.724612295627594,0.001201312174089253
5,all_features_254,outer_race_acquisition_date_prediction,xgboost,data/raw/mcc5_thu_motor/MCC5-THU Motor/MCC5-THU Motor_torque_circulation/bearing_outer_L_torque_circulation_20Nm_1000rpm_250708093600d.csv,250708,250708,250708,179,torque_circulation,1000.0,20.0,0.00024253883748315275,0.9996337890625,0.00012358340609353036
5,all_features_254,outer_race_acquisition_date_prediction,xgboost,data/raw/mcc5_thu_motor/MCC5-THU Motor/MCC5-THU Motor_torque_circulation/bearing_outer_L_torque_circulation_40Nm_2000rpm_250708094403d.csv,250708,250708,250708,179,torque_circulation,2000.0,40.0,0.0006203953525982797,0.9992502927780151,0.00012935382255818695
5,all_features_254,outer_race_acquisition_date_prediction,xgboost,data/raw/mcc5_thu_motor/MCC5-THU Motor/MCC5-THU Motor_torque_circulation/bearing_outer_L_torque_circulation_40Nm_3000rpm_250708094556d.csv,250708,250708,250708,179,torque_circulation,3000.0,40.0,0.02888522855937481,0.970902144908905,0.00021266037947498262
5,all_signals_without_order,outer_race_acquisition_date_prediction,random_forest,data/raw/mcc5_thu_motor/MCC5-THU Motor/MCC5-THU Motor_speed_circulation/bearing_outer_H_speed_circulation_20Nm_1000rpm_250707104821.csv,250707,250707,250707,179,speed_circulation,1000.0,20.0,0.5906424581005586,0.4002234636871508,0.009134078212290503
5,all_signals_without_order,outer_race_acquisition_date_prediction,random_forest,data/raw/mcc5_thu_motor/MCC5-THU Motor/MCC5-THU Motor_speed_circulation/bearing_outer_H_speed_circulation_20Nm_2000rpm_250707105253.csv,250707,250707,250707,179,speed_circulation,2000.0,20.0,0.873854748603352,0.11988826815642459,0.006256983240223464
5,all_signals_without_order,outer_race_acquisition_date_prediction,random_forest,data/raw/mcc5_thu_motor/MCC5-THU Motor/MCC5-THU Motor_speed_circulation/bearing_outer_H_speed_circulation_40Nm_1000rpm_250707105055.csv,250707,250707,250707,179,speed_circulation,1000.0,40.0,0.7238547486033521,0.27061452513966483,0.005530726256983241
5,all_signals_without_order,outer_race_acquisition_date_prediction,random_forest,data/raw/mcc5_thu_motor/MCC5-THU Motor/MCC5-THU Motor_speed_circulation/bearing_outer_L_speed_circulation_20Nm_1000rpm_250708094556.csv,250708,250708,250708,179,speed_circulation,1000.0,20.0,0.041061452513966486,0.9549162011173185,0.004022346368715084
5,all_signals_without_order,outer_race_acquisition_date_prediction,random_forest,data/raw/mcc5_thu_motor/MCC5-THU Motor/MCC5-THU Motor_speed_circulation/bearing_outer_L_speed_circulation_40Nm_2000rpm_250708100011.csv,250708,250708,250708,179,speed_circulation,2000.0,40.0,0.1504189944134078,0.8437709497206703,0.005810055865921788
5,all_signals_without_order,outer_race_acquisition_date_prediction,random_forest,data/raw/mcc5_thu_motor/MCC5-THU Motor/MCC5-THU Motor_speed_circulation/bearing_outer_L_speed_circulation_40Nm_3000rpm_250708100602.csv,250708,250708,250708,179,speed_circulation,3000.0,40.0,0.17756983240223465,0.812709497206704,0.009720670391061453
5,all_signals_without_order,outer_race_acquisition_date_prediction,random_forest,data/raw/mcc5_thu_motor/MCC5-THU Motor/MCC5-THU Motor_torque_circulation/bearing_outer_H_torque_circulation_20Nm_1000rpm_250707103949d.csv,250707,250708,250708,179,torque_circulation,1000.0,20.0,0.4370111731843575,0.5489944134078212,0.013994413407821229
5,all_signals_without_order,outer_race_acquisition_date_prediction,random_forest,data/raw/mcc5_thu_motor/MCC5-THU Motor/MCC5-THU Motor_torque_circulation/bearing_outer_H_torque_circulation_20Nm_2000rpm_250707103802d.csv,250707,250707,250707,179,torque_circulation,2000.0,20.0,0.949050279329609,0.050363128491620106,0.0005865921787709498
5,all_signals_without_order,outer_race_acquisition_date_prediction,random_forest,data/raw/mcc5_thu_motor/MCC5-THU Motor/MCC5-THU Motor_torque_circulation/bearing_outer_H_torque_circulation_20Nm_3000rpm_250821175544.csv,250821,250707,250707,179,torque_circulation,3000.0,20.0,0.7291340782122905,0.10039106145251396,0.17047486033519554
5,all_signals_without_order,outer_race_acquisition_date_prediction,random_forest,data/raw/mcc5_thu_motor/MCC5-THU Motor/MCC5-THU Motor_torque_circulation/bearing_outer_H_torque_circulation_40Nm_1000rpm_250707104154d.csv,250707,250707,250707,179,torque_circulation,1000.0,40.0,0.5337430167597765,0.4589106145251397,0.007346368715083798
5,all_signals_without_order,outer_race_acquisition_date_prediction,random_forest,data/raw/mcc5_thu_motor/MCC5-THU Motor/MCC5-THU Motor_torque_circulation/bearing_outer_L_torque_circulation_20Nm_1000rpm_250708093600d.csv,250708,250708,250708,179,torque_circulation,1000.0,20.0,0.021201117318435755,0.9763128491620111,0.0024860335195530728
5,all_signals_without_order,outer_race_acquisition_date_prediction,random_forest,data/raw/mcc5_thu_motor/MCC5-THU Motor/MCC5-THU Motor_torque_circulation/bearing_outer_L_torque_circulation_40Nm_2000rpm_250708094403d.csv,250708,250708,250708,179,torque_circulation,2000.0,40.0,0.17195530726256983,0.8197206703910614,0.008324022346368714
5,all_signals_without_order,outer_race_acquisition_date_prediction,random_forest,data/raw/mcc5_thu_motor/MCC5-THU Motor/MCC5-THU Motor_torque_circulation/bearing_outer_L_torque_circulation_40Nm_3000rpm_250708094556d.csv,250708,250708,250708,179,torque_circulation,3000.0,40.0,0.09156424581005584,0.9066480446927372,0.0017877094972067037
5,all_signals_without_order,outer_race_acquisition_date_prediction,xgboost,data/raw/mcc5_thu_motor/MCC5-THU Motor/MCC5-THU Motor_speed_circulation/bearing_outer_H_speed_circulation_20Nm_1000rpm_250707104821.csv,250707,250707,250707,179,speed_circulation,1000.0,20.0,0.6659582853317261,0.3300989270210266,0.003942782059311867
5,all_signals_without_order,outer_race_acquisition_date_prediction,xgboost,data/raw/mcc5_thu_motor/MCC5-THU Motor/MCC5-THU Motor_speed_circulation/bearing_outer_H_speed_circulation_20Nm_2000rpm_250707105253.csv,250707,250707,250707,179,speed_circulation,2000.0,20.0,0.9875233173370361,0.012106179259717464,0.00037049403181299567
5,all_signals_without_order,outer_race_acquisition_date_prediction,xgboost,data/raw/mcc5_thu_motor/MCC5-THU Motor/MCC5-THU Motor_speed_circulation/bearing_outer_H_speed_circulation_40Nm_1000rpm_250707105055.csv,250707,250707,250707,179,speed_circulation,1000.0,40.0,0.8525205850601196,0.1458364576101303,0.0016429899260401726
5,all_signals_without_order,outer_race_acquisition_date_prediction,xgboost,data/raw/mcc5_thu_motor/MCC5-THU Motor/MCC5-THU Motor_speed_circulation/bearing_outer_L_speed_circulation_20Nm_1000rpm_250708094556.csv,250708,250708,250708,179,speed_circulation,1000.0,20.0,0.007269951049238443,0.9925109148025513,0.00021917751291766763
5,all_signals_without_order,outer_race_acquisition_date_prediction,xgboost,data/raw/mcc5_thu_motor/MCC5-THU Motor/MCC5-THU Motor_speed_circulation/bearing_outer_L_speed_circulation_40Nm_2000rpm_250708100011.csv,250708,250708,250708,179,speed_circulation,2000.0,40.0,0.001250907895155251,0.9984771609306335,0.0002719357144087553
5,all_signals_without_order,outer_race_acquisition_date_prediction,xgboost,data/raw/mcc5_thu_motor/MCC5-THU Motor/MCC5-THU Motor_speed_circulation/bearing_outer_L_speed_circulation_40Nm_3000rpm_250708100602.csv,250708,250708,250708,179,speed_circulation,3000.0,40.0,0.018976321443915367,0.976083517074585,0.004940207581967115
5,all_signals_without_order,outer_race_acquisition_date_prediction,xgboost,data/raw/mcc5_thu_motor/MCC5-THU Motor/MCC5-THU Motor_torque_circulation/bearing_outer_H_torque_circulation_20Nm_1000rpm_250707103949d.csv,250707,250707,250707,179,torque_circulation,1000.0,20.0,0.5517563819885254,0.4390495717525482,0.009194057434797287
5,all_signals_without_order,outer_race_acquisition_date_prediction,xgboost,data/raw/mcc5_thu_motor/MCC5-THU Motor/MCC5-THU Motor_torque_circulation/bearing_outer_H_torque_circulation_20Nm_2000rpm_250707103802d.csv,250707,250707,250707,179,torque_circulation,2000.0,20.0,0.9992965459823608,0.0005416701314970851,0.00016178675286937505
5,all_signals_without_order,outer_race_acquisition_date_prediction,xgboost,data/raw/mcc5_thu_motor/MCC5-THU Motor/MCC5-THU Motor_torque_circulation/bearing_outer_H_torque_circulation_20Nm_3000rpm_250821175544.csv,250821,250707,250707,179,torque_circulation,3000.0,20.0,0.993309497833252,0.005671487655490637,0.0010189845925197005
5,all_signals_without_order,outer_race_acquisition_date_prediction,xgboost,data/raw/mcc5_thu_motor/MCC5-THU Motor/MCC5-THU Motor_torque_circulation/bearing_outer_H_torque_circulation_40Nm_1000rpm_250707104154d.csv,250707,250708,250708,179,torque_circulation,1000.0,40.0,0.3953571021556854,0.5877148509025574,0.01692807301878929
5,all_signals_without_order,outer_race_acquisition_date_prediction,xgboost,data/raw/mcc5_thu_motor/MCC5-THU Motor/MCC5-THU Motor_torque_circulation/bearing_outer_L_torque_circulation_20Nm_1000rpm_250708093600d.csv,250708,250708,250708,179,torque_circulation,1000.0,20.0,0.0002422831457806751,0.999605655670166,0.0001520485820947215
5,all_signals_without_order,outer_race_acquisition_date_prediction,xgboost,data/raw/mcc5_thu_motor/MCC5-THU Motor/MCC5-THU Motor_torque_circulation/bearing_outer_L_torque_circulation_40Nm_2000rpm_250708094403d.csv,250708,250708,250708,179,torque_circulation,2000.0,40.0,0.000623110041487962,0.9992327690124512,0.00014403430395759642
5,all_signals_without_order,outer_race_acquisition_date_prediction,xgboost,data/raw/mcc5_thu_motor/MCC5-THU Motor/MCC5-THU Motor_torque_circulation/bearing_outer_L_torque_circulation_40Nm_3000rpm_250708094556d.csv,250708,250708,250708,179,torque_circulation,3000.0,40.0,0.03595540672540665,0.9637901186943054,0.00025450438261032104
5,vibration_current_no_order,outer_race_acquisition_date_prediction,random_forest,data/raw/mcc5_thu_motor/MCC5-THU Motor/MCC5-THU Motor_speed_circulation/bearing_outer_H_speed_circulation_20Nm_1000rpm_250707104821.csv,250707,250707,250707,179,speed_circulation,1000.0,20.0,0.5523743016759777,0.3959497206703911,0.051675977653631286
5,vibration_current_no_order,outer_race_acquisition_date_prediction,random_forest,data/raw/mcc5_thu_motor/MCC5-THU Motor/MCC5-THU Motor_speed_circulation/bearing_outer_H_speed_circulation_20Nm_2000rpm_250707105253.csv,250707,250707,250707,179,speed_circulation,2000.0,20.0,0.8385754189944135,0.1175418994413408,0.04388268156424581
5,vibration_current_no_order,outer_race_acquisition_date_prediction,random_forest,data/raw/mcc5_thu_motor/MCC5-THU Motor/MCC5-THU Motor_speed_circulation/bearing_outer_H_speed_circulation_40Nm_1000rpm_250707105055.csv,250707,250707,250707,179,speed_circulation,1000.0,40.0,0.7331843575418995,0.2520391061452514,0.014776536312849165
5,vibration_current_no_order,outer_race_acquisition_date_prediction,random_forest,data/raw/mcc5_thu_motor/MCC5-THU Motor/MCC5-THU Motor_speed_circulation/bearing_outer_L_speed_circulation_20Nm_1000rpm_250708094556.csv,250708,250708,250708,179,speed_circulation,1000.0,20.0,0.03111731843575419,0.9427932960893854,0.026089385474860335
5,vibration_current_no_order,outer_race_acquisition_date_prediction,random_forest,data/raw/mcc5_thu_motor/MCC5-THU Motor/MCC5-THU Motor_speed_circulation/bearing_outer_L_speed_circulation_40Nm_2000rpm_250708100011.csv,250708,250708,250708,179,speed_circulation,2000.0,40.0,0.22572625698324023,0.6824581005586593,0.09181564245810053
5,vibration_current_no_order,outer_race_acquisition_date_prediction,random_forest,data/raw/mcc5_thu_motor/MCC5-THU Motor/MCC5-THU Motor_speed_circulation/bearing_outer_L_speed_circulation_40Nm_3000rpm_250708100602.csv,250708,250708,250708,179,speed_circulation,3000.0,40.0,0.3010893854748604,0.6012849162011173,0.09762569832402235
5,vibration_current_no_order,outer_race_acquisition_date_prediction,random_forest,data/raw/mcc5_thu_motor/MCC5-THU Motor/MCC5-THU Motor_torque_circulation/bearing_outer_H_torque_circulation_20Nm_1000rpm_250707103949d.csv,250707,250708,250708,179,torque_circulation,1000.0,20.0,0.3783519553072626,0.583268156424581,0.03837988826815643
5,vibration_current_no_order,outer_race_acquisition_date_prediction,random_forest,data/raw/mcc5_thu_motor/MCC5-THU Motor/MCC5-THU Motor_torque_circulation/bearing_outer_H_torque_circulation_20Nm_2000rpm_250707103802d.csv,250707,250707,250707,179,torque_circulation,2000.0,20.0,0.9741899441340782,0.021759776536312846,0.004050279329608939
5,vibration_current_no_order,outer_race_acquisition_date_prediction,random_forest,data/raw/mcc5_thu_motor/MCC5-THU Motor/MCC5-THU Motor_torque_circulation/bearing_outer_H_torque_circulation_20Nm_3000rpm_250821175544.csv,250821,250707,250707,179,torque_circulation,3000.0,20.0,0.5852513966480446,0.12608938547486034,0.288659217877095
5,vibration_current_no_order,outer_race_acquisition_date_prediction,random_forest,data/raw/mcc5_thu_motor/MCC5-THU Motor/MCC5-THU Motor_torque_circulation/bearing_outer_H_torque_circulation_40Nm_1000rpm_250707104154d.csv,250707,250707,250707,179,torque_circulation,1000.0,40.0,0.5219832402234637,0.4494692737430168,0.02854748603351956
5,vibration_current_no_order,outer_race_acquisition_date_prediction,random_forest,data/raw/mcc5_thu_motor/MCC5-THU Motor/MCC5-THU Motor_torque_circulation/bearing_outer_L_torque_circulation_20Nm_1000rpm_250708093600d.csv,250708,250708,250708,179,torque_circulation,1000.0,20.0,0.009692737430167598,0.9706703910614525,0.019636871508379887
5,vibration_current_no_order,outer_race_acquisition_date_prediction,random_forest,data/raw/mcc5_thu_motor/MCC5-THU Motor/MCC5-THU Motor_torque_circulation/bearing_outer_L_torque_circulation_40Nm_2000rpm_250708094403d.csv,250708,250708,250708,179,torque_circulation,2000.0,40.0,0.22393854748603356,0.6910893854748602,0.08497206703910613
5,vibration_current_no_order,outer_race_acquisition_date_prediction,random_forest,data/raw/mcc5_thu_motor/MCC5-THU Motor/MCC5-THU Motor_torque_circulation/bearing_outer_L_torque_circulation_40Nm_3000rpm_250708094556d.csv,250708,250708,250708,179,torque_circulation,3000.0,40.0,0.19466480446927373,0.7650558659217876,0.04027932960893854
5,vibration_current_no_order,outer_race_acquisition_date_prediction,xgboost,data/raw/mcc5_thu_motor/MCC5-THU Motor/MCC5-THU Motor_speed_circulation/bearing_outer_H_speed_circulation_20Nm_1000rpm_250707104821.csv,250707,250707,250707,179,speed_circulation,1000.0,20.0,0.6006810665130615,0.3964930772781372,0.00282583711668849
5,vibration_current_no_order,outer_race_acquisition_date_prediction,xgboost,data/raw/mcc5_thu_motor/MCC5-THU Motor/MCC5-THU Motor_speed_circulation/bearing_outer_H_speed_circulation_20Nm_2000rpm_250707105253.csv,250707,250707,250707,179,speed_circulation,2000.0,20.0,0.9845971465110779,0.01488720253109932,0.000515574763994664
5,vibration_current_no_order,outer_race_acquisition_date_prediction,xgboost,data/raw/mcc5_thu_motor/MCC5-THU Motor/MCC5-THU Motor_speed_circulation/bearing_outer_H_speed_circulation_40Nm_1000rpm_250707105055.csv,250707,250707,250707,179,speed_circulation,1000.0,40.0,0.8591235280036926,0.13962142169475555,0.0012550600804388523
5,vibration_current_no_order,outer_race_acquisition_date_prediction,xgboost,data/raw/mcc5_thu_motor/MCC5-THU Motor/MCC5-THU Motor_speed_circulation/bearing_outer_L_speed_circulation_20Nm_1000rpm_250708094556.csv,250708,250708,250708,179,speed_circulation,1000.0,20.0,0.006574268918484449,0.9929369688034058,0.0004886919050477445
5,vibration_current_no_order,outer_race_acquisition_date_prediction,xgboost,data/raw/mcc5_thu_motor/MCC5-THU Motor/MCC5-THU Motor_speed_circulation/bearing_outer_L_speed_circulation_40Nm_2000rpm_250708100011.csv,250708,250708,250708,179,speed_circulation,2000.0,40.0,0.002166382735595107,0.9968941807746887,0.0009393675136379898
5,vibration_current_no_order,outer_race_acquisition_date_prediction,xgboost,data/raw/mcc5_thu_motor/MCC5-THU Motor/MCC5-THU Motor_speed_circulation/bearing_outer_L_speed_circulation_40Nm_3000rpm_250708100602.csv,250708,250708,250708,179,speed_circulation,3000.0,40.0,0.02495441399514675,0.9727892279624939,0.002256385050714016
5,vibration_current_no_order,outer_race_acquisition_date_prediction,xgboost,data/raw/mcc5_thu_motor/MCC5-THU Motor/MCC5-THU Motor_torque_circulation/bearing_outer_H_torque_circulation_20Nm_1000rpm_250707103949d.csv,250707,250708,250708,179,torque_circulation,1000.0,20.0,0.46801117062568665,0.5168948769569397,0.015093986876308918
5,vibration_current_no_order,outer_race_acquisition_date_prediction,xgboost,data/raw/mcc5_thu_motor/MCC5-THU Motor/MCC5-THU Motor_torque_circulation/bearing_outer_H_torque_circulation_20Nm_2000rpm_250707103802d.csv,250707,250707,250707,179,torque_circulation,2000.0,20.0,0.9990236163139343,0.0005014335038140416,0.00047498245839960873
5,vibration_current_no_order,outer_race_acquisition_date_prediction,xgboost,data/raw/mcc5_thu_motor/MCC5-THU Motor/MCC5-THU Motor_torque_circulation/bearing_outer_H_torque_circulation_20Nm_3000rpm_250821175544.csv,250821,250707,250707,179,torque_circulation,3000.0,20.0,0.9767475724220276,0.013775454834103584,0.009476990438997746
5,vibration_current_no_order,outer_race_acquisition_date_prediction,xgboost,data/raw/mcc5_thu_motor/MCC5-THU Motor/MCC5-THU Motor_torque_circulation/bearing_outer_H_torque_circulation_40Nm_1000rpm_250707104154d.csv,250707,250708,250708,179,torque_circulation,1000.0,40.0,0.34218332171440125,0.6545239090919495,0.0032927384600043297
5,vibration_current_no_order,outer_race_acquisition_date_prediction,xgboost,data/raw/mcc5_thu_motor/MCC5-THU Motor/MCC5-THU Motor_torque_circulation/bearing_outer_L_torque_circulation_20Nm_1000rpm_250708093600d.csv,250708,250708,250708,179,torque_circulation,1000.0,20.0,0.00046815472887828946,0.998603105545044,0.000928726454731077
5,vibration_current_no_order,outer_race_acquisition_date_prediction,xgboost,data/raw/mcc5_thu_motor/MCC5-THU Motor/MCC5-THU Motor_torque_circulation/bearing_outer_L_torque_circulation_40Nm_2000rpm_250708094403d.csv,250708,250708,250708,179,torque_circulation,2000.0,40.0,0.001408631564117968,0.9977296590805054,0.000861735490616411
5,vibration_current_no_order,outer_race_acquisition_date_prediction,xgboost,data/raw/mcc5_thu_motor/MCC5-THU Motor/MCC5-THU Motor_torque_circulation/bearing_outer_L_torque_circulation_40Nm_3000rpm_250708094556d.csv,250708,250708,250708,179,torque_circulation,3000.0,40.0,0.06900398433208466,0.9304621815681458,0.0005338467890396714
6,all_features_254,outer_race_acquisition_date_prediction,random_forest,data/raw/mcc5_thu_motor/MCC5-THU Motor/MCC5-THU Motor_speed_circulation/bearing_outer_H_speed_circulation_20Nm_3000rpm_250707105700.csv,250707,250708,250708,179,speed_circulation,3000.0,20.0,0.3716759776536313,0.5008379888268156,0.12748603351955307
6,all_features_254,outer_race_acquisition_date_prediction,random_forest,data/raw/mcc5_thu_motor/MCC5-THU Motor/MCC5-THU Motor_speed_circulation/bearing_outer_H_speed_circulation_20Nm_3000rpm_250821110519.csv,250821,250708,250708,179,speed_circulation,3000.0,20.0,0.3197206703910615,0.5825418994413408,0.09773743016759776
6,all_features_254,outer_race_acquisition_date_prediction,random_forest,data/raw/mcc5_thu_motor/MCC5-THU Motor/MCC5-THU Motor_speed_circulation/bearing_outer_H_speed_circulation_40Nm_2000rpm_250707105500.csv,250707,250707,250707,179,speed_circulation,2000.0,40.0,0.8135474860335196,0.17974860335195533,0.00670391061452514
6,all_features_254,outer_race_acquisition_date_prediction,random_forest,data/raw/mcc5_thu_motor/MCC5-THU Motor/MCC5-THU Motor_speed_circulation/bearing_outer_H_speed_circulation_40Nm_3000rpm_250707105959.csv,250707,250708,250708,179,speed_circulation,3000.0,40.0,0.33086592178770946,0.5274581005586593,0.14167597765363127
6,all_features_254,outer_race_acquisition_date_prediction,random_forest,data/raw/mcc5_thu_motor/MCC5-THU Motor/MCC5-THU Motor_speed_circulation/bearing_outer_L_speed_circulation_20Nm_2000rpm_250708095712.csv,250708,250708,250708,179,speed_circulation,2000.0,20.0,0.07715083798882681,0.9226536312849164,0.00019553072625698326
6,all_features_254,outer_race_acquisition_date_prediction,random_forest,data/raw/mcc5_thu_motor/MCC5-THU Motor/MCC5-THU Motor_speed_circulation/bearing_outer_L_speed_circulation_20Nm_3000rpm_250708100411.csv,250708,250708,250708,179,speed_circulation,3000.0,20.0,0.03332402234636871,0.966340782122905,0.000335195530726257
6,all_features_254,outer_race_acquisition_date_prediction,random_forest,data/raw/mcc5_thu_motor/MCC5-THU Motor/MCC5-THU Motor_speed_circulation/bearing_outer_L_speed_circulation_40Nm_1000rpm_250708094556.csv,250708,250708,250708,179,speed_circulation,1000.0,40.0,0.09053072625698325,0.9093016759776535,0.0001675977653631285
6,all_features_254,outer_race_acquisition_date_prediction,random_forest,data/raw/mcc5_thu_motor/MCC5-THU Motor/MCC5-THU Motor_torque_circulation/bearing_outer_H_torque_circulation_40Nm_2000rpm_250707104408d.csv,250707,250707,250707,179,torque_circulation,2000.0,40.0,0.816173184357542,0.16991620111731842,0.013910614525139666
6,all_features_254,outer_race_acquisition_date_prediction,random_forest,data/raw/mcc5_thu_motor/MCC5-THU Motor/MCC5-THU Motor_torque_circulation/bearing_outer_H_torque_circulation_40Nm_3000rpm_250707104611d.csv,250707,250708,250708,179,torque_circulation,3000.0,40.0,0.21360335195530725,0.5202793296089385,0.2661173184357542
6,all_features_254,outer_race_acquisition_date_prediction,random_forest,data/raw/mcc5_thu_motor/MCC5-THU Motor/MCC5-THU Motor_torque_circulation/bearing_outer_L_torque_circulation_20Nm_2000rpm_250708093806d.csv,250708,250708,250708,179,torque_circulation,2000.0,20.0,0.05256983240223464,0.9469832402234636,0.000446927374301676
6,all_features_254,outer_race_acquisition_date_prediction,random_forest,data/raw/mcc5_thu_motor/MCC5-THU Motor/MCC5-THU Motor_torque_circulation/bearing_outer_L_torque_circulation_20Nm_3000rpm_250708094011d.csv,250708,250708,250708,179,torque_circulation,3000.0,20.0,0.010363128491620112,0.9893854748603353,0.00025139664804469275
6,all_features_254,outer_race_acquisition_date_prediction,random_forest,data/raw/mcc5_thu_motor/MCC5-THU Motor/MCC5-THU Motor_torque_circulation/bearing_outer_L_torque_circulation_40Nm_1000rpm_250708094205d.csv,250708,250708,250708,179,torque_circulation,1000.0,40.0,0.04349162011173185,0.956508379888268,0.0
6,all_features_254,outer_race_acquisition_date_prediction,xgboost,data/raw/mcc5_thu_motor/MCC5-THU Motor/MCC5-THU Motor_speed_circulation/bearing_outer_H_speed_circulation_20Nm_3000rpm_250707105700.csv,250707,250708,250708,179,speed_circulation,3000.0,20.0,0.36109933257102966,0.6346775889396667,0.004223031923174858
6,all_features_254,outer_race_acquisition_date_prediction,xgboost,data/raw/mcc5_thu_motor/MCC5-THU Motor/MCC5-THU Motor_speed_circulation/bearing_outer_H_speed_circulation_20Nm_3000rpm_250821110519.csv,250821,250708,250708,179,speed_circulation,3000.0,20.0,0.07795441150665283,0.9156807661056519,0.006364760920405388
6,all_features_254,outer_race_acquisition_date_prediction,xgboost,data/raw/mcc5_thu_motor/MCC5-THU Motor/MCC5-THU Motor_speed_circulation/bearing_outer_H_speed_circulation_40Nm_2000rpm_250707105500.csv,250707,250707,250707,179,speed_circulation,2000.0,40.0,0.9941025972366333,0.005643812008202076,0.000253609410719946
6,all_features_254,outer_race_acquisition_date_prediction,xgboost,data/raw/mcc5_thu_motor/MCC5-THU Motor/MCC5-THU Motor_speed_circulation/bearing_outer_H_speed_circulation_40Nm_3000rpm_250707105959.csv,250707,250708,250708,179,speed_circulation,3000.0,40.0,0.47039684653282166,0.5186703205108643,0.010932874865829945
6,all_features_254,outer_race_acquisition_date_prediction,xgboost,data/raw/mcc5_thu_motor/MCC5-THU Motor/MCC5-THU Motor_speed_circulation/bearing_outer_L_speed_circulation_20Nm_2000rpm_250708095712.csv,250708,250708,250708,179,speed_circulation,2000.0,20.0,0.0017307138768956065,0.998079240322113,0.00018995825666934252
6,all_features_254,outer_race_acquisition_date_prediction,xgboost,data/raw/mcc5_thu_motor/MCC5-THU Motor/MCC5-THU Motor_speed_circulation/bearing_outer_L_speed_circulation_20Nm_3000rpm_250708100411.csv,250708,250708,250708,179,speed_circulation,3000.0,20.0,0.0013468641554936767,0.998413622379303,0.00023952260380610824
6,all_features_254,outer_race_acquisition_date_prediction,xgboost,data/raw/mcc5_thu_motor/MCC5-THU Motor/MCC5-THU Motor_speed_circulation/bearing_outer_L_speed_circulation_40Nm_1000rpm_250708094556.csv,250708,250708,250708,179,speed_circulation,1000.0,40.0,0.009070944041013718,0.9905550479888916,0.0003739414387382567
6,all_features_254,outer_race_acquisition_date_prediction,xgboost,data/raw/mcc5_thu_motor/MCC5-THU Motor/MCC5-THU Motor_torque_circulation/bearing_outer_H_torque_circulation_40Nm_2000rpm_250707104408d.csv,250707,250707,250707,179,torque_circulation,2000.0,40.0,0.9973657727241516,0.002228105440735817,0.00040610466385260224
6,all_features_254,outer_race_acquisition_date_prediction,xgboost,data/raw/mcc5_thu_motor/MCC5-THU Motor/MCC5-THU Motor_torque_circulation/bearing_outer_H_torque_circulation_40Nm_3000rpm_250707104611d.csv,250707,250708,250708,179,torque_circulation,3000.0,40.0,0.14881381392478943,0.7810399532318115,0.07014631479978561
6,all_features_254,outer_race_acquisition_date_prediction,xgboost,data/raw/mcc5_thu_motor/MCC5-THU Motor/MCC5-THU Motor_torque_circulation/bearing_outer_L_torque_circulation_20Nm_2000rpm_250708093806d.csv,250708,250708,250708,179,torque_circulation,2000.0,20.0,0.0012357833329588175,0.9983916282653809,0.00037260094541125
6,all_features_254,outer_race_acquisition_date_prediction,xgboost,data/raw/mcc5_thu_motor/MCC5-THU Motor/MCC5-THU Motor_torque_circulation/bearing_outer_L_torque_circulation_20Nm_3000rpm_250708094011d.csv,250708,250708,250708,179,torque_circulation,3000.0,20.0,0.00037046626675873995,0.9994237422943115,0.00020578324620146304
6,all_features_254,outer_race_acquisition_date_prediction,xgboost,data/raw/mcc5_thu_motor/MCC5-THU Motor/MCC5-THU Motor_torque_circulation/bearing_outer_L_torque_circulation_40Nm_1000rpm_250708094205d.csv,250708,250708,250708,179,torque_circulation,1000.0,40.0,0.0004177045193500817,0.9994084239006042,0.00017389506683684886
6,all_signals_without_order,outer_race_acquisition_date_prediction,random_forest,data/raw/mcc5_thu_motor/MCC5-THU Motor/MCC5-THU Motor_speed_circulation/bearing_outer_H_speed_circulation_20Nm_3000rpm_250707105700.csv,250707,250707,250708,179,speed_circulation,3000.0,20.0,0.46287709497206697,0.455586592178771,0.08153631284916202
6,all_signals_without_order,outer_race_acquisition_date_prediction,random_forest,data/raw/mcc5_thu_motor/MCC5-THU Motor/MCC5-THU Motor_speed_circulation/bearing_outer_H_speed_circulation_20Nm_3000rpm_250821110519.csv,250821,250708,250708,179,speed_circulation,3000.0,20.0,0.3668156424581006,0.5712569832402234,0.06192737430167598
6,all_signals_without_order,outer_race_acquisition_date_prediction,random_forest,data/raw/mcc5_thu_motor/MCC5-THU Motor/MCC5-THU Motor_speed_circulation/bearing_outer_H_speed_circulation_40Nm_2000rpm_250707105500.csv,250707,250707,250707,179,speed_circulation,2000.0,40.0,0.8179608938547487,0.17187150837988827,0.01016759776536313
6,all_signals_without_order,outer_race_acquisition_date_prediction,random_forest,data/raw/mcc5_thu_motor/MCC5-THU Motor/MCC5-THU Motor_speed_circulation/bearing_outer_H_speed_circulation_40Nm_3000rpm_250707105959.csv,250707,250708,250708,179,speed_circulation,3000.0,40.0,0.43986033519553075,0.46740223463687147,0.09273743016759778
6,all_signals_without_order,outer_race_acquisition_date_prediction,random_forest,data/raw/mcc5_thu_motor/MCC5-THU Motor/MCC5-THU Motor_speed_circulation/bearing_outer_L_speed_circulation_20Nm_2000rpm_250708095712.csv,250708,250708,250708,179,speed_circulation,2000.0,20.0,0.04634078212290503,0.9533519553072626,0.0003072625698324022
6,all_signals_without_order,outer_race_acquisition_date_prediction,random_forest,data/raw/mcc5_thu_motor/MCC5-THU Motor/MCC5-THU Motor_speed_circulation/bearing_outer_L_speed_circulation_20Nm_3000rpm_250708100411.csv,250708,250708,250708,179,speed_circulation,3000.0,20.0,0.021061452513966482,0.9783519553072626,0.0005865921787709498
6,all_signals_without_order,outer_race_acquisition_date_prediction,random_forest,data/raw/mcc5_thu_motor/MCC5-THU Motor/MCC5-THU Motor_speed_circulation/bearing_outer_L_speed_circulation_40Nm_1000rpm_250708094556.csv,250708,250708,250708,179,speed_circulation,1000.0,40.0,0.0712290502793296,0.9287430167597766,2.793296089385475e-05
6,all_signals_without_order,outer_race_acquisition_date_prediction,random_forest,data/raw/mcc5_thu_motor/MCC5-THU Motor/MCC5-THU Motor_torque_circulation/bearing_outer_H_torque_circulation_40Nm_2000rpm_250707104408d.csv,250707,250707,250707,179,torque_circulation,2000.0,40.0,0.7832402234636873,0.2009776536312849,0.01578212290502793
6,all_signals_without_order,outer_race_acquisition_date_prediction,random_forest,data/raw/mcc5_thu_motor/MCC5-THU Motor/MCC5-THU Motor_torque_circulation/bearing_outer_H_torque_circulation_40Nm_3000rpm_250707104611d.csv,250707,250708,250708,179,torque_circulation,3000.0,40.0,0.2859776536312849,0.41907821229050274,0.29494413407821224
6,all_signals_without_order,outer_race_acquisition_date_prediction,random_forest,data/raw/mcc5_thu_motor/MCC5-THU Motor/MCC5-THU Motor_torque_circulation/bearing_outer_L_torque_circulation_20Nm_2000rpm_250708093806d.csv,250708,250708,250708,179,torque_circulation,2000.0,20.0,0.03293296089385475,0.9663687150837988,0.0006983240223463687
6,all_signals_without_order,outer_race_acquisition_date_prediction,random_forest,data/raw/mcc5_thu_motor/MCC5-THU Motor/MCC5-THU Motor_torque_circulation/bearing_outer_L_torque_circulation_20Nm_3000rpm_250708094011d.csv,250708,250708,250708,179,torque_circulation,3000.0,20.0,0.006396648044692738,0.9934357541899441,0.0001675977653631285
6,all_signals_without_order,outer_race_acquisition_date_prediction,random_forest,data/raw/mcc5_thu_motor/MCC5-THU Motor/MCC5-THU Motor_torque_circulation/bearing_outer_L_torque_circulation_40Nm_1000rpm_250708094205d.csv,250708,250708,250708,179,torque_circulation,1000.0,40.0,0.02927374301675978,0.9707262569832402,0.0
6,all_signals_without_order,outer_race_acquisition_date_prediction,xgboost,data/raw/mcc5_thu_motor/MCC5-THU Motor/MCC5-THU Motor_speed_circulation/bearing_outer_H_speed_circulation_20Nm_3000rpm_250707105700.csv,250707,250708,250708,179,speed_circulation,3000.0,20.0,0.3870481252670288,0.6103302836418152,0.0026215510442852974
6,all_signals_without_order,outer_race_acquisition_date_prediction,xgboost,data/raw/mcc5_thu_motor/MCC5-THU Motor/MCC5-THU Motor_speed_circulation/bearing_outer_H_speed_circulation_20Nm_3000rpm_250821110519.csv,250821,250708,250708,179,speed_circulation,3000.0,20.0,0.06435531377792358,0.9289917349815369,0.006652923300862312
6,all_signals_without_order,outer_race_acquisition_date_prediction,xgboost,data/raw/mcc5_thu_motor/MCC5-THU Motor/MCC5-THU Motor_speed_circulation/bearing_outer_H_speed_circulation_40Nm_2000rpm_250707105500.csv,250707,250707,250707,179,speed_circulation,2000.0,40.0,0.9935693144798279,0.006178140640258789,0.0002525792515370995
6,all_signals_without_order,outer_race_acquisition_date_prediction,xgboost,data/raw/mcc5_thu_motor/MCC5-THU Motor/MCC5-THU Motor_speed_circulation/bearing_outer_H_speed_circulation_40Nm_3000rpm_250707105959.csv,250707,250707,250707,179,speed_circulation,3000.0,40.0,0.5000530481338501,0.4945453703403473,0.0054015591740608215
6,all_signals_without_order,outer_race_acquisition_date_prediction,xgboost,data/raw/mcc5_thu_motor/MCC5-THU Motor/MCC5-THU Motor_speed_circulation/bearing_outer_L_speed_circulation_20Nm_2000rpm_250708095712.csv,250708,250708,250708,179,speed_circulation,2000.0,20.0,0.0015699793584644794,0.9982333183288574,0.00019680231343954802
6,all_signals_without_order,outer_race_acquisition_date_prediction,xgboost,data/raw/mcc5_thu_motor/MCC5-THU Motor/MCC5-THU Motor_speed_circulation/bearing_outer_L_speed_circulation_20Nm_3000rpm_250708100411.csv,250708,250708,250708,179,speed_circulation,3000.0,20.0,0.001884981757029891,0.9978786706924438,0.0002362933155382052
6,all_signals_without_order,outer_race_acquisition_date_prediction,xgboost,data/raw/mcc5_thu_motor/MCC5-THU Motor/MCC5-THU Motor_speed_circulation/bearing_outer_L_speed_circulation_40Nm_1000rpm_250708094556.csv,250708,250708,250708,179,speed_circulation,1000.0,40.0,0.00883449800312519,0.9907476305961609,0.0004178959352429956
6,all_signals_without_order,outer_race_acquisition_date_prediction,xgboost,data/raw/mcc5_thu_motor/MCC5-THU Motor/MCC5-THU Motor_torque_circulation/bearing_outer_H_torque_circulation_40Nm_2000rpm_250707104408d.csv,250707,250707,250707,179,torque_circulation,2000.0,40.0,0.9978496432304382,0.0018162024207413197,0.00033420350519008934
6,all_signals_without_order,outer_race_acquisition_date_prediction,xgboost,data/raw/mcc5_thu_motor/MCC5-THU Motor/MCC5-THU Motor_torque_circulation/bearing_outer_H_torque_circulation_40Nm_3000rpm_250707104611d.csv,250707,250708,250708,179,torque_circulation,3000.0,40.0,0.23419669270515442,0.7128291726112366,0.05297412723302841
6,all_signals_without_order,outer_race_acquisition_date_prediction,xgboost,data/raw/mcc5_thu_motor/MCC5-THU Motor/MCC5-THU Motor_torque_circulation/bearing_outer_L_torque_circulation_20Nm_2000rpm_250708093806d.csv,250708,250708,250708,179,torque_circulation,2000.0,20.0,0.0012979789171367884,0.9983009099960327,0.00040120043558999896
6,all_signals_without_order,outer_race_acquisition_date_prediction,xgboost,data/raw/mcc5_thu_motor/MCC5-THU Motor/MCC5-THU Motor_torque_circulation/bearing_outer_L_torque_circulation_20Nm_3000rpm_250708094011d.csv,250708,250708,250708,179,torque_circulation,3000.0,20.0,0.0003814915253315121,0.9994428157806396,0.00017565154121257365
6,all_signals_without_order,outer_race_acquisition_date_prediction,xgboost,data/raw/mcc5_thu_motor/MCC5-THU Motor/MCC5-THU Motor_torque_circulation/bearing_outer_L_torque_circulation_40Nm_1000rpm_250708094205d.csv,250708,250708,250708,179,torque_circulation,1000.0,40.0,0.00037908603553660214,0.9994633197784424,0.00015754718333482742
6,vibration_current_no_order,outer_race_acquisition_date_prediction,random_forest,data/raw/mcc5_thu_motor/MCC5-THU Motor/MCC5-THU Motor_speed_circulation/bearing_outer_H_speed_circulation_20Nm_3000rpm_250707105700.csv,250707,250708,250708,179,speed_circulation,3000.0,20.0,0.360977653631285,0.5926815642458101,0.04634078212290503
6,vibration_current_no_order,outer_race_acquisition_date_prediction,random_forest,data/raw/mcc5_thu_motor/MCC5-THU Motor/MCC5-THU Motor_speed_circulation/bearing_outer_H_speed_circulation_20Nm_3000rpm_250821110519.csv,250821,250708,250708,179,speed_circulation,3000.0,20.0,0.12578212290502794,0.8438268156424582,0.030391061452513968
6,vibration_current_no_order,outer_race_acquisition_date_prediction,random_forest,data/raw/mcc5_thu_motor/MCC5-THU Motor/MCC5-THU Motor_speed_circulation/bearing_outer_H_speed_circulation_40Nm_2000rpm_250707105500.csv,250707,250707,250707,179,speed_circulation,2000.0,40.0,0.7966480446927374,0.18631284916201113,0.017039106145251396
6,vibration_current_no_order,outer_race_acquisition_date_prediction,random_forest,data/raw/mcc5_thu_motor/MCC5-THU Motor/MCC5-THU Motor_speed_circulation/bearing_outer_H_speed_circulation_40Nm_3000rpm_250707105959.csv,250707,250708,250708,179,speed_circulation,3000.0,40.0,0.3073463687150838,0.6060055865921787,0.08664804469273744
6,vibration_current_no_order,outer_race_acquisition_date_prediction,random_forest,data/raw/mcc5_thu_motor/MCC5-THU Motor/MCC5-THU Motor_speed_circulation/bearing_outer_L_speed_circulation_20Nm_2000rpm_250708095712.csv,250708,250708,250708,179,speed_circulation,2000.0,20.0,0.05340782122905027,0.9465921787709497,0.0
6,vibration_current_no_order,outer_race_acquisition_date_prediction,random_forest,data/raw/mcc5_thu_motor/MCC5-THU Motor/MCC5-THU Motor_speed_circulation/bearing_outer_L_speed_circulation_20Nm_3000rpm_250708100411.csv,250708,250708,250708,179,speed_circulation,3000.0,20.0,0.023826815642458105,0.9757541899441341,0.0004189944134078213
6,vibration_current_no_order,outer_race_acquisition_date_prediction,random_forest,data/raw/mcc5_thu_motor/MCC5-THU Motor/MCC5-THU Motor_speed_circulation/bearing_outer_L_speed_circulation_40Nm_1000rpm_250708094556.csv,250708,250708,250708,179,speed_circulation,1000.0,40.0,0.05315642458100559,0.9463407821229051,0.0005027932960893855
6,vibration_current_no_order,outer_race_acquisition_date_prediction,random_forest,data/raw/mcc5_thu_motor/MCC5-THU Motor/MCC5-THU Motor_torque_circulation/bearing_outer_H_torque_circulation_40Nm_2000rpm_250707104408d.csv,250707,250707,250707,179,torque_circulation,2000.0,40.0,0.7659776536312848,0.20575418994413408,0.02826815642458101
6,vibration_current_no_order,outer_race_acquisition_date_prediction,random_forest,data/raw/mcc5_thu_motor/MCC5-THU Motor/MCC5-THU Motor_torque_circulation/bearing_outer_H_torque_circulation_40Nm_3000rpm_250707104611d.csv,250707,250708,250708,179,torque_circulation,3000.0,40.0,0.15282122905027934,0.6357262569832404,0.21145251396648046
6,vibration_current_no_order,outer_race_acquisition_date_prediction,random_forest,data/raw/mcc5_thu_motor/MCC5-THU Motor/MCC5-THU Motor_torque_circulation/bearing_outer_L_torque_circulation_20Nm_2000rpm_250708093806d.csv,250708,250708,250708,179,torque_circulation,2000.0,20.0,0.028407821229050285,0.9715921787709497,0.0
6,vibration_current_no_order,outer_race_acquisition_date_prediction,random_forest,data/raw/mcc5_thu_motor/MCC5-THU Motor/MCC5-THU Motor_torque_circulation/bearing_outer_L_torque_circulation_20Nm_3000rpm_250708094011d.csv,250708,250708,250708,179,torque_circulation,3000.0,20.0,0.003854748603351955,0.995391061452514,0.0007541899441340783
6,vibration_current_no_order,outer_race_acquisition_date_prediction,random_forest,data/raw/mcc5_thu_motor/MCC5-THU Motor/MCC5-THU Motor_torque_circulation/bearing_outer_L_torque_circulation_40Nm_1000rpm_250708094205d.csv,250708,250708,250708,179,torque_circulation,1000.0,40.0,0.016815642458100556,0.9831843575418995,0.0
6,vibration_current_no_order,outer_race_acquisition_date_prediction,xgboost,data/raw/mcc5_thu_motor/MCC5-THU Motor/MCC5-THU Motor_speed_circulation/bearing_outer_H_speed_circulation_20Nm_3000rpm_250707105700.csv,250707,250708,250708,179,speed_circulation,3000.0,20.0,0.31982994079589844,0.6785933375358582,0.001576728536747396
6,vibration_current_no_order,outer_race_acquisition_date_prediction,xgboost,data/raw/mcc5_thu_motor/MCC5-THU Motor/MCC5-THU Motor_speed_circulation/bearing_outer_H_speed_circulation_20Nm_3000rpm_250821110519.csv,250821,250708,250708,179,speed_circulation,3000.0,20.0,0.03959435969591141,0.9561998844146729,0.004205726552754641
6,vibration_current_no_order,outer_race_acquisition_date_prediction,xgboost,data/raw/mcc5_thu_motor/MCC5-THU Motor/MCC5-THU Motor_speed_circulation/bearing_outer_H_speed_circulation_40Nm_2000rpm_250707105500.csv,250707,250707,250707,179,speed_circulation,2000.0,40.0,0.9942055940628052,0.005552039947360754,0.00024233179283328354
6,vibration_current_no_order,outer_race_acquisition_date_prediction,xgboost,data/raw/mcc5_thu_motor/MCC5-THU Motor/MCC5-THU Motor_speed_circulation/bearing_outer_H_speed_circulation_40Nm_3000rpm_250707105959.csv,250707,250708,250708,179,speed_circulation,3000.0,40.0,0.45935744047164917,0.538076639175415,0.0025659131351858377
6,vibration_current_no_order,outer_race_acquisition_date_prediction,xgboost,data/raw/mcc5_thu_motor/MCC5-THU Motor/MCC5-THU Motor_speed_circulation/bearing_outer_L_speed_circulation_20Nm_2000rpm_250708095712.csv,250708,250708,250708,179,speed_circulation,2000.0,20.0,0.0017438705544918776,0.9980657696723938,0.00019033341959584504
6,vibration_current_no_order,outer_race_acquisition_date_prediction,xgboost,data/raw/mcc5_thu_motor/MCC5-THU Motor/MCC5-THU Motor_speed_circulation/bearing_outer_L_speed_circulation_20Nm_3000rpm_250708100411.csv,250708,250708,250708,179,speed_circulation,3000.0,20.0,0.0024475185200572014,0.9972686171531677,0.00028392576496116817
6,vibration_current_no_order,outer_race_acquisition_date_prediction,xgboost,data/raw/mcc5_thu_motor/MCC5-THU Motor/MCC5-THU Motor_speed_circulation/bearing_outer_L_speed_circulation_40Nm_1000rpm_250708094556.csv,250708,250708,250708,179,speed_circulation,1000.0,40.0,0.009467308409512043,0.9901352524757385,0.00039745293906889856
6,vibration_current_no_order,outer_race_acquisition_date_prediction,xgboost,data/raw/mcc5_thu_motor/MCC5-THU Motor/MCC5-THU Motor_torque_circulation/bearing_outer_H_torque_circulation_40Nm_2000rpm_250707104408d.csv,250707,250707,250707,179,torque_circulation,2000.0,40.0,0.9981370568275452,0.001552344998344779,0.0003106013755314052
6,vibration_current_no_order,outer_race_acquisition_date_prediction,xgboost,data/raw/mcc5_thu_motor/MCC5-THU Motor/MCC5-THU Motor_torque_circulation/bearing_outer_H_torque_circulation_40Nm_3000rpm_250707104611d.csv,250707,250708,250708,179,torque_circulation,3000.0,40.0,0.1471513956785202,0.8286592364311218,0.02418936789035797
6,vibration_current_no_order,outer_race_acquisition_date_prediction,xgboost,data/raw/mcc5_thu_motor/MCC5-THU Motor/MCC5-THU Motor_torque_circulation/bearing_outer_L_torque_circulation_20Nm_2000rpm_250708093806d.csv,250708,250708,250708,179,torque_circulation,2000.0,20.0,0.0019669542089104652,0.997454822063446,0.0005782072548754513
6,vibration_current_no_order,outer_race_acquisition_date_prediction,xgboost,data/raw/mcc5_thu_motor/MCC5-THU Motor/MCC5-THU Motor_torque_circulation/bearing_outer_L_torque_circulation_20Nm_3000rpm_250708094011d.csv,250708,250708,250708,179,torque_circulation,3000.0,20.0,0.0003860819269903004,0.9994268417358398,0.00018714673933573067
6,vibration_current_no_order,outer_race_acquisition_date_prediction,xgboost,data/raw/mcc5_thu_motor/MCC5-THU Motor/MCC5-THU Motor_torque_circulation/bearing_outer_L_torque_circulation_40Nm_1000rpm_250708094205d.csv,250708,250708,250708,179,torque_circulation,1000.0,40.0,0.0003826744796242565,0.9994593858718872,0.00015791961050126702
7,all_features_254,outer_race_acquisition_date_prediction,random_forest,data/raw/mcc5_thu_motor/MCC5-THU Motor/MCC5-THU Motor_speed_circulation/bearing_outer_H_speed_circulation_20Nm_1000rpm_250707104821.csv,250707,250707,250707,179,speed_circulation,1000.0,20.0,0.6086871508379889,0.39114525139664796,0.0001675977653631285
7,all_features_254,outer_race_acquisition_date_prediction,random_forest,data/raw/mcc5_thu_motor/MCC5-THU Motor/MCC5-THU Motor_speed_circulation/bearing_outer_H_speed_circulation_20Nm_3000rpm_250821110519.csv,250821,250707,250707,179,speed_circulation,3000.0,20.0,0.6160055865921787,0.3408659217877095,0.04312849162011174
7,all_features_254,outer_race_acquisition_date_prediction,random_forest,data/raw/mcc5_thu_motor/MCC5-THU Motor/MCC5-THU Motor_speed_circulation/bearing_outer_H_speed_circulation_40Nm_1000rpm_250707105055.csv,250707,250707,250707,179,speed_circulation,1000.0,40.0,0.5712849162011173,0.4282402234636872,0.0004748603351955307
7,all_features_254,outer_race_acquisition_date_prediction,random_forest,data/raw/mcc5_thu_motor/MCC5-THU Motor/MCC5-THU Motor_speed_circulation/bearing_outer_H_speed_circulation_40Nm_2000rpm_250707105500.csv,250707,250707,250707,179,speed_circulation,2000.0,40.0,0.8581284916201118,0.14114525139664805,0.0007262569832402235
7,all_features_254,outer_race_acquisition_date_prediction,random_forest,data/raw/mcc5_thu_motor/MCC5-THU Motor/MCC5-THU Motor_speed_circulation/bearing_outer_L_speed_circulation_20Nm_1000rpm_250708094556.csv,250708,250708,250708,179,speed_circulation,1000.0,20.0,0.12541899441340784,0.8745251396648044,5.58659217877095e-05
7,all_features_254,outer_race_acquisition_date_prediction,random_forest,data/raw/mcc5_thu_motor/MCC5-THU Motor/MCC5-THU Motor_speed_circulation/bearing_outer_L_speed_circulation_20Nm_3000rpm_250708100411.csv,250708,250708,250708,179,speed_circulation,3000.0,20.0,0.06125698324022346,0.938659217877095,8.379888268156425e-05
7,all_features_254,outer_race_acquisition_date_prediction,random_forest,data/raw/mcc5_thu_motor/MCC5-THU Motor/MCC5-THU Motor_speed_circulation/bearing_outer_L_speed_circulation_40Nm_2000rpm_250708100011.csv,250708,250708,250708,179,speed_circulation,2000.0,40.0,0.044972067039106146,0.9550279329608939,0.0
7,all_features_254,outer_race_acquisition_date_prediction,random_forest,data/raw/mcc5_thu_motor/MCC5-THU Motor/MCC5-THU Motor_torque_circulation/bearing_outer_H_torque_circulation_40Nm_1000rpm_250707104154d.csv,250707,250707,250707,179,torque_circulation,1000.0,40.0,0.5718715083798883,0.42810055865921787,2.793296089385475e-05
7,all_features_254,outer_race_acquisition_date_prediction,random_forest,data/raw/mcc5_thu_motor/MCC5-THU Motor/MCC5-THU Motor_torque_circulation/bearing_outer_H_torque_circulation_40Nm_2000rpm_250707104408d.csv,250707,250707,250707,179,torque_circulation,2000.0,40.0,0.9024301675977655,0.09723463687150839,0.000335195530726257
7,all_features_254,outer_race_acquisition_date_prediction,random_forest,data/raw/mcc5_thu_motor/MCC5-THU Motor/MCC5-THU Motor_torque_circulation/bearing_outer_H_torque_circulation_40Nm_3000rpm_250707104611d.csv,250707,250707,250707,179,torque_circulation,3000.0,40.0,0.789608938547486,0.03215083798882682,0.17824022346368712
7,all_features_254,outer_race_acquisition_date_prediction,random_forest,data/raw/mcc5_thu_motor/MCC5-THU Motor/MCC5-THU Motor_torque_circulation/bearing_outer_L_torque_circulation_20Nm_2000rpm_250708093806d.csv,250708,250708,250708,179,torque_circulation,2000.0,20.0,0.022011173184357545,0.9779888268156425,0.0
7,all_features_254,outer_race_acquisition_date_prediction,random_forest,data/raw/mcc5_thu_motor/MCC5-THU Motor/MCC5-THU Motor_torque_circulation/bearing_outer_L_torque_circulation_40Nm_1000rpm_250708094205d.csv,250708,250708,250708,179,torque_circulation,1000.0,40.0,0.041731843575418995,0.9582681564245809,0.0
7,all_features_254,outer_race_acquisition_date_prediction,random_forest,data/raw/mcc5_thu_motor/MCC5-THU Motor/MCC5-THU Motor_torque_circulation/bearing_outer_L_torque_circulation_40Nm_3000rpm_250708094556d.csv,250708,250708,250708,179,torque_circulation,3000.0,40.0,0.015,0.9848882681564245,0.000111731843575419
7,all_features_254,outer_race_acquisition_date_prediction,xgboost,data/raw/mcc5_thu_motor/MCC5-THU Motor/MCC5-THU Motor_speed_circulation/bearing_outer_H_speed_circulation_20Nm_1000rpm_250707104821.csv,250707,250707,250707,179,speed_circulation,1000.0,20.0,0.8855703473091125,0.1140502393245697,0.00037945108488202095
7,all_features_254,outer_race_acquisition_date_prediction,xgboost,data/raw/mcc5_thu_motor/MCC5-THU Motor/MCC5-THU Motor_speed_circulation/bearing_outer_H_speed_circulation_20Nm_3000rpm_250821110519.csv,250821,250708,250708,179,speed_circulation,3000.0,20.0,0.20494981110095978,0.7657126188278198,0.029337598010897636
7,all_features_254,outer_race_acquisition_date_prediction,xgboost,data/raw/mcc5_thu_motor/MCC5-THU Motor/MCC5-THU Motor_speed_circulation/bearing_outer_H_speed_circulation_40Nm_1000rpm_250707105055.csv,250707,250707,250707,179,speed_circulation,1000.0,40.0,0.9441777467727661,0.05547596886754036,0.0003462090389803052
7,all_features_254,outer_race_acquisition_date_prediction,xgboost,data/raw/mcc5_thu_motor/MCC5-THU Motor/MCC5-THU Motor_speed_circulation/bearing_outer_H_speed_circulation_40Nm_2000rpm_250707105500.csv,250707,250707,250707,179,speed_circulation,2000.0,40.0,0.9818016290664673,0.017204580828547478,0.0009937933646142483
7,all_features_254,outer_race_acquisition_date_prediction,xgboost,data/raw/mcc5_thu_motor/MCC5-THU Motor/MCC5-THU Motor_speed_circulation/bearing_outer_L_speed_circulation_20Nm_1000rpm_250708094556.csv,250708,250708,250708,179,speed_circulation,1000.0,20.0,0.01351871807128191,0.9861238598823547,0.0003573608410079032
7,all_features_254,outer_race_acquisition_date_prediction,xgboost,data/raw/mcc5_thu_motor/MCC5-THU Motor/MCC5-THU Motor_speed_circulation/bearing_outer_L_speed_circulation_20Nm_3000rpm_250708100411.csv,250708,250708,250708,179,speed_circulation,3000.0,20.0,0.005326986778527498,0.9944111704826355,0.00026187661569565535
7,all_features_254,outer_race_acquisition_date_prediction,xgboost,data/raw/mcc5_thu_motor/MCC5-THU Motor/MCC5-THU Motor_speed_circulation/bearing_outer_L_speed_circulation_40Nm_2000rpm_250708100011.csv,250708,250708,250708,179,speed_circulation,2000.0,40.0,0.0008335644379258156,0.9990224242210388,0.00014407365233637393
7,all_features_254,outer_race_acquisition_date_prediction,xgboost,data/raw/mcc5_thu_motor/MCC5-THU Motor/MCC5-THU Motor_torque_circulation/bearing_outer_H_torque_circulation_40Nm_1000rpm_250707104154d.csv,250707,250707,250707,179,torque_circulation,1000.0,40.0,0.7338791489601135,0.265623539686203,0.0004973100149072707
7,all_features_254,outer_race_acquisition_date_prediction,xgboost,data/raw/mcc5_thu_motor/MCC5-THU Motor/MCC5-THU Motor_torque_circulation/bearing_outer_H_torque_circulation_40Nm_2000rpm_250707104408d.csv,250707,250707,250707,179,torque_circulation,2000.0,40.0,0.9823073148727417,0.016287950798869133,0.001404682407155633
7,all_features_254,outer_race_acquisition_date_prediction,xgboost,data/raw/mcc5_thu_motor/MCC5-THU Motor/MCC5-THU Motor_torque_circulation/bearing_outer_H_torque_circulation_40Nm_3000rpm_250707104611d.csv,250707,250707,250707,179,torque_circulation,3000.0,40.0,0.9985876083374023,0.000761758245062083,0.000650725734885782
7,all_features_254,outer_race_acquisition_date_prediction,xgboost,data/raw/mcc5_thu_motor/MCC5-THU Motor/MCC5-THU Motor_torque_circulation/bearing_outer_L_torque_circulation_20Nm_2000rpm_250708093806d.csv,250708,250708,250708,179,torque_circulation,2000.0,20.0,0.014212178997695446,0.9856335520744324,0.00015421264106407762
7,all_features_254,outer_race_acquisition_date_prediction,xgboost,data/raw/mcc5_thu_motor/MCC5-THU Motor/MCC5-THU Motor_torque_circulation/bearing_outer_L_torque_circulation_40Nm_1000rpm_250708094205d.csv,250708,250708,250708,179,torque_circulation,1000.0,40.0,0.0050837378948926926,0.9945393800735474,0.00037686771247535944
7,all_features_254,outer_race_acquisition_date_prediction,xgboost,data/raw/mcc5_thu_motor/MCC5-THU Motor/MCC5-THU Motor_torque_circulation/bearing_outer_L_torque_circulation_40Nm_3000rpm_250708094556d.csv,250708,250708,250708,179,torque_circulation,3000.0,40.0,0.0006967295776121318,0.9991548657417297,0.0001483203814132139
7,all_signals_without_order,outer_race_acquisition_date_prediction,random_forest,data/raw/mcc5_thu_motor/MCC5-THU Motor/MCC5-THU Motor_speed_circulation/bearing_outer_H_speed_circulation_20Nm_1000rpm_250707104821.csv,250707,250707,250707,179,speed_circulation,1000.0,20.0,0.7675977653631284,0.23234636871508382,5.58659217877095e-05
7,all_signals_without_order,outer_race_acquisition_date_prediction,random_forest,data/raw/mcc5_thu_motor/MCC5-THU Motor/MCC5-THU Motor_speed_circulation/bearing_outer_H_speed_circulation_20Nm_3000rpm_250821110519.csv,250821,250707,250707,179,speed_circulation,3000.0,20.0,0.5725977653631286,0.375977653631285,0.05142458100558659
7,all_signals_without_order,outer_race_acquisition_date_prediction,random_forest,data/raw/mcc5_thu_motor/MCC5-THU Motor/MCC5-THU Motor_speed_circulation/bearing_outer_H_speed_circulation_40Nm_1000rpm_250707105055.csv,250707,250707,250707,179,speed_circulation,1000.0,40.0,0.7933519553072625,0.20662011173184358,2.793296089385475e-05
7,all_signals_without_order,outer_race_acquisition_date_prediction,random_forest,data/raw/mcc5_thu_motor/MCC5-THU Motor/MCC5-THU Motor_speed_circulation/bearing_outer_H_speed_circulation_40Nm_2000rpm_250707105500.csv,250707,250707,250707,179,speed_circulation,2000.0,40.0,0.8763966480446927,0.12125698324022345,0.002346368715083799
7,all_signals_without_order,outer_race_acquisition_date_prediction,random_forest,data/raw/mcc5_thu_motor/MCC5-THU Motor/MCC5-THU Motor_speed_circulation/bearing_outer_L_speed_circulation_20Nm_1000rpm_250708094556.csv,250708,250708,250708,179,speed_circulation,1000.0,20.0,0.11893854748603354,0.8810055865921788,5.58659217877095e-05
7,all_signals_without_order,outer_race_acquisition_date_prediction,random_forest,data/raw/mcc5_thu_motor/MCC5-THU Motor/MCC5-THU Motor_speed_circulation/bearing_outer_L_speed_circulation_20Nm_3000rpm_250708100411.csv,250708,250708,250708,179,speed_circulation,3000.0,20.0,0.047374301675977656,0.952513966480447,0.000111731843575419
7,all_signals_without_order,outer_race_acquisition_date_prediction,random_forest,data/raw/mcc5_thu_motor/MCC5-THU Motor/MCC5-THU Motor_speed_circulation/bearing_outer_L_speed_circulation_40Nm_2000rpm_250708100011.csv,250708,250708,250708,179,speed_circulation,2000.0,40.0,0.038575418994413406,0.9613966480446926,2.793296089385475e-05
7,all_signals_without_order,outer_race_acquisition_date_prediction,random_forest,data/raw/mcc5_thu_motor/MCC5-THU Motor/MCC5-THU Motor_torque_circulation/bearing_outer_H_torque_circulation_40Nm_1000rpm_250707104154d.csv,250707,250707,250707,179,torque_circulation,1000.0,40.0,0.7447765363128491,0.2552234636871509,0.0
7,all_signals_without_order,outer_race_acquisition_date_prediction,random_forest,data/raw/mcc5_thu_motor/MCC5-THU Motor/MCC5-THU Motor_torque_circulation/bearing_outer_H_torque_circulation_40Nm_2000rpm_250707104408d.csv,250707,250707,250707,179,torque_circulation,2000.0,40.0,0.9208659217877095,0.07645251396648046,0.002681564245810056
7,all_signals_without_order,outer_race_acquisition_date_prediction,random_forest,data/raw/mcc5_thu_motor/MCC5-THU Motor/MCC5-THU Motor_torque_circulation/bearing_outer_H_torque_circulation_40Nm_3000rpm_250707104611d.csv,250707,250707,250707,179,torque_circulation,3000.0,40.0,0.8403351955307263,0.02723463687150839,0.13243016759776535
7,all_signals_without_order,outer_race_acquisition_date_prediction,random_forest,data/raw/mcc5_thu_motor/MCC5-THU Motor/MCC5-THU Motor_torque_circulation/bearing_outer_L_torque_circulation_20Nm_2000rpm_250708093806d.csv,250708,250708,250708,179,torque_circulation,2000.0,20.0,0.02497206703910615,0.9750279329608939,0.0
7,all_signals_without_order,outer_race_acquisition_date_prediction,random_forest,data/raw/mcc5_thu_motor/MCC5-THU Motor/MCC5-THU Motor_torque_circulation/bearing_outer_L_torque_circulation_40Nm_1000rpm_250708094205d.csv,250708,250708,250708,179,torque_circulation,1000.0,40.0,0.04687150837988827,0.9531284916201118,0.0
7,all_signals_without_order,outer_race_acquisition_date_prediction,random_forest,data/raw/mcc5_thu_motor/MCC5-THU Motor/MCC5-THU Motor_torque_circulation/bearing_outer_L_torque_circulation_40Nm_3000rpm_250708094556d.csv,250708,250708,250708,179,torque_circulation,3000.0,40.0,0.01645251396648045,0.9834078212290502,0.00013966480446927376
7,all_signals_without_order,outer_race_acquisition_date_prediction,xgboost,data/raw/mcc5_thu_motor/MCC5-THU Motor/MCC5-THU Motor_speed_circulation/bearing_outer_H_speed_circulation_20Nm_1000rpm_250707104821.csv,250707,250707,250707,179,speed_circulation,1000.0,20.0,0.8964841961860657,0.10308706015348434,0.00042874543578363955
7,all_signals_without_order,outer_race_acquisition_date_prediction,xgboost,data/raw/mcc5_thu_motor/MCC5-THU Motor/MCC5-THU Motor_speed_circulation/bearing_outer_H_speed_circulation_20Nm_3000rpm_250821110519.csv,250821,250708,250708,179,speed_circulation,3000.0,20.0,0.24283139407634735,0.7361971139907837,0.020971495658159256
7,all_signals_without_order,outer_race_acquisition_date_prediction,xgboost,data/raw/mcc5_thu_motor/MCC5-THU Motor/MCC5-THU Motor_speed_circulation/bearing_outer_H_speed_circulation_40Nm_1000rpm_250707105055.csv,250707,250707,250707,179,speed_circulation,1000.0,40.0,0.9550955295562744,0.044587600976228714,0.0003168498515151441
7,all_signals_without_order,outer_race_acquisition_date_prediction,xgboost,data/raw/mcc5_thu_motor/MCC5-THU Motor/MCC5-THU Motor_speed_circulation/bearing_outer_H_speed_circulation_40Nm_2000rpm_250707105500.csv,250707,250707,250707,179,speed_circulation,2000.0,40.0,0.9847314953804016,0.014463762752711773,0.0008047067676670849
7,all_signals_without_order,outer_race_acquisition_date_prediction,xgboost,data/raw/mcc5_thu_motor/MCC5-THU Motor/MCC5-THU Motor_speed_circulation/bearing_outer_L_speed_circulation_20Nm_1000rpm_250708094556.csv,250708,250708,250708,179,speed_circulation,1000.0,20.0,0.017562424764037132,0.9819710850715637,0.0004664351581595838
7,all_signals_without_order,outer_race_acquisition_date_prediction,xgboost,data/raw/mcc5_thu_motor/MCC5-THU Motor/MCC5-THU Motor_speed_circulation/bearing_outer_L_speed_circulation_20Nm_3000rpm_250708100411.csv,250708,250708,250708,179,speed_circulation,3000.0,20.0,0.005430295132100582,0.9943275451660156,0.00024210377887357026
7,all_signals_without_order,outer_race_acquisition_date_prediction,xgboost,data/raw/mcc5_thu_motor/MCC5-THU Motor/MCC5-THU Motor_speed_circulation/bearing_outer_L_speed_circulation_40Nm_2000rpm_250708100011.csv,250708,250708,250708,179,speed_circulation,2000.0,40.0,0.0007717810804024339,0.9990872144699097,0.00014098423707764596
7,all_signals_without_order,outer_race_acquisition_date_prediction,xgboost,data/raw/mcc5_thu_motor/MCC5-THU Motor/MCC5-THU Motor_torque_circulation/bearing_outer_H_torque_circulation_40Nm_1000rpm_250707104154d.csv,250707,250707,250707,179,torque_circulation,1000.0,40.0,0.7502564787864685,0.24915069341659546,0.0005928790778852999
7,all_signals_without_order,outer_race_acquisition_date_prediction,xgboost,data/raw/mcc5_thu_motor/MCC5-THU Motor/MCC5-THU Motor_torque_circulation/bearing_outer_H_torque_circulation_40Nm_2000rpm_250707104408d.csv,250707,250707,250707,179,torque_circulation,2000.0,40.0,0.9880440831184387,0.01088004931807518,0.0010758856078609824
7,all_signals_without_order,outer_race_acquisition_date_prediction,xgboost,data/raw/mcc5_thu_motor/MCC5-THU Motor/MCC5-THU Motor_torque_circulation/bearing_outer_H_torque_circulation_40Nm_3000rpm_250707104611d.csv,250707,250707,250707,179,torque_circulation,3000.0,40.0,0.9981554746627808,0.0007842252962291241,0.0010602741967886686
7,all_signals_without_order,outer_race_acquisition_date_prediction,xgboost,data/raw/mcc5_thu_motor/MCC5-THU Motor/MCC5-THU Motor_torque_circulation/bearing_outer_L_torque_circulation_20Nm_2000rpm_250708093806d.csv,250708,250708,250708,179,torque_circulation,2000.0,20.0,0.012126071378588676,0.9877264499664307,0.00014747741806786507
7,all_signals_without_order,outer_race_acquisition_date_prediction,xgboost,data/raw/mcc5_thu_motor/MCC5-THU Motor/MCC5-THU Motor_torque_circulation/bearing_outer_L_torque_circulation_40Nm_1000rpm_250708094205d.csv,250708,250708,250708,179,torque_circulation,1000.0,40.0,0.005874042399227619,0.9938425421714783,0.0002834598708432168
7,all_signals_without_order,outer_race_acquisition_date_prediction,xgboost,data/raw/mcc5_thu_motor/MCC5-THU Motor/MCC5-THU Motor_torque_circulation/bearing_outer_L_torque_circulation_40Nm_3000rpm_250708094556d.csv,250708,250708,250708,179,torque_circulation,3000.0,40.0,0.0008284111390821636,0.9990149736404419,0.00015659199561923742
7,vibration_current_no_order,outer_race_acquisition_date_prediction,random_forest,data/raw/mcc5_thu_motor/MCC5-THU Motor/MCC5-THU Motor_speed_circulation/bearing_outer_H_speed_circulation_20Nm_1000rpm_250707104821.csv,250707,250707,250707,179,speed_circulation,1000.0,20.0,0.8095810055865923,0.19039106145251394,2.793296089385475e-05
7,vibration_current_no_order,outer_race_acquisition_date_prediction,random_forest,data/raw/mcc5_thu_motor/MCC5-THU Motor/MCC5-THU Motor_speed_circulation/bearing_outer_H_speed_circulation_20Nm_3000rpm_250821110519.csv,250821,250708,250708,179,speed_circulation,3000.0,20.0,0.2838268156424581,0.6960614525139664,0.02011173184357542
7,vibration_current_no_order,outer_race_acquisition_date_prediction,random_forest,data/raw/mcc5_thu_motor/MCC5-THU Motor/MCC5-THU Motor_speed_circulation/bearing_outer_H_speed_circulation_40Nm_1000rpm_250707105055.csv,250707,250707,250707,179,speed_circulation,1000.0,40.0,0.8200558659217878,0.17991620111731846,2.793296089385475e-05
7,vibration_current_no_order,outer_race_acquisition_date_prediction,random_forest,data/raw/mcc5_thu_motor/MCC5-THU Motor/MCC5-THU Motor_speed_circulation/bearing_outer_H_speed_circulation_40Nm_2000rpm_250707105500.csv,250707,250707,250707,179,speed_circulation,2000.0,40.0,0.8896927374301675,0.10913407821229049,0.0011731843575418996
7,vibration_current_no_order,outer_race_acquisition_date_prediction,random_forest,data/raw/mcc5_thu_motor/MCC5-THU Motor/MCC5-THU Motor_speed_circulation/bearing_outer_L_speed_circulation_20Nm_1000rpm_250708094556.csv,250708,250708,250708,179,speed_circulation,1000.0,20.0,0.15798882681564247,0.8419553072625697,5.58659217877095e-05
7,vibration_current_no_order,outer_race_acquisition_date_prediction,random_forest,data/raw/mcc5_thu_motor/MCC5-THU Motor/MCC5-THU Motor_speed_circulation/bearing_outer_L_speed_circulation_20Nm_3000rpm_250708100411.csv,250708,250708,250708,179,speed_circulation,3000.0,20.0,0.08013966480446927,0.9197486033519553,0.000111731843575419
7,vibration_current_no_order,outer_race_acquisition_date_prediction,random_forest,data/raw/mcc5_thu_motor/MCC5-THU Motor/MCC5-THU Motor_speed_circulation/bearing_outer_L_speed_circulation_40Nm_2000rpm_250708100011.csv,250708,250708,250708,179,speed_circulation,2000.0,40.0,0.022094972067039108,0.9773743016759776,0.0005307262569832403
7,vibration_current_no_order,outer_race_acquisition_date_prediction,random_forest,data/raw/mcc5_thu_motor/MCC5-THU Motor/MCC5-THU Motor_torque_circulation/bearing_outer_H_torque_circulation_40Nm_1000rpm_250707104154d.csv,250707,250707,250707,179,torque_circulation,1000.0,40.0,0.7553631284916201,0.24463687150837993,0.0
7,vibration_current_no_order,outer_race_acquisition_date_prediction,random_forest,data/raw/mcc5_thu_motor/MCC5-THU Motor/MCC5-THU Motor_torque_circulation/bearing_outer_H_torque_circulation_40Nm_2000rpm_250707104408d.csv,250707,250707,250707,179,torque_circulation,2000.0,40.0,0.9470391061452513,0.05293296089385475,2.793296089385475e-05
7,vibration_current_no_order,outer_race_acquisition_date_prediction,random_forest,data/raw/mcc5_thu_motor/MCC5-THU Motor/MCC5-THU Motor_torque_circulation/bearing_outer_H_torque_circulation_40Nm_3000rpm_250707104611d.csv,250707,250707,250707,179,torque_circulation,3000.0,40.0,0.7310055865921787,0.0573463687150838,0.21164804469273743
7,vibration_current_no_order,outer_race_acquisition_date_prediction,random_forest,data/raw/mcc5_thu_motor/MCC5-THU Motor/MCC5-THU Motor_torque_circulation/bearing_outer_L_torque_circulation_20Nm_2000rpm_250708093806d.csv,250708,250708,250708,179,torque_circulation,2000.0,20.0,0.01810055865921788,0.9818994413407821,0.0
7,vibration_current_no_order,outer_race_acquisition_date_prediction,random_forest,data/raw/mcc5_thu_motor/MCC5-THU Motor/MCC5-THU Motor_torque_circulation/bearing_outer_L_torque_circulation_40Nm_1000rpm_250708094205d.csv,250708,250708,250708,179,torque_circulation,1000.0,40.0,0.020139664804469277,0.979804469273743,5.58659217877095e-05
7,vibration_current_no_order,outer_race_acquisition_date_prediction,random_forest,data/raw/mcc5_thu_motor/MCC5-THU Motor/MCC5-THU Motor_torque_circulation/bearing_outer_L_torque_circulation_40Nm_3000rpm_250708094556d.csv,250708,250708,250708,179,torque_circulation,3000.0,40.0,0.02039106145251397,0.9794413407821229,0.0001675977653631285
7,vibration_current_no_order,outer_race_acquisition_date_prediction,xgboost,data/raw/mcc5_thu_motor/MCC5-THU Motor/MCC5-THU Motor_speed_circulation/bearing_outer_H_speed_circulation_20Nm_1000rpm_250707104821.csv,250707,250707,250707,179,speed_circulation,1000.0,20.0,0.9817008972167969,0.01775629073381424,0.0005428229924291372
7,vibration_current_no_order,outer_race_acquisition_date_prediction,xgboost,data/raw/mcc5_thu_motor/MCC5-THU Motor/MCC5-THU Motor_speed_circulation/bearing_outer_H_speed_circulation_20Nm_3000rpm_250821110519.csv,250821,250708,250708,179,speed_circulation,3000.0,20.0,0.14467372000217438,0.8407393097877502,0.014586925506591797
7,vibration_current_no_order,outer_race_acquisition_date_prediction,xgboost,data/raw/mcc5_thu_motor/MCC5-THU Motor/MCC5-THU Motor_speed_circulation/bearing_outer_H_speed_circulation_40Nm_1000rpm_250707105055.csv,250707,250707,250707,179,speed_circulation,1000.0,40.0,0.9864261746406555,0.013212931342422962,0.00036089238710701466
7,vibration_current_no_order,outer_race_acquisition_date_prediction,xgboost,data/raw/mcc5_thu_motor/MCC5-THU Motor/MCC5-THU Motor_speed_circulation/bearing_outer_H_speed_circulation_40Nm_2000rpm_250707105500.csv,250707,250707,250707,179,speed_circulation,2000.0,40.0,0.9937469363212585,0.005518745630979538,0.0007343523902818561
7,vibration_current_no_order,outer_race_acquisition_date_prediction,xgboost,data/raw/mcc5_thu_motor/MCC5-THU Motor/MCC5-THU Motor_speed_circulation/bearing_outer_L_speed_circulation_20Nm_1000rpm_250708094556.csv,250708,250708,250708,179,speed_circulation,1000.0,20.0,0.02538156695663929,0.9739288687705994,0.0006895780097693205
7,vibration_current_no_order,outer_race_acquisition_date_prediction,xgboost,data/raw/mcc5_thu_motor/MCC5-THU Motor/MCC5-THU Motor_speed_circulation/bearing_outer_L_speed_circulation_20Nm_3000rpm_250708100411.csv,250708,250708,250708,179,speed_circulation,3000.0,20.0,0.0066892234608531,0.992997407913208,0.00031334851519204676
7,vibration_current_no_order,outer_race_acquisition_date_prediction,xgboost,data/raw/mcc5_thu_motor/MCC5-THU Motor/MCC5-THU Motor_speed_circulation/bearing_outer_L_speed_circulation_40Nm_2000rpm_250708100011.csv,250708,250708,250708,179,speed_circulation,2000.0,40.0,0.0007913061999715865,0.9990696310997009,0.0001390742399962619
7,vibration_current_no_order,outer_race_acquisition_date_prediction,xgboost,data/raw/mcc5_thu_motor/MCC5-THU Motor/MCC5-THU Motor_torque_circulation/bearing_outer_H_torque_circulation_40Nm_1000rpm_250707104154d.csv,250707,250707,250707,179,torque_circulation,1000.0,40.0,0.9616994857788086,0.03743593022227287,0.0008646150818094611
7,vibration_current_no_order,outer_race_acquisition_date_prediction,xgboost,data/raw/mcc5_thu_motor/MCC5-THU Motor/MCC5-THU Motor_torque_circulation/bearing_outer_H_torque_circulation_40Nm_2000rpm_250707104408d.csv,250707,250707,250707,179,torque_circulation,2000.0,40.0,0.9972332715988159,0.0018840458942577243,0.0008826389093883336
7,vibration_current_no_order,outer_race_acquisition_date_prediction,xgboost,data/raw/mcc5_thu_motor/MCC5-THU Motor/MCC5-THU Motor_torque_circulation/bearing_outer_H_torque_circulation_40Nm_3000rpm_250707104611d.csv,250707,250707,250707,179,torque_circulation,3000.0,40.0,0.9970597624778748,0.001963562099263072,0.000976661453023553
7,vibration_current_no_order,outer_race_acquisition_date_prediction,xgboost,data/raw/mcc5_thu_motor/MCC5-THU Motor/MCC5-THU Motor_torque_circulation/bearing_outer_L_torque_circulation_20Nm_2000rpm_250708093806d.csv,250708,250708,250708,179,torque_circulation,2000.0,20.0,0.004924277309328318,0.9949727654457092,0.00010295041283825412
7,vibration_current_no_order,outer_race_acquisition_date_prediction,xgboost,data/raw/mcc5_thu_motor/MCC5-THU Motor/MCC5-THU Motor_torque_circulation/bearing_outer_L_torque_circulation_40Nm_1000rpm_250708094205d.csv,250708,250708,250708,179,torque_circulation,1000.0,40.0,0.002072207862511277,0.9978070259094238,0.00012084583431715146
7,vibration_current_no_order,outer_race_acquisition_date_prediction,xgboost,data/raw/mcc5_thu_motor/MCC5-THU Motor/MCC5-THU Motor_torque_circulation/bearing_outer_L_torque_circulation_40Nm_3000rpm_250708094556d.csv,250708,250708,250708,179,torque_circulation,3000.0,40.0,0.0007363188778981566,0.9991275072097778,0.0001361417816951871
8,all_features_254,outer_race_acquisition_date_prediction,random_forest,data/raw/mcc5_thu_motor/MCC5-THU Motor/MCC5-THU Motor_speed_circulation/bearing_outer_H_speed_circulation_20Nm_2000rpm_250707105253.csv,250707,250707,250707,179,speed_circulation,2000.0,20.0,0.8605307262569832,0.1187709497206704,0.02069832402234637
8,all_features_254,outer_race_acquisition_date_prediction,random_forest,data/raw/mcc5_thu_motor/MCC5-THU Motor/MCC5-THU Motor_speed_circulation/bearing_outer_H_speed_circulation_20Nm_3000rpm_250707105700.csv,250707,250707,250707,179,speed_circulation,3000.0,20.0,0.6664804469273744,0.2641899441340782,0.06932960893854749
8,all_features_254,outer_race_acquisition_date_prediction,random_forest,data/raw/mcc5_thu_motor/MCC5-THU Motor/MCC5-THU Motor_speed_circulation/bearing_outer_H_speed_circulation_40Nm_3000rpm_250707105959.csv,250707,250707,250707,179,speed_circulation,3000.0,40.0,0.7322067039106147,0.1929608938547486,0.07483240223463687
8,all_features_254,outer_race_acquisition_date_prediction,random_forest,data/raw/mcc5_thu_motor/MCC5-THU Motor/MCC5-THU Motor_speed_circulation/bearing_outer_L_speed_circulation_20Nm_2000rpm_250708095712.csv,250708,250708,250708,179,speed_circulation,2000.0,20.0,0.034664804469273745,0.9592737430167598,0.006061452513966481
8,all_features_254,outer_race_acquisition_date_prediction,random_forest,data/raw/mcc5_thu_motor/MCC5-THU Motor/MCC5-THU Motor_speed_circulation/bearing_outer_L_speed_circulation_40Nm_1000rpm_250708094556.csv,250708,250708,250708,179,speed_circulation,1000.0,40.0,0.08821229050279329,0.904776536312849,0.007011173184357542
8,all_features_254,outer_race_acquisition_date_prediction,random_forest,data/raw/mcc5_thu_motor/MCC5-THU Motor/MCC5-THU Motor_speed_circulation/bearing_outer_L_speed_circulation_40Nm_3000rpm_250708100602.csv,250708,250708,250708,179,speed_circulation,3000.0,40.0,0.0588826815642458,0.9142178770949722,0.02689944134078212
8,all_features_254,outer_race_acquisition_date_prediction,random_forest,data/raw/mcc5_thu_motor/MCC5-THU Motor/MCC5-THU Motor_torque_circulation/bearing_outer_H_torque_circulation_20Nm_1000rpm_250707103949d.csv,250707,250707,250707,179,torque_circulation,1000.0,20.0,0.8965921787709498,0.10122905027932962,0.0021787709497206706
8,all_features_254,outer_race_acquisition_date_prediction,random_forest,data/raw/mcc5_thu_motor/MCC5-THU Motor/MCC5-THU Motor_torque_circulation/bearing_outer_H_torque_circulation_20Nm_2000rpm_250707103802d.csv,250707,250707,250707,179,torque_circulation,2000.0,20.0,0.8727094972067041,0.11083798882681564,0.01645251396648045
8,all_features_254,outer_race_acquisition_date_prediction,random_forest,data/raw/mcc5_thu_motor/MCC5-THU Motor/MCC5-THU Motor_torque_circulation/bearing_outer_H_torque_circulation_20Nm_3000rpm_250821175544.csv,250821,250707,250707,179,torque_circulation,3000.0,20.0,0.46994413407821234,0.3840223463687151,0.14603351955307262
8,all_features_254,outer_race_acquisition_date_prediction,random_forest,data/raw/mcc5_thu_motor/MCC5-THU Motor/MCC5-THU Motor_torque_circulation/bearing_outer_L_torque_circulation_20Nm_1000rpm_250708093600d.csv,250708,250708,250708,179,torque_circulation,1000.0,20.0,0.042122905027932964,0.953463687150838,0.00441340782122905
8,all_features_254,outer_race_acquisition_date_prediction,random_forest,data/raw/mcc5_thu_motor/MCC5-THU Motor/MCC5-THU Motor_torque_circulation/bearing_outer_L_torque_circulation_20Nm_3000rpm_250708094011d.csv,250708,250708,250708,179,torque_circulation,3000.0,20.0,0.003016759776536313,0.9964245810055865,0.000558659217877095
8,all_features_254,outer_race_acquisition_date_prediction,random_forest,data/raw/mcc5_thu_motor/MCC5-THU Motor/MCC5-THU Motor_torque_circulation/bearing_outer_L_torque_circulation_40Nm_2000rpm_250708094403d.csv,250708,250708,250708,179,torque_circulation,2000.0,40.0,0.035837988826815645,0.9636033519553073,0.000558659217877095
8,all_features_254,outer_race_acquisition_date_prediction,xgboost,data/raw/mcc5_thu_motor/MCC5-THU Motor/MCC5-THU Motor_speed_circulation/bearing_outer_H_speed_circulation_20Nm_2000rpm_250707105253.csv,250707,250707,250707,179,speed_circulation,2000.0,20.0,0.9815327525138855,0.017519548535346985,0.0009476320119574666
8,all_features_254,outer_race_acquisition_date_prediction,xgboost,data/raw/mcc5_thu_motor/MCC5-THU Motor/MCC5-THU Motor_speed_circulation/bearing_outer_H_speed_circulation_20Nm_3000rpm_250707105700.csv,250707,250707,250707,179,speed_circulation,3000.0,20.0,0.9589436054229736,0.0337335504591465,0.007322842720896006
8,all_features_254,outer_race_acquisition_date_prediction,xgboost,data/raw/mcc5_thu_motor/MCC5-THU Motor/MCC5-THU Motor_speed_circulation/bearing_outer_H_speed_circulation_40Nm_3000rpm_250707105959.csv,250707,250707,250707,179,speed_circulation,3000.0,40.0,0.9659566283226013,0.024589695036411285,0.009453712962567806
8,all_features_254,outer_race_acquisition_date_prediction,xgboost,data/raw/mcc5_thu_motor/MCC5-THU Motor/MCC5-THU Motor_speed_circulation/bearing_outer_L_speed_circulation_20Nm_2000rpm_250708095712.csv,250708,250708,250708,179,speed_circulation,2000.0,20.0,0.004892229568213224,0.9911974668502808,0.003910306375473738
8,all_features_254,outer_race_acquisition_date_prediction,xgboost,data/raw/mcc5_thu_motor/MCC5-THU Motor/MCC5-THU Motor_speed_circulation/bearing_outer_L_speed_circulation_40Nm_1000rpm_250708094556.csv,250708,250708,250708,179,speed_circulation,1000.0,40.0,0.011487103067338467,0.9804452061653137,0.008067705668509007
8,all_features_254,outer_race_acquisition_date_prediction,xgboost,data/raw/mcc5_thu_motor/MCC5-THU Motor/MCC5-THU Motor_speed_circulation/bearing_outer_L_speed_circulation_40Nm_3000rpm_250708100602.csv,250708,250708,250708,179,speed_circulation,3000.0,40.0,0.008345344103872776,0.9792470335960388,0.012407686561346054
8,all_features_254,outer_race_acquisition_date_prediction,xgboost,data/raw/mcc5_thu_motor/MCC5-THU Motor/MCC5-THU Motor_torque_circulation/bearing_outer_H_torque_circulation_20Nm_1000rpm_250707103949d.csv,250707,250707,250707,179,torque_circulation,1000.0,20.0,0.9899319410324097,0.009676630608737469,0.0003914714034181088
8,all_features_254,outer_race_acquisition_date_prediction,xgboost,data/raw/mcc5_thu_motor/MCC5-THU Motor/MCC5-THU Motor_torque_circulation/bearing_outer_H_torque_circulation_20Nm_2000rpm_250707103802d.csv,250707,250707,250707,179,torque_circulation,2000.0,20.0,0.9978118538856506,0.001850684406235814,0.00033752695890143514
8,all_features_254,outer_race_acquisition_date_prediction,xgboost,data/raw/mcc5_thu_motor/MCC5-THU Motor/MCC5-THU Motor_torque_circulation/bearing_outer_H_torque_circulation_20Nm_3000rpm_250821175544.csv,250821,250707,250707,179,torque_circulation,3000.0,20.0,0.9782905578613281,0.020463014021515846,0.0012464640894904733
8,all_features_254,outer_race_acquisition_date_prediction,xgboost,data/raw/mcc5_thu_motor/MCC5-THU Motor/MCC5-THU Motor_torque_circulation/bearing_outer_L_torque_circulation_20Nm_1000rpm_250708093600d.csv,250708,250708,250708,179,torque_circulation,1000.0,20.0,0.0010832251282408834,0.9984903335571289,0.00042650976683944464
8,all_features_254,outer_race_acquisition_date_prediction,xgboost,data/raw/mcc5_thu_motor/MCC5-THU Motor/MCC5-THU Motor_torque_circulation/bearing_outer_L_torque_circulation_20Nm_3000rpm_250708094011d.csv,250708,250708,250708,179,torque_circulation,3000.0,20.0,0.00030436486122198403,0.9995846748352051,0.00011093592183897272
8,all_features_254,outer_race_acquisition_date_prediction,xgboost,data/raw/mcc5_thu_motor/MCC5-THU Motor/MCC5-THU Motor_torque_circulation/bearing_outer_L_torque_circulation_40Nm_2000rpm_250708094403d.csv,250708,250708,250708,179,torque_circulation,2000.0,40.0,0.0015504054026678205,0.9978479146957397,0.0006017913692630827
8,all_signals_without_order,outer_race_acquisition_date_prediction,random_forest,data/raw/mcc5_thu_motor/MCC5-THU Motor/MCC5-THU Motor_speed_circulation/bearing_outer_H_speed_circulation_20Nm_2000rpm_250707105253.csv,250707,250707,250707,179,speed_circulation,2000.0,20.0,0.8877932960893856,0.10662011173184358,0.00558659217877095
8,all_signals_without_order,outer_race_acquisition_date_prediction,random_forest,data/raw/mcc5_thu_motor/MCC5-THU Motor/MCC5-THU Motor_speed_circulation/bearing_outer_H_speed_circulation_20Nm_3000rpm_250707105700.csv,250707,250707,250707,179,speed_circulation,3000.0,20.0,0.8168994413407823,0.15865921787709497,0.024441340782122904
8,all_signals_without_order,outer_race_acquisition_date_prediction,random_forest,data/raw/mcc5_thu_motor/MCC5-THU Motor/MCC5-THU Motor_speed_circulation/bearing_outer_H_speed_circulation_40Nm_3000rpm_250707105959.csv,250707,250707,250707,179,speed_circulation,3000.0,40.0,0.8577653631284916,0.10326815642458101,0.038966480446927375
8,all_signals_without_order,outer_race_acquisition_date_prediction,random_forest,data/raw/mcc5_thu_motor/MCC5-THU Motor/MCC5-THU Motor_speed_circulation/bearing_outer_L_speed_circulation_20Nm_2000rpm_250708095712.csv,250708,250708,250708,179,speed_circulation,2000.0,20.0,0.0329608938547486,0.9625698324022346,0.00446927374301676
8,all_signals_without_order,outer_race_acquisition_date_prediction,random_forest,data/raw/mcc5_thu_motor/MCC5-THU Motor/MCC5-THU Motor_speed_circulation/bearing_outer_L_speed_circulation_40Nm_1000rpm_250708094556.csv,250708,250708,250708,179,speed_circulation,1000.0,40.0,0.0758100558659218,0.9169553072625699,0.007234636871508381
8,all_signals_without_order,outer_race_acquisition_date_prediction,random_forest,data/raw/mcc5_thu_motor/MCC5-THU Motor/MCC5-THU Motor_speed_circulation/bearing_outer_L_speed_circulation_40Nm_3000rpm_250708100602.csv,250708,250708,250708,179,speed_circulation,3000.0,40.0,0.06516759776536313,0.9176256983240223,0.017206703910614525
8,all_signals_without_order,outer_race_acquisition_date_prediction,random_forest,data/raw/mcc5_thu_motor/MCC5-THU Motor/MCC5-THU Motor_torque_circulation/bearing_outer_H_torque_circulation_20Nm_1000rpm_250707103949d.csv,250707,250707,250707,179,torque_circulation,1000.0,20.0,0.9027094972067038,0.09659217877094972,0.0006983240223463687
8,all_signals_without_order,outer_race_acquisition_date_prediction,random_forest,data/raw/mcc5_thu_motor/MCC5-THU Motor/MCC5-THU Motor_torque_circulation/bearing_outer_H_torque_circulation_20Nm_2000rpm_250707103802d.csv,250707,250707,250707,179,torque_circulation,2000.0,20.0,0.8941620111731843,0.1020391061452514,0.003798882681564246
8,all_signals_without_order,outer_race_acquisition_date_prediction,random_forest,data/raw/mcc5_thu_motor/MCC5-THU Motor/MCC5-THU Motor_torque_circulation/bearing_outer_H_torque_circulation_20Nm_3000rpm_250821175544.csv,250821,250707,250707,179,torque_circulation,3000.0,20.0,0.6251675977653631,0.263072625698324,0.11175977653631286
8,all_signals_without_order,outer_race_acquisition_date_prediction,random_forest,data/raw/mcc5_thu_motor/MCC5-THU Motor/MCC5-THU Motor_torque_circulation/bearing_outer_L_torque_circulation_20Nm_1000rpm_250708093600d.csv,250708,250708,250708,179,torque_circulation,1000.0,20.0,0.03136871508379888,0.9668994413407821,0.0017318435754189946
8,all_signals_without_order,outer_race_acquisition_date_prediction,random_forest,data/raw/mcc5_thu_motor/MCC5-THU Motor/MCC5-THU Motor_torque_circulation/bearing_outer_L_torque_circulation_20Nm_3000rpm_250708094011d.csv,250708,250708,250708,179,torque_circulation,3000.0,20.0,0.0026256983240223464,0.9970111731843574,0.00036312849162011175
8,all_signals_without_order,outer_race_acquisition_date_prediction,random_forest,data/raw/mcc5_thu_motor/MCC5-THU Motor/MCC5-THU Motor_torque_circulation/bearing_outer_L_torque_circulation_40Nm_2000rpm_250708094403d.csv,250708,250708,250708,179,torque_circulation,2000.0,40.0,0.049413407821229056,0.9505027932960893,8.379888268156425e-05
8,all_signals_without_order,outer_race_acquisition_date_prediction,xgboost,data/raw/mcc5_thu_motor/MCC5-THU Motor/MCC5-THU Motor_speed_circulation/bearing_outer_H_speed_circulation_20Nm_2000rpm_250707105253.csv,250707,250707,250707,179,speed_circulation,2000.0,20.0,0.9825639128684998,0.01700567826628685,0.00043037280556745827
8,all_signals_without_order,outer_race_acquisition_date_prediction,xgboost,data/raw/mcc5_thu_motor/MCC5-THU Motor/MCC5-THU Motor_speed_circulation/bearing_outer_H_speed_circulation_20Nm_3000rpm_250707105700.csv,250707,250707,250707,179,speed_circulation,3000.0,20.0,0.9646140933036804,0.027530699968338013,0.007855236530303955
8,all_signals_without_order,outer_race_acquisition_date_prediction,xgboost,data/raw/mcc5_thu_motor/MCC5-THU Motor/MCC5-THU Motor_speed_circulation/bearing_outer_H_speed_circulation_40Nm_3000rpm_250707105959.csv,250707,250707,250707,179,speed_circulation,3000.0,40.0,0.9766215682029724,0.020709553733468056,0.002668869448825717
8,all_signals_without_order,outer_race_acquisition_date_prediction,xgboost,data/raw/mcc5_thu_motor/MCC5-THU Motor/MCC5-THU Motor_speed_circulation/bearing_outer_L_speed_circulation_20Nm_2000rpm_250708095712.csv,250708,250708,250708,179,speed_circulation,2000.0,20.0,0.00526831392198801,0.99080890417099,0.0039228289388120174
8,all_signals_without_order,outer_race_acquisition_date_prediction,xgboost,data/raw/mcc5_thu_motor/MCC5-THU Motor/MCC5-THU Motor_speed_circulation/bearing_outer_L_speed_circulation_40Nm_1000rpm_250708094556.csv,250708,250708,250708,179,speed_circulation,1000.0,40.0,0.009680160321295261,0.9794524908065796,0.010867377743124962
8,all_signals_without_order,outer_race_acquisition_date_prediction,xgboost,data/raw/mcc5_thu_motor/MCC5-THU Motor/MCC5-THU Motor_speed_circulation/bearing_outer_L_speed_circulation_40Nm_3000rpm_250708100602.csv,250708,250708,250708,179,speed_circulation,3000.0,40.0,0.009097523987293243,0.9815428256988525,0.009359664283692837
8,all_signals_without_order,outer_race_acquisition_date_prediction,xgboost,data/raw/mcc5_thu_motor/MCC5-THU Motor/MCC5-THU Motor_torque_circulation/bearing_outer_H_torque_circulation_20Nm_1000rpm_250707103949d.csv,250707,250707,250707,179,torque_circulation,1000.0,20.0,0.9907028675079346,0.008797768503427505,0.0004993508919142187
8,all_signals_without_order,outer_race_acquisition_date_prediction,xgboost,data/raw/mcc5_thu_motor/MCC5-THU Motor/MCC5-THU Motor_torque_circulation/bearing_outer_H_torque_circulation_20Nm_2000rpm_250707103802d.csv,250707,250707,250707,179,torque_circulation,2000.0,20.0,0.9980436563491821,0.0016530315624549985,0.00030339317163452506
8,all_signals_without_order,outer_race_acquisition_date_prediction,xgboost,data/raw/mcc5_thu_motor/MCC5-THU Motor/MCC5-THU Motor_torque_circulation/bearing_outer_H_torque_circulation_20Nm_3000rpm_250821175544.csv,250821,250707,250707,179,torque_circulation,3000.0,20.0,0.9800230264663696,0.018676036968827248,0.0013010065304115415
8,all_signals_without_order,outer_race_acquisition_date_prediction,xgboost,data/raw/mcc5_thu_motor/MCC5-THU Motor/MCC5-THU Motor_torque_circulation/bearing_outer_L_torque_circulation_20Nm_1000rpm_250708093600d.csv,250708,250708,250708,179,torque_circulation,1000.0,20.0,0.0009764224523678422,0.9986070394515991,0.00041649400372989476
8,all_signals_without_order,outer_race_acquisition_date_prediction,xgboost,data/raw/mcc5_thu_motor/MCC5-THU Motor/MCC5-THU Motor_torque_circulation/bearing_outer_L_torque_circulation_20Nm_3000rpm_250708094011d.csv,250708,250708,250708,179,torque_circulation,3000.0,20.0,0.0003373800136614591,0.9995275139808655,0.00013512502482626587
8,all_signals_without_order,outer_race_acquisition_date_prediction,xgboost,data/raw/mcc5_thu_motor/MCC5-THU Motor/MCC5-THU Motor_torque_circulation/bearing_outer_L_torque_circulation_40Nm_2000rpm_250708094403d.csv,250708,250708,250708,179,torque_circulation,2000.0,40.0,0.0014230615925043821,0.997860848903656,0.0007160932873375714
8,vibration_current_no_order,outer_race_acquisition_date_prediction,random_forest,data/raw/mcc5_thu_motor/MCC5-THU Motor/MCC5-THU Motor_speed_circulation/bearing_outer_H_speed_circulation_20Nm_2000rpm_250707105253.csv,250707,250707,250707,179,speed_circulation,2000.0,20.0,0.8845251396648044,0.06709497206703911,0.048379888268156424
8,vibration_current_no_order,outer_race_acquisition_date_prediction,random_forest,data/raw/mcc5_thu_motor/MCC5-THU Motor/MCC5-THU Motor_speed_circulation/bearing_outer_H_speed_circulation_20Nm_3000rpm_250707105700.csv,250707,250707,250707,179,speed_circulation,3000.0,20.0,0.646340782122905,0.29217877094972067,0.06148044692737432
8,vibration_current_no_order,outer_race_acquisition_date_prediction,random_forest,data/raw/mcc5_thu_motor/MCC5-THU Motor/MCC5-THU Motor_speed_circulation/bearing_outer_H_speed_circulation_40Nm_3000rpm_250707105959.csv,250707,250707,250707,179,speed_circulation,3000.0,40.0,0.7307541899441341,0.16444134078212289,0.10480446927374303
8,vibration_current_no_order,outer_race_acquisition_date_prediction,random_forest,data/raw/mcc5_thu_motor/MCC5-THU Motor/MCC5-THU Motor_speed_circulation/bearing_outer_L_speed_circulation_20Nm_2000rpm_250708095712.csv,250708,250708,250708,179,speed_circulation,2000.0,20.0,0.026340782122905027,0.9344692737430167,0.03918994413407822
8,vibration_current_no_order,outer_race_acquisition_date_prediction,random_forest,data/raw/mcc5_thu_motor/MCC5-THU Motor/MCC5-THU Motor_speed_circulation/bearing_outer_L_speed_circulation_40Nm_1000rpm_250708094556.csv,250708,250708,250708,179,speed_circulation,1000.0,40.0,0.05634078212290503,0.9271508379888267,0.016508379888268157
8,vibration_current_no_order,outer_race_acquisition_date_prediction,random_forest,data/raw/mcc5_thu_motor/MCC5-THU Motor/MCC5-THU Motor_speed_circulation/bearing_outer_L_speed_circulation_40Nm_3000rpm_250708100602.csv,250708,250708,250708,179,speed_circulation,3000.0,40.0,0.03449720670391061,0.8765921787709495,0.08891061452513967
8,vibration_current_no_order,outer_race_acquisition_date_prediction,random_forest,data/raw/mcc5_thu_motor/MCC5-THU Motor/MCC5-THU Motor_torque_circulation/bearing_outer_H_torque_circulation_20Nm_1000rpm_250707103949d.csv,250707,250707,250707,179,torque_circulation,1000.0,20.0,0.9568156424581005,0.03787709497206704,0.005307262569832402
8,vibration_current_no_order,outer_race_acquisition_date_prediction,random_forest,data/raw/mcc5_thu_motor/MCC5-THU Motor/MCC5-THU Motor_torque_circulation/bearing_outer_H_torque_circulation_20Nm_2000rpm_250707103802d.csv,250707,250707,250707,179,torque_circulation,2000.0,20.0,0.9591061452513964,0.026564245810055866,0.014329608938547489
8,vibration_current_no_order,outer_race_acquisition_date_prediction,random_forest,data/raw/mcc5_thu_motor/MCC5-THU Motor/MCC5-THU Motor_torque_circulation/bearing_outer_H_torque_circulation_20Nm_3000rpm_250821175544.csv,250821,250707,250707,179,torque_circulation,3000.0,20.0,0.46262569832402234,0.2088826815642458,0.32849162011173183
8,vibration_current_no_order,outer_race_acquisition_date_prediction,random_forest,data/raw/mcc5_thu_motor/MCC5-THU Motor/MCC5-THU Motor_torque_circulation/bearing_outer_L_torque_circulation_20Nm_1000rpm_250708093600d.csv,250708,250708,250708,179,torque_circulation,1000.0,20.0,0.036620111731843576,0.9491899441340784,0.014189944134078213
8,vibration_current_no_order,outer_race_acquisition_date_prediction,random_forest,data/raw/mcc5_thu_motor/MCC5-THU Motor/MCC5-THU Motor_torque_circulation/bearing_outer_L_torque_circulation_20Nm_3000rpm_250708094011d.csv,250708,250708,250708,179,torque_circulation,3000.0,20.0,0.006871508379888268,0.9812569832402235,0.011871508379888268
8,vibration_current_no_order,outer_race_acquisition_date_prediction,random_forest,data/raw/mcc5_thu_motor/MCC5-THU Motor/MCC5-THU Motor_torque_circulation/bearing_outer_L_torque_circulation_40Nm_2000rpm_250708094403d.csv,250708,250708,250708,179,torque_circulation,2000.0,40.0,0.022318435754189944,0.9738826815642457,0.003798882681564246
8,vibration_current_no_order,outer_race_acquisition_date_prediction,xgboost,data/raw/mcc5_thu_motor/MCC5-THU Motor/MCC5-THU Motor_speed_circulation/bearing_outer_H_speed_circulation_20Nm_2000rpm_250707105253.csv,250707,250707,250707,179,speed_circulation,2000.0,20.0,0.9839242100715637,0.015782976523041725,0.00029287030338309705
8,vibration_current_no_order,outer_race_acquisition_date_prediction,xgboost,data/raw/mcc5_thu_motor/MCC5-THU Motor/MCC5-THU Motor_speed_circulation/bearing_outer_H_speed_circulation_20Nm_3000rpm_250707105700.csv,250707,250707,250707,179,speed_circulation,3000.0,20.0,0.9342185854911804,0.0637018084526062,0.002079556230455637
8,vibration_current_no_order,outer_race_acquisition_date_prediction,xgboost,data/raw/mcc5_thu_motor/MCC5-THU Motor/MCC5-THU Motor_speed_circulation/bearing_outer_H_speed_circulation_40Nm_3000rpm_250707105959.csv,250707,250707,250707,179,speed_circulation,3000.0,40.0,0.9445387125015259,0.05200888589024544,0.0034524179063737392
8,vibration_current_no_order,outer_race_acquisition_date_prediction,xgboost,data/raw/mcc5_thu_motor/MCC5-THU Motor/MCC5-THU Motor_speed_circulation/bearing_outer_L_speed_circulation_20Nm_2000rpm_250708095712.csv,250708,250708,250708,179,speed_circulation,2000.0,20.0,0.0007725519244559109,0.992337703704834,0.00688977213576436
8,vibration_current_no_order,outer_race_acquisition_date_prediction,xgboost,data/raw/mcc5_thu_motor/MCC5-THU Motor/MCC5-THU Motor_speed_circulation/bearing_outer_L_speed_circulation_40Nm_1000rpm_250708094556.csv,250708,250708,250708,179,speed_circulation,1000.0,40.0,0.003943587187677622,0.9938802123069763,0.002176283160224557
8,vibration_current_no_order,outer_race_acquisition_date_prediction,xgboost,data/raw/mcc5_thu_motor/MCC5-THU Motor/MCC5-THU Motor_speed_circulation/bearing_outer_L_speed_circulation_40Nm_3000rpm_250708100602.csv,250708,250708,250708,179,speed_circulation,3000.0,40.0,0.0036103189922869205,0.9944219589233398,0.0019677155651152134
8,vibration_current_no_order,outer_race_acquisition_date_prediction,xgboost,data/raw/mcc5_thu_motor/MCC5-THU Motor/MCC5-THU Motor_torque_circulation/bearing_outer_H_torque_circulation_20Nm_1000rpm_250707103949d.csv,250707,250707,250707,179,torque_circulation,1000.0,20.0,0.994998037815094,0.0038728774525225163,0.0011290780967101455
8,vibration_current_no_order,outer_race_acquisition_date_prediction,xgboost,data/raw/mcc5_thu_motor/MCC5-THU Motor/MCC5-THU Motor_torque_circulation/bearing_outer_H_torque_circulation_20Nm_2000rpm_250707103802d.csv,250707,250707,250707,179,torque_circulation,2000.0,20.0,0.9979333281517029,0.0017181995790451765,0.0003484990738797933
8,vibration_current_no_order,outer_race_acquisition_date_prediction,xgboost,data/raw/mcc5_thu_motor/MCC5-THU Motor/MCC5-THU Motor_torque_circulation/bearing_outer_H_torque_circulation_20Nm_3000rpm_250821175544.csv,250821,250707,250707,179,torque_circulation,3000.0,20.0,0.9640869498252869,0.02764247916638851,0.008270498365163803
8,vibration_current_no_order,outer_race_acquisition_date_prediction,xgboost,data/raw/mcc5_thu_motor/MCC5-THU Motor/MCC5-THU Motor_torque_circulation/bearing_outer_L_torque_circulation_20Nm_1000rpm_250708093600d.csv,250708,250708,250708,179,torque_circulation,1000.0,20.0,0.00107360421679914,0.9975486993789673,0.0013777629937976599
8,vibration_current_no_order,outer_race_acquisition_date_prediction,xgboost,data/raw/mcc5_thu_motor/MCC5-THU Motor/MCC5-THU Motor_torque_circulation/bearing_outer_L_torque_circulation_20Nm_3000rpm_250708094011d.csv,250708,250708,250708,179,torque_circulation,3000.0,20.0,0.0005069568869657815,0.9990820288658142,0.0004110191366635263
8,vibration_current_no_order,outer_race_acquisition_date_prediction,xgboost,data/raw/mcc5_thu_motor/MCC5-THU Motor/MCC5-THU Motor_torque_circulation/bearing_outer_L_torque_circulation_40Nm_2000rpm_250708094403d.csv,250708,250708,250708,179,torque_circulation,2000.0,40.0,0.00043761785491369665,0.9992902278900146,0.00027209744439460337
9,all_features_254,outer_race_acquisition_date_prediction,random_forest,data/raw/mcc5_thu_motor/MCC5-THU Motor/MCC5-THU Motor_speed_circulation/bearing_outer_H_speed_circulation_20Nm_2000rpm_250707105253.csv,250707,250707,250707,179,speed_circulation,2000.0,20.0,0.7726256983240224,0.18463687150837987,0.04273743016759777
9,all_features_254,outer_race_acquisition_date_prediction,random_forest,data/raw/mcc5_thu_motor/MCC5-THU Motor/MCC5-THU Motor_speed_circulation/bearing_outer_H_speed_circulation_40Nm_2000rpm_250707105500.csv,250707,250707,250707,179,speed_circulation,2000.0,40.0,0.6177374301675977,0.2829329608938547,0.09932960893854749
9,all_features_254,outer_race_acquisition_date_prediction,random_forest,data/raw/mcc5_thu_motor/MCC5-THU Motor/MCC5-THU Motor_speed_circulation/bearing_outer_H_speed_circulation_40Nm_3000rpm_250707105959.csv,250707,250707,250707,179,speed_circulation,3000.0,40.0,0.556731843575419,0.3082402234636871,0.13502793296089385
9,all_features_254,outer_race_acquisition_date_prediction,random_forest,data/raw/mcc5_thu_motor/MCC5-THU Motor/MCC5-THU Motor_speed_circulation/bearing_outer_L_speed_circulation_20Nm_1000rpm_250708094556.csv,250708,250708,250708,179,speed_circulation,1000.0,20.0,0.3728770949720669,0.6129608938547486,0.014162011173184358
9,all_features_254,outer_race_acquisition_date_prediction,random_forest,data/raw/mcc5_thu_motor/MCC5-THU Motor/MCC5-THU Motor_speed_circulation/bearing_outer_L_speed_circulation_20Nm_2000rpm_250708095712.csv,250708,250708,250708,179,speed_circulation,2000.0,20.0,0.10013966480446926,0.8804469273743019,0.019413407821229054
9,all_features_254,outer_race_acquisition_date_prediction,random_forest,data/raw/mcc5_thu_motor/MCC5-THU Motor/MCC5-THU Motor_speed_circulation/bearing_outer_L_speed_circulation_40Nm_1000rpm_250708094556.csv,250708,250708,250708,179,speed_circulation,1000.0,40.0,0.35675977653631286,0.6212290502793296,0.022011173184357538
9,all_features_254,outer_race_acquisition_date_prediction,random_forest,data/raw/mcc5_thu_motor/MCC5-THU Motor/MCC5-THU Motor_speed_circulation/bearing_outer_L_speed_circulation_40Nm_2000rpm_250708100011.csv,250708,250708,250708,179,speed_circulation,2000.0,40.0,0.10027932960893852,0.8688826815642459,0.03083798882681564
9,all_features_254,outer_race_acquisition_date_prediction,random_forest,data/raw/mcc5_thu_motor/MCC5-THU Motor/MCC5-THU Motor_speed_circulation/bearing_outer_L_speed_circulation_40Nm_3000rpm_250708100602.csv,250708,250708,250708,179,speed_circulation,3000.0,40.0,0.056843575418994416,0.9145251396648044,0.02863128491620112
9,all_features_254,outer_race_acquisition_date_prediction,random_forest,data/raw/mcc5_thu_motor/MCC5-THU Motor/MCC5-THU Motor_torque_circulation/bearing_outer_H_torque_circulation_20Nm_1000rpm_250707103949d.csv,250707,250707,250707,179,torque_circulation,1000.0,20.0,0.9703351955307262,0.028296089385474857,0.0013687150837988827
9,all_features_254,outer_race_acquisition_date_prediction,random_forest,data/raw/mcc5_thu_motor/MCC5-THU Motor/MCC5-THU Motor_torque_circulation/bearing_outer_H_torque_circulation_20Nm_3000rpm_250821175544.csv,250821,250707,250707,179,torque_circulation,3000.0,20.0,0.37706703910614525,0.3639664804469274,0.25896648044692744
9,all_features_254,outer_race_acquisition_date_prediction,random_forest,data/raw/mcc5_thu_motor/MCC5-THU Motor/MCC5-THU Motor_torque_circulation/bearing_outer_H_torque_circulation_40Nm_2000rpm_250707104408d.csv,250707,250707,250707,179,torque_circulation,2000.0,40.0,0.6255027932960894,0.27695530726256984,0.09754189944134078
9,all_features_254,outer_race_acquisition_date_prediction,random_forest,data/raw/mcc5_thu_motor/MCC5-THU Motor/MCC5-THU Motor_torque_circulation/bearing_outer_H_torque_circulation_40Nm_3000rpm_250707104611d.csv,250707,250707,250707,179,torque_circulation,3000.0,40.0,0.5975977653631285,0.25885474860335195,0.14354748603351955
9,all_features_254,outer_race_acquisition_date_prediction,random_forest,data/raw/mcc5_thu_motor/MCC5-THU Motor/MCC5-THU Motor_torque_circulation/bearing_outer_L_torque_circulation_40Nm_3000rpm_250708094556d.csv,250708,250708,250708,179,torque_circulation,3000.0,40.0,0.0185195530726257,0.9795530726256981,0.0019273743016759777
9,all_features_254,outer_race_acquisition_date_prediction,xgboost,data/raw/mcc5_thu_motor/MCC5-THU Motor/MCC5-THU Motor_speed_circulation/bearing_outer_H_speed_circulation_20Nm_2000rpm_250707105253.csv,250707,250707,250707,179,speed_circulation,2000.0,20.0,0.9819046258926392,0.015285012312233448,0.002810428151860833
9,all_features_254,outer_race_acquisition_date_prediction,xgboost,data/raw/mcc5_thu_motor/MCC5-THU Motor/MCC5-THU Motor_speed_circulation/bearing_outer_H_speed_circulation_40Nm_2000rpm_250707105500.csv,250707,250707,250707,179,speed_circulation,2000.0,40.0,0.9699457883834839,0.029401762410998344,0.0006523801130242646
9,all_features_254,outer_race_acquisition_date_prediction,xgboost,data/raw/mcc5_thu_motor/MCC5-THU Motor/MCC5-THU Motor_speed_circulation/bearing_outer_H_speed_circulation_40Nm_3000rpm_250707105959.csv,250707,250707,250707,179,speed_circulation,3000.0,40.0,0.8884764909744263,0.08418471366167068,0.027338821440935135
9,all_features_254,outer_race_acquisition_date_prediction,xgboost,data/raw/mcc5_thu_motor/MCC5-THU Motor/MCC5-THU Motor_speed_circulation/bearing_outer_L_speed_circulation_20Nm_1000rpm_250708094556.csv,250708,250708,250708,179,speed_circulation,1000.0,20.0,0.3535316288471222,0.6448559761047363,0.0016124051762744784
9,all_features_254,outer_race_acquisition_date_prediction,xgboost,data/raw/mcc5_thu_motor/MCC5-THU Motor/MCC5-THU Motor_speed_circulation/bearing_outer_L_speed_circulation_20Nm_2000rpm_250708095712.csv,250708,250708,250708,179,speed_circulation,2000.0,20.0,0.0438249409198761,0.952031135559082,0.004143935162574053
9,all_features_254,outer_race_acquisition_date_prediction,xgboost,data/raw/mcc5_thu_motor/MCC5-THU Motor/MCC5-THU Motor_speed_circulation/bearing_outer_L_speed_circulation_40Nm_1000rpm_250708094556.csv,250708,250708,250708,179,speed_circulation,1000.0,40.0,0.35531947016716003,0.6372421383857727,0.007438446395099163
9,all_features_254,outer_race_acquisition_date_prediction,xgboost,data/raw/mcc5_thu_motor/MCC5-THU Motor/MCC5-THU Motor_speed_circulation/bearing_outer_L_speed_circulation_40Nm_2000rpm_250708100011.csv,250708,250708,250708,179,speed_circulation,2000.0,40.0,0.05415685847401619,0.9433817267417908,0.0024614164140075445
9,all_features_254,outer_race_acquisition_date_prediction,xgboost,data/raw/mcc5_thu_motor/MCC5-THU Motor/MCC5-THU Motor_speed_circulation/bearing_outer_L_speed_circulation_40Nm_3000rpm_250708100602.csv,250708,250708,250708,179,speed_circulation,3000.0,40.0,0.02049448899924755,0.968930721282959,0.010574822314083576
9,all_features_254,outer_race_acquisition_date_prediction,xgboost,data/raw/mcc5_thu_motor/MCC5-THU Motor/MCC5-THU Motor_torque_circulation/bearing_outer_H_torque_circulation_20Nm_1000rpm_250707103949d.csv,250707,250707,250707,179,torque_circulation,1000.0,20.0,0.9901382327079773,0.008708305656909943,0.0011535004014149308
9,all_features_254,outer_race_acquisition_date_prediction,xgboost,data/raw/mcc5_thu_motor/MCC5-THU Motor/MCC5-THU Motor_torque_circulation/bearing_outer_H_torque_circulation_20Nm_3000rpm_250821175544.csv,250821,250708,250708,179,torque_circulation,3000.0,20.0,0.3782748281955719,0.596060574054718,0.025664595887064934
9,all_features_254,outer_race_acquisition_date_prediction,xgboost,data/raw/mcc5_thu_motor/MCC5-THU Motor/MCC5-THU Motor_torque_circulation/bearing_outer_H_torque_circulation_40Nm_2000rpm_250707104408d.csv,250707,250707,250707,179,torque_circulation,2000.0,40.0,0.9429192543029785,0.056565061211586,0.0005157096893526614
9,all_features_254,outer_race_acquisition_date_prediction,xgboost,data/raw/mcc5_thu_motor/MCC5-THU Motor/MCC5-THU Motor_torque_circulation/bearing_outer_H_torque_circulation_40Nm_3000rpm_250707104611d.csv,250707,250707,250707,179,torque_circulation,3000.0,40.0,0.9793601632118225,0.019793622195720673,0.0008462694240733981
9,all_features_254,outer_race_acquisition_date_prediction,xgboost,data/raw/mcc5_thu_motor/MCC5-THU Motor/MCC5-THU Motor_torque_circulation/bearing_outer_L_torque_circulation_40Nm_3000rpm_250708094556d.csv,250708,250708,250708,179,torque_circulation,3000.0,40.0,0.006978386547416449,0.9927095174789429,0.00031211995519697666
9,all_signals_without_order,outer_race_acquisition_date_prediction,random_forest,data/raw/mcc5_thu_motor/MCC5-THU Motor/MCC5-THU Motor_speed_circulation/bearing_outer_H_speed_circulation_20Nm_2000rpm_250707105253.csv,250707,250707,250707,179,speed_circulation,2000.0,20.0,0.8353351955307263,0.13675977653631285,0.0279050279329609
9,all_signals_without_order,outer_race_acquisition_date_prediction,random_forest,data/raw/mcc5_thu_motor/MCC5-THU Motor/MCC5-THU Motor_speed_circulation/bearing_outer_H_speed_circulation_40Nm_2000rpm_250707105500.csv,250707,250707,250707,179,speed_circulation,2000.0,40.0,0.6814804469273742,0.23167597765363127,0.08684357541899443
9,all_signals_without_order,outer_race_acquisition_date_prediction,random_forest,data/raw/mcc5_thu_motor/MCC5-THU Motor/MCC5-THU Motor_speed_circulation/bearing_outer_H_speed_circulation_40Nm_3000rpm_250707105959.csv,250707,250707,250707,179,speed_circulation,3000.0,40.0,0.5563966480446927,0.32561452513966477,0.11798882681564245
9,all_signals_without_order,outer_race_acquisition_date_prediction,random_forest,data/raw/mcc5_thu_motor/MCC5-THU Motor/MCC5-THU Motor_speed_circulation/bearing_outer_L_speed_circulation_20Nm_1000rpm_250708094556.csv,250708,250708,250708,179,speed_circulation,1000.0,20.0,0.28357541899441346,0.6977653631284917,0.018659217877094972
9,all_signals_without_order,outer_race_acquisition_date_prediction,random_forest,data/raw/mcc5_thu_motor/MCC5-THU Motor/MCC5-THU Motor_speed_circulation/bearing_outer_L_speed_circulation_20Nm_2000rpm_250708095712.csv,250708,250708,250708,179,speed_circulation,2000.0,20.0,0.07480446927374303,0.912346368715084,0.012849162011173183
9,all_signals_without_order,outer_race_acquisition_date_prediction,random_forest,data/raw/mcc5_thu_motor/MCC5-THU Motor/MCC5-THU Motor_speed_circulation/bearing_outer_L_speed_circulation_40Nm_1000rpm_250708094556.csv,250708,250708,250708,179,speed_circulation,1000.0,40.0,0.28089385474860334,0.6937988826815642,0.025307262569832404
9,all_signals_without_order,outer_race_acquisition_date_prediction,random_forest,data/raw/mcc5_thu_motor/MCC5-THU Motor/MCC5-THU Motor_speed_circulation/bearing_outer_L_speed_circulation_40Nm_2000rpm_250708100011.csv,250708,250708,250708,179,speed_circulation,2000.0,40.0,0.07483240223463687,0.9097765363128489,0.015391061452513967
9,all_signals_without_order,outer_race_acquisition_date_prediction,random_forest,data/raw/mcc5_thu_motor/MCC5-THU Motor/MCC5-THU Motor_speed_circulation/bearing_outer_L_speed_circulation_40Nm_3000rpm_250708100602.csv,250708,250708,250708,179,speed_circulation,3000.0,40.0,0.039748603351955306,0.9454748603351955,0.014776536312849161
9,all_signals_without_order,outer_race_acquisition_date_prediction,random_forest,data/raw/mcc5_thu_motor/MCC5-THU Motor/MCC5-THU Motor_torque_circulation/bearing_outer_H_torque_circulation_20Nm_1000rpm_250707103949d.csv,250707,250707,250707,179,torque_circulation,1000.0,20.0,0.9791899441340781,0.020335195530726255,0.00047486033519553075
9,all_signals_without_order,outer_race_acquisition_date_prediction,random_forest,data/raw/mcc5_thu_motor/MCC5-THU Motor/MCC5-THU Motor_torque_circulation/bearing_outer_H_torque_circulation_20Nm_3000rpm_250821175544.csv,250821,250708,250708,179,torque_circulation,3000.0,20.0,0.3793016759776535,0.4075139664804469,0.2131843575418995
9,all_signals_without_order,outer_race_acquisition_date_prediction,random_forest,data/raw/mcc5_thu_motor/MCC5-THU Motor/MCC5-THU Motor_torque_circulation/bearing_outer_H_torque_circulation_40Nm_2000rpm_250707104408d.csv,250707,250707,250707,179,torque_circulation,2000.0,40.0,0.6490502793296089,0.2377374301675977,0.1132122905027933
9,all_signals_without_order,outer_race_acquisition_date_prediction,random_forest,data/raw/mcc5_thu_motor/MCC5-THU Motor/MCC5-THU Motor_torque_circulation/bearing_outer_H_torque_circulation_40Nm_3000rpm_250707104611d.csv,250707,250707,250707,179,torque_circulation,3000.0,40.0,0.5961173184357542,0.2954189944134078,0.10846368715083798
9,all_signals_without_order,outer_race_acquisition_date_prediction,random_forest,data/raw/mcc5_thu_motor/MCC5-THU Motor/MCC5-THU Motor_torque_circulation/bearing_outer_L_torque_circulation_40Nm_3000rpm_250708094556d.csv,250708,250708,250708,179,torque_circulation,3000.0,40.0,0.018798882681564245,0.9792178770949719,0.001983240223463687
9,all_signals_without_order,outer_race_acquisition_date_prediction,xgboost,data/raw/mcc5_thu_motor/MCC5-THU Motor/MCC5-THU Motor_speed_circulation/bearing_outer_H_speed_circulation_20Nm_2000rpm_250707105253.csv,250707,250707,250707,179,speed_circulation,2000.0,20.0,0.9824212193489075,0.01499101985245943,0.0025878273881971836
9,all_signals_without_order,outer_race_acquisition_date_prediction,xgboost,data/raw/mcc5_thu_motor/MCC5-THU Motor/MCC5-THU Motor_speed_circulation/bearing_outer_H_speed_circulation_40Nm_2000rpm_250707105500.csv,250707,250707,250707,179,speed_circulation,2000.0,40.0,0.9657064080238342,0.0338207446038723,0.0004727765917778015
9,all_signals_without_order,outer_race_acquisition_date_prediction,xgboost,data/raw/mcc5_thu_motor/MCC5-THU Motor/MCC5-THU Motor_speed_circulation/bearing_outer_H_speed_circulation_40Nm_3000rpm_250707105959.csv,250707,250707,250707,179,speed_circulation,3000.0,40.0,0.9497019052505493,0.046084631234407425,0.004213461186736822
9,all_signals_without_order,outer_race_acquisition_date_prediction,xgboost,data/raw/mcc5_thu_motor/MCC5-THU Motor/MCC5-THU Motor_speed_circulation/bearing_outer_L_speed_circulation_20Nm_1000rpm_250708094556.csv,250708,250708,250708,179,speed_circulation,1000.0,20.0,0.1996925175189972,0.7974122166633606,0.002895348472520709
9,all_signals_without_order,outer_race_acquisition_date_prediction,xgboost,data/raw/mcc5_thu_motor/MCC5-THU Motor/MCC5-THU Motor_speed_circulation/bearing_outer_L_speed_circulation_20Nm_2000rpm_250708095712.csv,250708,250708,250708,179,speed_circulation,2000.0,20.0,0.02737680822610855,0.9629381895065308,0.009685005061328411
9,all_signals_without_order,outer_race_acquisition_date_prediction,xgboost,data/raw/mcc5_thu_motor/MCC5-THU Motor/MCC5-THU Motor_speed_circulation/bearing_outer_L_speed_circulation_40Nm_1000rpm_250708094556.csv,250708,250708,250708,179,speed_circulation,1000.0,40.0,0.2045581042766571,0.7793521285057068,0.016089769080281258
9,all_signals_without_order,outer_race_acquisition_date_prediction,xgboost,data/raw/mcc5_thu_motor/MCC5-THU Motor/MCC5-THU Motor_speed_circulation/bearing_outer_L_speed_circulation_40Nm_2000rpm_250708100011.csv,250708,250708,250708,179,speed_circulation,2000.0,40.0,0.04048977047204971,0.9567356109619141,0.0027745941188186407
9,all_signals_without_order,outer_race_acquisition_date_prediction,xgboost,data/raw/mcc5_thu_motor/MCC5-THU Motor/MCC5-THU Motor_speed_circulation/bearing_outer_L_speed_circulation_40Nm_3000rpm_250708100602.csv,250708,250708,250708,179,speed_circulation,3000.0,40.0,0.02075916714966297,0.9686183929443359,0.010622495785355568
9,all_signals_without_order,outer_race_acquisition_date_prediction,xgboost,data/raw/mcc5_thu_motor/MCC5-THU Motor/MCC5-THU Motor_torque_circulation/bearing_outer_H_torque_circulation_20Nm_1000rpm_250707103949d.csv,250707,250707,250707,179,torque_circulation,1000.0,20.0,0.9905195832252502,0.008513281121850014,0.0009671840234659612
9,all_signals_without_order,outer_race_acquisition_date_prediction,xgboost,data/raw/mcc5_thu_motor/MCC5-THU Motor/MCC5-THU Motor_torque_circulation/bearing_outer_H_torque_circulation_20Nm_3000rpm_250821175544.csv,250821,250707,250707,179,torque_circulation,3000.0,20.0,0.5158960223197937,0.4642910659313202,0.019812917336821556
9,all_signals_without_order,outer_race_acquisition_date_prediction,xgboost,data/raw/mcc5_thu_motor/MCC5-THU Motor/MCC5-THU Motor_torque_circulation/bearing_outer_H_torque_circulation_40Nm_2000rpm_250707104408d.csv,250707,250707,250707,179,torque_circulation,2000.0,40.0,0.9342451691627502,0.06523270905017853,0.0005221142782829702
9,all_signals_without_order,outer_race_acquisition_date_prediction,xgboost,data/raw/mcc5_thu_motor/MCC5-THU Motor/MCC5-THU Motor_torque_circulation/bearing_outer_H_torque_circulation_40Nm_3000rpm_250707104611d.csv,250707,250707,250707,179,torque_circulation,3000.0,40.0,0.9822496175765991,0.017113272100687027,0.0006371182389557362
9,all_signals_without_order,outer_race_acquisition_date_prediction,xgboost,data/raw/mcc5_thu_motor/MCC5-THU Motor/MCC5-THU Motor_torque_circulation/bearing_outer_L_torque_circulation_40Nm_3000rpm_250708094556d.csv,250708,250708,250708,179,torque_circulation,3000.0,40.0,0.007448167074471712,0.9922418594360352,0.00030989889637567103
9,vibration_current_no_order,outer_race_acquisition_date_prediction,random_forest,data/raw/mcc5_thu_motor/MCC5-THU Motor/MCC5-THU Motor_speed_circulation/bearing_outer_H_speed_circulation_20Nm_2000rpm_250707105253.csv,250707,250707,250707,179,speed_circulation,2000.0,20.0,0.7417597765363128,0.1328491620111732,0.12539106145251397
9,vibration_current_no_order,outer_race_acquisition_date_prediction,random_forest,data/raw/mcc5_thu_motor/MCC5-THU Motor/MCC5-THU Motor_speed_circulation/bearing_outer_H_speed_circulation_40Nm_2000rpm_250707105500.csv,250707,250707,250707,179,speed_circulation,2000.0,40.0,0.521340782122905,0.19648044692737432,0.2821787709497207
9,vibration_current_no_order,outer_race_acquisition_date_prediction,random_forest,data/raw/mcc5_thu_motor/MCC5-THU Motor/MCC5-THU Motor_speed_circulation/bearing_outer_H_speed_circulation_40Nm_3000rpm_250707105959.csv,250707,250707,250708,179,speed_circulation,3000.0,40.0,0.4127094972067039,0.3679329608938548,0.21935754189944134
9,vibration_current_no_order,outer_race_acquisition_date_prediction,random_forest,data/raw/mcc5_thu_motor/MCC5-THU Motor/MCC5-THU Motor_speed_circulation/bearing_outer_L_speed_circulation_20Nm_1000rpm_250708094556.csv,250708,250708,250708,179,speed_circulation,1000.0,20.0,0.24846368715083797,0.6606983240223463,0.09083798882681565
9,vibration_current_no_order,outer_race_acquisition_date_prediction,random_forest,data/raw/mcc5_thu_motor/MCC5-THU Motor/MCC5-THU Motor_speed_circulation/bearing_outer_L_speed_circulation_20Nm_2000rpm_250708095712.csv,250708,250708,250708,179,speed_circulation,2000.0,20.0,0.07388268156424581,0.7915642458100558,0.13455307262569832
9,vibration_current_no_order,outer_race_acquisition_date_prediction,random_forest,data/raw/mcc5_thu_motor/MCC5-THU Motor/MCC5-THU Motor_speed_circulation/bearing_outer_L_speed_circulation_40Nm_1000rpm_250708094556.csv,250708,250708,250708,179,speed_circulation,1000.0,40.0,0.26648044692737427,0.6264245810055865,0.10709497206703912
9,vibration_current_no_order,outer_race_acquisition_date_prediction,random_forest,data/raw/mcc5_thu_motor/MCC5-THU Motor/MCC5-THU Motor_speed_circulation/bearing_outer_L_speed_circulation_40Nm_2000rpm_250708100011.csv,250708,250708,250708,179,speed_circulation,2000.0,40.0,0.06729050279329608,0.7346089385474861,0.19810055865921788
9,vibration_current_no_order,outer_race_acquisition_date_prediction,random_forest,data/raw/mcc5_thu_motor/MCC5-THU Motor/MCC5-THU Motor_speed_circulation/bearing_outer_L_speed_circulation_40Nm_3000rpm_250708100602.csv,250708,250708,250708,179,speed_circulation,3000.0,40.0,0.03396648044692738,0.8177932960893854,0.14824022346368715
9,vibration_current_no_order,outer_race_acquisition_date_prediction,random_forest,data/raw/mcc5_thu_motor/MCC5-THU Motor/MCC5-THU Motor_torque_circulation/bearing_outer_H_torque_circulation_20Nm_1000rpm_250707103949d.csv,250707,250707,250707,179,torque_circulation,1000.0,20.0,0.9894134078212291,0.009916201117318437,0.000670391061452514
9,vibration_current_no_order,outer_race_acquisition_date_prediction,random_forest,data/raw/mcc5_thu_motor/MCC5-THU Motor/MCC5-THU Motor_torque_circulation/bearing_outer_H_torque_circulation_20Nm_3000rpm_250821175544.csv,250821,250821,250708,179,torque_circulation,3000.0,20.0,0.22156424581005585,0.3889944134078212,0.38944134078212295
9,vibration_current_no_order,outer_race_acquisition_date_prediction,random_forest,data/raw/mcc5_thu_motor/MCC5-THU Motor/MCC5-THU Motor_torque_circulation/bearing_outer_H_torque_circulation_40Nm_2000rpm_250707104408d.csv,250707,250707,250707,179,torque_circulation,2000.0,40.0,0.5095530726256984,0.19463687150837986,0.2958100558659218
9,vibration_current_no_order,outer_race_acquisition_date_prediction,random_forest,data/raw/mcc5_thu_motor/MCC5-THU Motor/MCC5-THU Motor_torque_circulation/bearing_outer_H_torque_circulation_40Nm_3000rpm_250707104611d.csv,250707,250707,250708,179,torque_circulation,3000.0,40.0,0.4441340782122905,0.3659217877094972,0.18994413407821228
9,vibration_current_no_order,outer_race_acquisition_date_prediction,random_forest,data/raw/mcc5_thu_motor/MCC5-THU Motor/MCC5-THU Motor_torque_circulation/bearing_outer_L_torque_circulation_40Nm_3000rpm_250708094556d.csv,250708,250708,250708,179,torque_circulation,3000.0,40.0,0.021843575418994413,0.9478212290502793,0.030335195530726257
9,vibration_current_no_order,outer_race_acquisition_date_prediction,xgboost,data/raw/mcc5_thu_motor/MCC5-THU Motor/MCC5-THU Motor_speed_circulation/bearing_outer_H_speed_circulation_20Nm_2000rpm_250707105253.csv,250707,250707,250707,179,speed_circulation,2000.0,20.0,0.9804845452308655,0.015621976926922798,0.0038934999611228704
9,vibration_current_no_order,outer_race_acquisition_date_prediction,xgboost,data/raw/mcc5_thu_motor/MCC5-THU Motor/MCC5-THU Motor_speed_circulation/bearing_outer_H_speed_circulation_40Nm_2000rpm_250707105500.csv,250707,250707,250707,179,speed_circulation,2000.0,40.0,0.9950747489929199,0.0033469104673713446,0.0015782940899953246
9,vibration_current_no_order,outer_race_acquisition_date_prediction,xgboost,data/raw/mcc5_thu_motor/MCC5-THU Motor/MCC5-THU Motor_speed_circulation/bearing_outer_H_speed_circulation_40Nm_3000rpm_250707105959.csv,250707,250707,250707,179,speed_circulation,3000.0,40.0,0.868439257144928,0.12343039363622665,0.008130432106554508
9,vibration_current_no_order,outer_race_acquisition_date_prediction,xgboost,data/raw/mcc5_thu_motor/MCC5-THU Motor/MCC5-THU Motor_speed_circulation/bearing_outer_L_speed_circulation_20Nm_1000rpm_250708094556.csv,250708,250708,250708,179,speed_circulation,1000.0,20.0,0.14370380342006683,0.8535829782485962,0.0027132388204336166
9,vibration_current_no_order,outer_race_acquisition_date_prediction,xgboost,data/raw/mcc5_thu_motor/MCC5-THU Motor/MCC5-THU Motor_speed_circulation/bearing_outer_L_speed_circulation_20Nm_2000rpm_250708095712.csv,250708,250708,250708,179,speed_circulation,2000.0,20.0,0.017716078087687492,0.9637082815170288,0.018575651571154594
9,vibration_current_no_order,outer_race_acquisition_date_prediction,xgboost,data/raw/mcc5_thu_motor/MCC5-THU Motor/MCC5-THU Motor_speed_circulation/bearing_outer_L_speed_circulation_40Nm_1000rpm_250708094556.csv,250708,250708,250708,179,speed_circulation,1000.0,40.0,0.1396348774433136,0.8492269515991211,0.01113815326243639
9,vibration_current_no_order,outer_race_acquisition_date_prediction,xgboost,data/raw/mcc5_thu_motor/MCC5-THU Motor/MCC5-THU Motor_speed_circulation/bearing_outer_L_speed_circulation_40Nm_2000rpm_250708100011.csv,250708,250708,250708,179,speed_circulation,2000.0,40.0,0.025512441992759705,0.9611830115318298,0.013304587453603745
9,vibration_current_no_order,outer_race_acquisition_date_prediction,xgboost,data/raw/mcc5_thu_motor/MCC5-THU Motor/MCC5-THU Motor_speed_circulation/bearing_outer_L_speed_circulation_40Nm_3000rpm_250708100602.csv,250708,250708,250708,179,speed_circulation,3000.0,40.0,0.010265614837408066,0.9874141216278076,0.0023203263990581036
9,vibration_current_no_order,outer_race_acquisition_date_prediction,xgboost,data/raw/mcc5_thu_motor/MCC5-THU Motor/MCC5-THU Motor_torque_circulation/bearing_outer_H_torque_circulation_20Nm_1000rpm_250707103949d.csv,250707,250707,250707,179,torque_circulation,1000.0,20.0,0.98707515001297,0.007058380171656609,0.005866507533937693
9,vibration_current_no_order,outer_race_acquisition_date_prediction,xgboost,data/raw/mcc5_thu_motor/MCC5-THU Motor/MCC5-THU Motor_torque_circulation/bearing_outer_H_torque_circulation_20Nm_3000rpm_250821175544.csv,250821,250708,250708,179,torque_circulation,3000.0,20.0,0.1948205530643463,0.625357449054718,0.17982201278209686
9,vibration_current_no_order,outer_race_acquisition_date_prediction,xgboost,data/raw/mcc5_thu_motor/MCC5-THU Motor/MCC5-THU Motor_torque_circulation/bearing_outer_H_torque_circulation_40Nm_2000rpm_250707104408d.csv,250707,250707,250707,179,torque_circulation,2000.0,40.0,0.9956938624382019,0.003373059444129467,0.0009331125183962286
9,vibration_current_no_order,outer_race_acquisition_date_prediction,xgboost,data/raw/mcc5_thu_motor/MCC5-THU Motor/MCC5-THU Motor_torque_circulation/bearing_outer_H_torque_circulation_40Nm_3000rpm_250707104611d.csv,250707,250707,250707,179,torque_circulation,3000.0,40.0,0.9351590275764465,0.05257178097963333,0.012269268743693829
9,vibration_current_no_order,outer_race_acquisition_date_prediction,xgboost,data/raw/mcc5_thu_motor/MCC5-THU Motor/MCC5-THU Motor_torque_circulation/bearing_outer_L_torque_circulation_40Nm_3000rpm_250708094556d.csv,250708,250708,250708,179,torque_circulation,3000.0,40.0,0.004001491703093052,0.9951325058937073,0.0008659782470203936
10,all_features_254,outer_race_acquisition_date_prediction,random_forest,data/raw/mcc5_thu_motor/MCC5-THU Motor/MCC5-THU Motor_speed_circulation/bearing_outer_H_speed_circulation_20Nm_1000rpm_250707104821.csv,250707,250707,250707,179,speed_circulation,1000.0,20.0,0.5443016759776537,0.4556983240223464,0.0
10,all_features_254,outer_race_acquisition_date_prediction,random_forest,data/raw/mcc5_thu_motor/MCC5-THU Motor/MCC5-THU Motor_speed_circulation/bearing_outer_H_speed_circulation_20Nm_3000rpm_250707105700.csv,250707,250707,250707,179,speed_circulation,3000.0,20.0,0.8960055865921788,0.10337988826815644,0.0006145251396648046
10,all_features_254,outer_race_acquisition_date_prediction,random_forest,data/raw/mcc5_thu_motor/MCC5-THU Motor/MCC5-THU Motor_speed_circulation/bearing_outer_H_speed_circulation_20Nm_3000rpm_250821110519.csv,250821,250707,250707,179,speed_circulation,3000.0,20.0,0.6373184357541899,0.3156145251396648,0.04706703910614526
10,all_features_254,outer_race_acquisition_date_prediction,random_forest,data/raw/mcc5_thu_motor/MCC5-THU Motor/MCC5-THU Motor_speed_circulation/bearing_outer_H_speed_circulation_40Nm_1000rpm_250707105055.csv,250707,250707,250707,179,speed_circulation,1000.0,40.0,0.6100279329608939,0.3899720670391062,0.0
10,all_features_254,outer_race_acquisition_date_prediction,random_forest,data/raw/mcc5_thu_motor/MCC5-THU Motor/MCC5-THU Motor_speed_circulation/bearing_outer_L_speed_circulation_20Nm_3000rpm_250708100411.csv,250708,250708,250708,179,speed_circulation,3000.0,20.0,0.04877094972067039,0.9511173184357542,0.000111731843575419
10,all_features_254,outer_race_acquisition_date_prediction,random_forest,data/raw/mcc5_thu_motor/MCC5-THU Motor/MCC5-THU Motor_torque_circulation/bearing_outer_H_torque_circulation_20Nm_2000rpm_250707103802d.csv,250707,250707,250707,179,torque_circulation,2000.0,20.0,0.9864525139664806,0.013547486033519553,0.0
10,all_features_254,outer_race_acquisition_date_prediction,random_forest,data/raw/mcc5_thu_motor/MCC5-THU Motor/MCC5-THU Motor_torque_circulation/bearing_outer_H_torque_circulation_40Nm_1000rpm_250707104154d.csv,250707,250707,250707,179,torque_circulation,1000.0,40.0,0.6493854748603353,0.35061452513966473,0.0
10,all_features_254,outer_race_acquisition_date_prediction,random_forest,data/raw/mcc5_thu_motor/MCC5-THU Motor/MCC5-THU Motor_torque_circulation/bearing_outer_L_torque_circulation_20Nm_1000rpm_250708093600d.csv,250708,250708,250708,179,torque_circulation,1000.0,20.0,0.11840782122905028,0.8815921787709498,0.0
10,all_features_254,outer_race_acquisition_date_prediction,random_forest,data/raw/mcc5_thu_motor/MCC5-THU Motor/MCC5-THU Motor_torque_circulation/bearing_outer_L_torque_circulation_20Nm_2000rpm_250708093806d.csv,250708,250708,250708,179,torque_circulation,2000.0,20.0,0.03743016759776536,0.9625418994413407,2.793296089385475e-05
10,all_features_254,outer_race_acquisition_date_prediction,random_forest,data/raw/mcc5_thu_motor/MCC5-THU Motor/MCC5-THU Motor_torque_circulation/bearing_outer_L_torque_circulation_20Nm_3000rpm_250708094011d.csv,250708,250708,250708,179,torque_circulation,3000.0,20.0,0.018966480446927374,0.980558659217877,0.00047486033519553075
10,all_features_254,outer_race_acquisition_date_prediction,random_forest,data/raw/mcc5_thu_motor/MCC5-THU Motor/MCC5-THU Motor_torque_circulation/bearing_outer_L_torque_circulation_40Nm_1000rpm_250708094205d.csv,250708,250708,250708,179,torque_circulation,1000.0,40.0,0.18011173184357543,0.8198882681564246,0.0
10,all_features_254,outer_race_acquisition_date_prediction,random_forest,data/raw/mcc5_thu_motor/MCC5-THU Motor/MCC5-THU Motor_torque_circulation/bearing_outer_L_torque_circulation_40Nm_2000rpm_250708094403d.csv,250708,250708,250708,179,torque_circulation,2000.0,40.0,0.164804469273743,0.835195530726257,0.0
10,all_features_254,outer_race_acquisition_date_prediction,xgboost,data/raw/mcc5_thu_motor/MCC5-THU Motor/MCC5-THU Motor_speed_circulation/bearing_outer_H_speed_circulation_20Nm_1000rpm_250707104821.csv,250707,250707,250707,179,speed_circulation,1000.0,20.0,0.6577253937721252,0.3417263925075531,0.0005482264677993953
10,all_features_254,outer_race_acquisition_date_prediction,xgboost,data/raw/mcc5_thu_motor/MCC5-THU Motor/MCC5-THU Motor_speed_circulation/bearing_outer_H_speed_circulation_20Nm_3000rpm_250707105700.csv,250707,250707,250707,179,speed_circulation,3000.0,20.0,0.9967104196548462,0.0028379487339407206,0.00045160879381000996
10,all_features_254,outer_race_acquisition_date_prediction,xgboost,data/raw/mcc5_thu_motor/MCC5-THU Motor/MCC5-THU Motor_speed_circulation/bearing_outer_H_speed_circulation_20Nm_3000rpm_250821110519.csv,250821,250708,250708,179,speed_circulation,3000.0,20.0,0.26291054487228394,0.7321463823318481,0.004943066276609898
10,all_features_254,outer_race_acquisition_date_prediction,xgboost,data/raw/mcc5_thu_motor/MCC5-THU Motor/MCC5-THU Motor_speed_circulation/bearing_outer_H_speed_circulation_40Nm_1000rpm_250707105055.csv,250707,250707,250707,179,speed_circulation,1000.0,40.0,0.8383240699768066,0.16106361150741577,0.0006122414488345385
10,all_features_254,outer_race_acquisition_date_prediction,xgboost,data/raw/mcc5_thu_motor/MCC5-THU Motor/MCC5-THU Motor_speed_circulation/bearing_outer_L_speed_circulation_20Nm_3000rpm_250708100411.csv,250708,250708,250708,179,speed_circulation,3000.0,20.0,0.005597972776740789,0.9941881895065308,0.0002138532290700823
10,all_features_254,outer_race_acquisition_date_prediction,xgboost,data/raw/mcc5_thu_motor/MCC5-THU Motor/MCC5-THU Motor_torque_circulation/bearing_outer_H_torque_circulation_20Nm_2000rpm_250707103802d.csv,250707,250707,250707,179,torque_circulation,2000.0,20.0,0.9995315670967102,0.0003262328973505646,0.00014215784904081374
10,all_features_254,outer_race_acquisition_date_prediction,xgboost,data/raw/mcc5_thu_motor/MCC5-THU Motor/MCC5-THU Motor_torque_circulation/bearing_outer_H_torque_circulation_40Nm_1000rpm_250707104154d.csv,250707,250708,250708,179,torque_circulation,1000.0,40.0,0.4478035271167755,0.5515673756599426,0.0006290706805884838
10,all_features_254,outer_race_acquisition_date_prediction,xgboost,data/raw/mcc5_thu_motor/MCC5-THU Motor/MCC5-THU Motor_torque_circulation/bearing_outer_L_torque_circulation_20Nm_1000rpm_250708093600d.csv,250708,250708,250708,179,torque_circulation,1000.0,20.0,0.035523466765880585,0.9621607661247253,0.0023157524410635233
10,all_features_254,outer_race_acquisition_date_prediction,xgboost,data/raw/mcc5_thu_motor/MCC5-THU Motor/MCC5-THU Motor_torque_circulation/bearing_outer_L_torque_circulation_20Nm_2000rpm_250708093806d.csv,250708,250708,250708,179,torque_circulation,2000.0,20.0,0.003464797046035528,0.9962703585624695,0.00026477582287043333
10,all_features_254,outer_race_acquisition_date_prediction,xgboost,data/raw/mcc5_thu_motor/MCC5-THU Motor/MCC5-THU Motor_torque_circulation/bearing_outer_L_torque_circulation_20Nm_3000rpm_250708094011d.csv,250708,250708,250708,179,torque_circulation,3000.0,20.0,0.0018003946170210838,0.9979449510574341,0.00025468270177952945
10,all_features_254,outer_race_acquisition_date_prediction,xgboost,data/raw/mcc5_thu_motor/MCC5-THU Motor/MCC5-THU Motor_torque_circulation/bearing_outer_L_torque_circulation_40Nm_1000rpm_250708094205d.csv,250708,250708,250708,179,torque_circulation,1000.0,40.0,0.033220406621694565,0.9654878377914429,0.0012917356798425317
10,all_features_254,outer_race_acquisition_date_prediction,xgboost,data/raw/mcc5_thu_motor/MCC5-THU Motor/MCC5-THU Motor_torque_circulation/bearing_outer_L_torque_circulation_40Nm_2000rpm_250708094403d.csv,250708,250708,250708,179,torque_circulation,2000.0,40.0,0.00845873262733221,0.9910856485366821,0.00045569008216261864
10,all_signals_without_order,outer_race_acquisition_date_prediction,random_forest,data/raw/mcc5_thu_motor/MCC5-THU Motor/MCC5-THU Motor_speed_circulation/bearing_outer_H_speed_circulation_20Nm_1000rpm_250707104821.csv,250707,250707,250707,179,speed_circulation,1000.0,20.0,0.7497486033519554,0.25019553072625705,5.58659217877095e-05
10,all_signals_without_order,outer_race_acquisition_date_prediction,random_forest,data/raw/mcc5_thu_motor/MCC5-THU Motor/MCC5-THU Motor_speed_circulation/bearing_outer_H_speed_circulation_20Nm_3000rpm_250707105700.csv,250707,250707,250707,179,speed_circulation,3000.0,20.0,0.9240782122905029,0.07460893854748604,0.0013128491620111732
10,all_signals_without_order,outer_race_acquisition_date_prediction,random_forest,data/raw/mcc5_thu_motor/MCC5-THU Motor/MCC5-THU Motor_speed_circulation/bearing_outer_H_speed_circulation_20Nm_3000rpm_250821110519.csv,250821,250707,250707,179,speed_circulation,3000.0,20.0,0.6322346368715083,0.32631284916201114,0.04145251396648045
10,all_signals_without_order,outer_race_acquisition_date_prediction,random_forest,data/raw/mcc5_thu_motor/MCC5-THU Motor/MCC5-THU Motor_speed_circulation/bearing_outer_H_speed_circulation_40Nm_1000rpm_250707105055.csv,250707,250707,250707,179,speed_circulation,1000.0,40.0,0.8502234636871508,0.1497486033519553,2.793296089385475e-05
10,all_signals_without_order,outer_race_acquisition_date_prediction,random_forest,data/raw/mcc5_thu_motor/MCC5-THU Motor/MCC5-THU Motor_speed_circulation/bearing_outer_L_speed_circulation_20Nm_3000rpm_250708100411.csv,250708,250708,250708,179,speed_circulation,3000.0,20.0,0.039916201117318445,0.9600558659217877,2.793296089385475e-05
10,all_signals_without_order,outer_race_acquisition_date_prediction,random_forest,data/raw/mcc5_thu_motor/MCC5-THU Motor/MCC5-THU Motor_torque_circulation/bearing_outer_H_torque_circulation_20Nm_2000rpm_250707103802d.csv,250707,250707,250707,179,torque_circulation,2000.0,20.0,0.9878491620111731,0.012150837988826815,0.0
10,all_signals_without_order,outer_race_acquisition_date_prediction,random_forest,data/raw/mcc5_thu_motor/MCC5-THU Motor/MCC5-THU Motor_torque_circulation/bearing_outer_H_torque_circulation_40Nm_1000rpm_250707104154d.csv,250707,250707,250707,179,torque_circulation,1000.0,40.0,0.8025139664804469,0.19748603351955307,0.0
10,all_signals_without_order,outer_race_acquisition_date_prediction,random_forest,data/raw/mcc5_thu_motor/MCC5-THU Motor/MCC5-THU Motor_torque_circulation/bearing_outer_L_torque_circulation_20Nm_1000rpm_250708093600d.csv,250708,250708,250708,179,torque_circulation,1000.0,20.0,0.11983240223463688,0.880167597765363,0.0
10,all_signals_without_order,outer_race_acquisition_date_prediction,random_forest,data/raw/mcc5_thu_motor/MCC5-THU Motor/MCC5-THU Motor_torque_circulation/bearing_outer_L_torque_circulation_20Nm_2000rpm_250708093806d.csv,250708,250708,250708,179,torque_circulation,2000.0,20.0,0.039022346368715086,0.9609776536312848,0.0
10,all_signals_without_order,outer_race_acquisition_date_prediction,random_forest,data/raw/mcc5_thu_motor/MCC5-THU Motor/MCC5-THU Motor_torque_circulation/bearing_outer_L_torque_circulation_20Nm_3000rpm_250708094011d.csv,250708,250708,250708,179,torque_circulation,3000.0,20.0,0.029776536312849163,0.970223463687151,0.0
10,all_signals_without_order,outer_race_acquisition_date_prediction,random_forest,data/raw/mcc5_thu_motor/MCC5-THU Motor/MCC5-THU Motor_torque_circulation/bearing_outer_L_torque_circulation_40Nm_1000rpm_250708094205d.csv,250708,250708,250708,179,torque_circulation,1000.0,40.0,0.18949720670391063,0.8105027932960893,0.0
10,all_signals_without_order,outer_race_acquisition_date_prediction,random_forest,data/raw/mcc5_thu_motor/MCC5-THU Motor/MCC5-THU Motor_torque_circulation/bearing_outer_L_torque_circulation_40Nm_2000rpm_250708094403d.csv,250708,250708,250708,179,torque_circulation,2000.0,40.0,0.15681564245810056,0.8431843575418995,0.0
10,all_signals_without_order,outer_race_acquisition_date_prediction,xgboost,data/raw/mcc5_thu_motor/MCC5-THU Motor/MCC5-THU Motor_speed_circulation/bearing_outer_H_speed_circulation_20Nm_1000rpm_250707104821.csv,250707,250707,250707,179,speed_circulation,1000.0,20.0,0.7687342166900635,0.23076331615447998,0.0005025023128837347
10,all_signals_without_order,outer_race_acquisition_date_prediction,xgboost,data/raw/mcc5_thu_motor/MCC5-THU Motor/MCC5-THU Motor_speed_circulation/bearing_outer_H_speed_circulation_20Nm_3000rpm_250707105700.csv,250707,250707,250707,179,speed_circulation,3000.0,20.0,0.9977055788040161,0.0019564644899219275,0.00033799122320488095
10,all_signals_without_order,outer_race_acquisition_date_prediction,xgboost,data/raw/mcc5_thu_motor/MCC5-THU Motor/MCC5-THU Motor_speed_circulation/bearing_outer_H_speed_circulation_20Nm_3000rpm_250821110519.csv,250821,250708,250708,179,speed_circulation,3000.0,20.0,0.2614361345767975,0.7298766374588013,0.008687268011271954
10,all_signals_without_order,outer_race_acquisition_date_prediction,xgboost,data/raw/mcc5_thu_motor/MCC5-THU Motor/MCC5-THU Motor_speed_circulation/bearing_outer_H_speed_circulation_40Nm_1000rpm_250707105055.csv,250707,250707,250707,179,speed_circulation,1000.0,40.0,0.9106518626213074,0.0889766588807106,0.00037139837513677776
10,all_signals_without_order,outer_race_acquisition_date_prediction,xgboost,data/raw/mcc5_thu_motor/MCC5-THU Motor/MCC5-THU Motor_speed_circulation/bearing_outer_L_speed_circulation_20Nm_3000rpm_250708100411.csv,250708,250708,250708,179,speed_circulation,3000.0,20.0,0.0044573890045285225,0.9953441023826599,0.00019856551080010831
10,all_signals_without_order,outer_race_acquisition_date_prediction,xgboost,data/raw/mcc5_thu_motor/MCC5-THU Motor/MCC5-THU Motor_torque_circulation/bearing_outer_H_torque_circulation_20Nm_2000rpm_250707103802d.csv,250707,250707,250707,179,torque_circulation,2000.0,20.0,0.9995611310005188,0.00031057375599630177,0.00012836599489673972
10,all_signals_without_order,outer_race_acquisition_date_prediction,xgboost,data/raw/mcc5_thu_motor/MCC5-THU Motor/MCC5-THU Motor_torque_circulation/bearing_outer_H_torque_circulation_40Nm_1000rpm_250707104154d.csv,250707,250707,250707,179,torque_circulation,1000.0,40.0,0.6563535332679749,0.3431227207183838,0.0005237573641352355
10,all_signals_without_order,outer_race_acquisition_date_prediction,xgboost,data/raw/mcc5_thu_motor/MCC5-THU Motor/MCC5-THU Motor_torque_circulation/bearing_outer_L_torque_circulation_20Nm_1000rpm_250708093600d.csv,250708,250708,250708,179,torque_circulation,1000.0,20.0,0.030072545632719994,0.9685668349266052,0.001360695343464613
10,all_signals_without_order,outer_race_acquisition_date_prediction,xgboost,data/raw/mcc5_thu_motor/MCC5-THU Motor/MCC5-THU Motor_torque_circulation/bearing_outer_L_torque_circulation_20Nm_2000rpm_250708093806d.csv,250708,250708,250708,179,torque_circulation,2000.0,20.0,0.006541838403791189,0.9931550025939941,0.0003031440719496459
10,all_signals_without_order,outer_race_acquisition_date_prediction,xgboost,data/raw/mcc5_thu_motor/MCC5-THU Motor/MCC5-THU Motor_torque_circulation/bearing_outer_L_torque_circulation_20Nm_3000rpm_250708094011d.csv,250708,250708,250708,179,torque_circulation,3000.0,20.0,0.002645849948748946,0.9971210956573486,0.00023307251103688031
10,all_signals_without_order,outer_race_acquisition_date_prediction,xgboost,data/raw/mcc5_thu_motor/MCC5-THU Motor/MCC5-THU Motor_torque_circulation/bearing_outer_L_torque_circulation_40Nm_1000rpm_250708094205d.csv,250708,250708,250708,179,torque_circulation,1000.0,40.0,0.0292351096868515,0.9699062705039978,0.0008585957693867385
10,all_signals_without_order,outer_race_acquisition_date_prediction,xgboost,data/raw/mcc5_thu_motor/MCC5-THU Motor/MCC5-THU Motor_torque_circulation/bearing_outer_L_torque_circulation_40Nm_2000rpm_250708094403d.csv,250708,250708,250708,179,torque_circulation,2000.0,40.0,0.015845974907279015,0.9836673140525818,0.00048672649427317083
10,vibration_current_no_order,outer_race_acquisition_date_prediction,random_forest,data/raw/mcc5_thu_motor/MCC5-THU Motor/MCC5-THU Motor_speed_circulation/bearing_outer_H_speed_circulation_20Nm_1000rpm_250707104821.csv,250707,250707,250707,179,speed_circulation,1000.0,20.0,0.7896648044692737,0.2103351955307263,0.0
10,vibration_current_no_order,outer_race_acquisition_date_prediction,random_forest,data/raw/mcc5_thu_motor/MCC5-THU Motor/MCC5-THU Motor_speed_circulation/bearing_outer_H_speed_circulation_20Nm_3000rpm_250707105700.csv,250707,250707,250707,179,speed_circulation,3000.0,20.0,0.8737150837988826,0.125195530726257,0.0010893854748603353
10,vibration_current_no_order,outer_race_acquisition_date_prediction,random_forest,data/raw/mcc5_thu_motor/MCC5-THU Motor/MCC5-THU Motor_speed_circulation/bearing_outer_H_speed_circulation_20Nm_3000rpm_250821110519.csv,250821,250708,250708,179,speed_circulation,3000.0,20.0,0.28849162011173185,0.6760614525139664,0.035446927374301676
10,vibration_current_no_order,outer_race_acquisition_date_prediction,random_forest,data/raw/mcc5_thu_motor/MCC5-THU Motor/MCC5-THU Motor_speed_circulation/bearing_outer_H_speed_circulation_40Nm_1000rpm_250707105055.csv,250707,250707,250707,179,speed_circulation,1000.0,40.0,0.864217877094972,0.13575418994413407,2.793296089385475e-05
10,vibration_current_no_order,outer_race_acquisition_date_prediction,random_forest,data/raw/mcc5_thu_motor/MCC5-THU Motor/MCC5-THU Motor_speed_circulation/bearing_outer_L_speed_circulation_20Nm_3000rpm_250708100411.csv,250708,250708,250708,179,speed_circulation,3000.0,20.0,0.06628491620111732,0.9336312849162012,8.379888268156425e-05
10,vibration_current_no_order,outer_race_acquisition_date_prediction,random_forest,data/raw/mcc5_thu_motor/MCC5-THU Motor/MCC5-THU Motor_torque_circulation/bearing_outer_H_torque_circulation_20Nm_2000rpm_250707103802d.csv,250707,250707,250707,179,torque_circulation,2000.0,20.0,0.9960335195530726,0.003966480446927374,0.0
10,vibration_current_no_order,outer_race_acquisition_date_prediction,random_forest,data/raw/mcc5_thu_motor/MCC5-THU Motor/MCC5-THU Motor_torque_circulation/bearing_outer_H_torque_circulation_40Nm_1000rpm_250707104154d.csv,250707,250707,250707,179,torque_circulation,1000.0,40.0,0.7880167597765364,0.21198324022346368,0.0
10,vibration_current_no_order,outer_race_acquisition_date_prediction,random_forest,data/raw/mcc5_thu_motor/MCC5-THU Motor/MCC5-THU Motor_torque_circulation/bearing_outer_L_torque_circulation_20Nm_1000rpm_250708093600d.csv,250708,250708,250708,179,torque_circulation,1000.0,20.0,0.14594972067039108,0.854050279329609,0.0
10,vibration_current_no_order,outer_race_acquisition_date_prediction,random_forest,data/raw/mcc5_thu_motor/MCC5-THU Motor/MCC5-THU Motor_torque_circulation/bearing_outer_L_torque_circulation_20Nm_2000rpm_250708093806d.csv,250708,250708,250708,179,torque_circulation,2000.0,20.0,0.024441340782122904,0.9755586592178771,0.0
10,vibration_current_no_order,outer_race_acquisition_date_prediction,random_forest,data/raw/mcc5_thu_motor/MCC5-THU Motor/MCC5-THU Motor_torque_circulation/bearing_outer_L_torque_circulation_20Nm_3000rpm_250708094011d.csv,250708,250708,250708,179,torque_circulation,3000.0,20.0,0.05036312849162011,0.9493016759776534,0.000335195530726257
10,vibration_current_no_order,outer_race_acquisition_date_prediction,random_forest,data/raw/mcc5_thu_motor/MCC5-THU Motor/MCC5-THU Motor_torque_circulation/bearing_outer_L_torque_circulation_40Nm_1000rpm_250708094205d.csv,250708,250708,250708,179,torque_circulation,1000.0,40.0,0.10662011173184358,0.8933798882681565,0.0
10,vibration_current_no_order,outer_race_acquisition_date_prediction,random_forest,data/raw/mcc5_thu_motor/MCC5-THU Motor/MCC5-THU Motor_torque_circulation/bearing_outer_L_torque_circulation_40Nm_2000rpm_250708094403d.csv,250708,250708,250708,179,torque_circulation,2000.0,40.0,0.07678770949720672,0.9232122905027933,0.0
10,vibration_current_no_order,outer_race_acquisition_date_prediction,xgboost,data/raw/mcc5_thu_motor/MCC5-THU Motor/MCC5-THU Motor_speed_circulation/bearing_outer_H_speed_circulation_20Nm_1000rpm_250707104821.csv,250707,250707,250707,179,speed_circulation,1000.0,20.0,0.8202884793281555,0.1791982352733612,0.0005132778896950185
10,vibration_current_no_order,outer_race_acquisition_date_prediction,xgboost,data/raw/mcc5_thu_motor/MCC5-THU Motor/MCC5-THU Motor_speed_circulation/bearing_outer_H_speed_circulation_20Nm_3000rpm_250707105700.csv,250707,250707,250707,179,speed_circulation,3000.0,20.0,0.992255687713623,0.007316332310438156,0.00042796297930181026
10,vibration_current_no_order,outer_race_acquisition_date_prediction,xgboost,data/raw/mcc5_thu_motor/MCC5-THU Motor/MCC5-THU Motor_speed_circulation/bearing_outer_H_speed_circulation_20Nm_3000rpm_250821110519.csv,250821,250708,250708,179,speed_circulation,3000.0,20.0,0.19932134449481964,0.7899863719940186,0.01069224439561367
10,vibration_current_no_order,outer_race_acquisition_date_prediction,xgboost,data/raw/mcc5_thu_motor/MCC5-THU Motor/MCC5-THU Motor_speed_circulation/bearing_outer_H_speed_circulation_40Nm_1000rpm_250707105055.csv,250707,250707,250707,179,speed_circulation,1000.0,40.0,0.9318861365318298,0.06770013272762299,0.00041374689317308366
10,vibration_current_no_order,outer_race_acquisition_date_prediction,xgboost,data/raw/mcc5_thu_motor/MCC5-THU Motor/MCC5-THU Motor_speed_circulation/bearing_outer_L_speed_circulation_20Nm_3000rpm_250708100411.csv,250708,250708,250708,179,speed_circulation,3000.0,20.0,0.009082323871552944,0.9906464219093323,0.0002712144050747156
10,vibration_current_no_order,outer_race_acquisition_date_prediction,xgboost,data/raw/mcc5_thu_motor/MCC5-THU Motor/MCC5-THU Motor_torque_circulation/bearing_outer_H_torque_circulation_20Nm_2000rpm_250707103802d.csv,250707,250707,250707,179,torque_circulation,2000.0,20.0,0.9995414614677429,0.00031140464125201106,0.0001470502611482516
10,vibration_current_no_order,outer_race_acquisition_date_prediction,xgboost,data/raw/mcc5_thu_motor/MCC5-THU Motor/MCC5-THU Motor_torque_circulation/bearing_outer_H_torque_circulation_40Nm_1000rpm_250707104154d.csv,250707,250707,250707,179,torque_circulation,1000.0,40.0,0.6896176338195801,0.3097544312477112,0.0006279136869125068
10,vibration_current_no_order,outer_race_acquisition_date_prediction,xgboost,data/raw/mcc5_thu_motor/MCC5-THU Motor/MCC5-THU Motor_torque_circulation/bearing_outer_L_torque_circulation_20Nm_1000rpm_250708093600d.csv,250708,250708,250708,179,torque_circulation,1000.0,20.0,0.01342601329088211,0.985893189907074,0.0006808348698541522
10,vibration_current_no_order,outer_race_acquisition_date_prediction,xgboost,data/raw/mcc5_thu_motor/MCC5-THU Motor/MCC5-THU Motor_torque_circulation/bearing_outer_L_torque_circulation_20Nm_2000rpm_250708093806d.csv,250708,250708,250708,179,torque_circulation,2000.0,20.0,0.002394523238763213,0.9973964691162109,0.00020899898663628846
10,vibration_current_no_order,outer_race_acquisition_date_prediction,xgboost,data/raw/mcc5_thu_motor/MCC5-THU Motor/MCC5-THU Motor_torque_circulation/bearing_outer_L_torque_circulation_20Nm_3000rpm_250708094011d.csv,250708,250708,250708,179,torque_circulation,3000.0,20.0,0.005715528503060341,0.9938337206840515,0.00045058701653033495
10,vibration_current_no_order,outer_race_acquisition_date_prediction,xgboost,data/raw/mcc5_thu_motor/MCC5-THU Motor/MCC5-THU Motor_torque_circulation/bearing_outer_L_torque_circulation_40Nm_1000rpm_250708094205d.csv,250708,250708,250708,179,torque_circulation,1000.0,40.0,0.012611995451152325,0.9870020747184753,0.000385976250981912
10,vibration_current_no_order,outer_race_acquisition_date_prediction,xgboost,data/raw/mcc5_thu_motor/MCC5-THU Motor/MCC5-THU Motor_torque_circulation/bearing_outer_L_torque_circulation_40Nm_2000rpm_250708094403d.csv,250708,250708,250708,179,torque_circulation,2000.0,40.0,0.0025498804170638323,0.9972918033599854,0.0001583730336278677
