split_name,feature_set,model,source_file,label_group,acquisition_date,condition_type,rpm_nominal,load_nm,prediction
source_file,date_only,decision_tree,data/raw/mcc5_thu_motor/MCC5-THU Motor/MCC5-THU Motor_speed_circulation/bearing_ball_H_speed_circulation_20Nm_3000rpm_250707144104.csv,bearing_ball,250707,speed_circulation,3000.0,20.0,bearing_ball
source_file,date_only,decision_tree,data/raw/mcc5_thu_motor/MCC5-THU Motor/MCC5-THU Motor_speed_circulation/bearing_ball_L_speed_circulation_40Nm_2000rpm_250707160240.csv,bearing_ball,250707,speed_circulation,2000.0,40.0,bearing_ball
source_file,date_only,decision_tree,data/raw/mcc5_thu_motor/MCC5-THU Motor/MCC5-THU Motor_speed_circulation/bearing_inner_H_speed_circulation_20Nm_1000rpm_250704090137.csv,bearing_inner,250704,speed_circulation,1000.0,20.0,bearing_inner
source_file,date_only,decision_tree,data/raw/mcc5_thu_motor/MCC5-THU Motor/MCC5-THU Motor_speed_circulation/bearing_outer_H_speed_circulation_40Nm_3000rpm_250707105959.csv,bearing_outer,250707,speed_circulation,3000.0,40.0,bearing_ball
source_file,date_only,decision_tree,data/raw/mcc5_thu_motor/MCC5-THU Motor/MCC5-THU Motor_speed_circulation/health_speed_circulation_40Nm_3000rpm_250702162804.csv,healthy,250702,speed_circulation,3000.0,40.0,healthy
source_file,date_only,decision_tree,data/raw/mcc5_thu_motor/MCC5-THU Motor/MCC5-THU Motor_torque_circulation/bearing_ball_H_torque_circulation_20Nm_1000rpm_250707135802d.csv,bearing_ball,250707,torque_circulation,1000.0,20.0,bearing_ball
source_file,date_only,decision_tree,data/raw/mcc5_thu_motor/MCC5-THU Motor/MCC5-THU Motor_torque_circulation/bearing_inner_H_torque_circulation_20Nm_1000rpm_250704084736d.csv,bearing_inner,250704,torque_circulation,1000.0,20.0,bearing_inner
source_file,date_only,decision_tree,data/raw/mcc5_thu_motor/MCC5-THU Motor/MCC5-THU Motor_torque_circulation/bearing_inner_H_torque_circulation_20Nm_2000rpm_250704084956d.csv,bearing_inner,250704,torque_circulation,2000.0,20.0,bearing_inner
source_file,date_only,decision_tree,data/raw/mcc5_thu_motor/MCC5-THU Motor/MCC5-THU Motor_torque_circulation/bearing_inner_L_torque_circulation_20Nm_3000rpm_250707112823d.csv,bearing_inner,250707,torque_circulation,3000.0,20.0,bearing_ball
source_file,date_only,decision_tree,data/raw/mcc5_thu_motor/MCC5-THU Motor/MCC5-THU Motor_torque_circulation/bearing_outer_H_torque_circulation_20Nm_1000rpm_250707103949d.csv,bearing_outer,250707,torque_circulation,1000.0,20.0,bearing_ball
source_file,date_only,decision_tree,data/raw/mcc5_thu_motor/MCC5-THU Motor/MCC5-THU Motor_torque_circulation/bearing_outer_L_torque_circulation_40Nm_1000rpm_250708094205d.csv,bearing_outer,250708,torque_circulation,1000.0,40.0,bearing_outer
source_file,date_only,decision_tree,data/raw/mcc5_thu_motor/MCC5-THU Motor/MCC5-THU Motor_torque_circulation/health_torque_circulation_40Nm_3000rpm_250702160849d.csv,healthy,250702,torque_circulation,3000.0,40.0,healthy
source_file,date_only,logistic_regression,data/raw/mcc5_thu_motor/MCC5-THU Motor/MCC5-THU Motor_speed_circulation/bearing_ball_H_speed_circulation_20Nm_3000rpm_250707144104.csv,bearing_ball,250707,speed_circulation,3000.0,20.0,bearing_ball
source_file,date_only,logistic_regression,data/raw/mcc5_thu_motor/MCC5-THU Motor/MCC5-THU Motor_speed_circulation/bearing_ball_L_speed_circulation_40Nm_2000rpm_250707160240.csv,bearing_ball,250707,speed_circulation,2000.0,40.0,bearing_ball
source_file,date_only,logistic_regression,data/raw/mcc5_thu_motor/MCC5-THU Motor/MCC5-THU Motor_speed_circulation/bearing_inner_H_speed_circulation_20Nm_1000rpm_250704090137.csv,bearing_inner,250704,speed_circulation,1000.0,20.0,bearing_inner
source_file,date_only,logistic_regression,data/raw/mcc5_thu_motor/MCC5-THU Motor/MCC5-THU Motor_speed_circulation/bearing_outer_H_speed_circulation_40Nm_3000rpm_250707105959.csv,bearing_outer,250707,speed_circulation,3000.0,40.0,bearing_ball
source_file,date_only,logistic_regression,data/raw/mcc5_thu_motor/MCC5-THU Motor/MCC5-THU Motor_speed_circulation/health_speed_circulation_40Nm_3000rpm_250702162804.csv,healthy,250702,speed_circulation,3000.0,40.0,healthy
source_file,date_only,logistic_regression,data/raw/mcc5_thu_motor/MCC5-THU Motor/MCC5-THU Motor_torque_circulation/bearing_ball_H_torque_circulation_20Nm_1000rpm_250707135802d.csv,bearing_ball,250707,torque_circulation,1000.0,20.0,bearing_ball
source_file,date_only,logistic_regression,data/raw/mcc5_thu_motor/MCC5-THU Motor/MCC5-THU Motor_torque_circulation/bearing_inner_H_torque_circulation_20Nm_1000rpm_250704084736d.csv,bearing_inner,250704,torque_circulation,1000.0,20.0,bearing_inner
source_file,date_only,logistic_regression,data/raw/mcc5_thu_motor/MCC5-THU Motor/MCC5-THU Motor_torque_circulation/bearing_inner_H_torque_circulation_20Nm_2000rpm_250704084956d.csv,bearing_inner,250704,torque_circulation,2000.0,20.0,bearing_inner
source_file,date_only,logistic_regression,data/raw/mcc5_thu_motor/MCC5-THU Motor/MCC5-THU Motor_torque_circulation/bearing_inner_L_torque_circulation_20Nm_3000rpm_250707112823d.csv,bearing_inner,250707,torque_circulation,3000.0,20.0,bearing_ball
source_file,date_only,logistic_regression,data/raw/mcc5_thu_motor/MCC5-THU Motor/MCC5-THU Motor_torque_circulation/bearing_outer_H_torque_circulation_20Nm_1000rpm_250707103949d.csv,bearing_outer,250707,torque_circulation,1000.0,20.0,bearing_ball
source_file,date_only,logistic_regression,data/raw/mcc5_thu_motor/MCC5-THU Motor/MCC5-THU Motor_torque_circulation/bearing_outer_L_torque_circulation_40Nm_1000rpm_250708094205d.csv,bearing_outer,250708,torque_circulation,1000.0,40.0,bearing_outer
source_file,date_only,logistic_regression,data/raw/mcc5_thu_motor/MCC5-THU Motor/MCC5-THU Motor_torque_circulation/health_torque_circulation_40Nm_3000rpm_250702160849d.csv,healthy,250702,torque_circulation,3000.0,40.0,healthy
source_file,date_only,dummy_most_frequent,data/raw/mcc5_thu_motor/MCC5-THU Motor/MCC5-THU Motor_speed_circulation/bearing_ball_H_speed_circulation_20Nm_3000rpm_250707144104.csv,bearing_ball,250707,speed_circulation,3000.0,20.0,bearing_outer
source_file,date_only,dummy_most_frequent,data/raw/mcc5_thu_motor/MCC5-THU Motor/MCC5-THU Motor_speed_circulation/bearing_ball_L_speed_circulation_40Nm_2000rpm_250707160240.csv,bearing_ball,250707,speed_circulation,2000.0,40.0,bearing_outer
source_file,date_only,dummy_most_frequent,data/raw/mcc5_thu_motor/MCC5-THU Motor/MCC5-THU Motor_speed_circulation/bearing_inner_H_speed_circulation_20Nm_1000rpm_250704090137.csv,bearing_inner,250704,speed_circulation,1000.0,20.0,bearing_outer
source_file,date_only,dummy_most_frequent,data/raw/mcc5_thu_motor/MCC5-THU Motor/MCC5-THU Motor_speed_circulation/bearing_outer_H_speed_circulation_40Nm_3000rpm_250707105959.csv,bearing_outer,250707,speed_circulation,3000.0,40.0,bearing_outer
source_file,date_only,dummy_most_frequent,data/raw/mcc5_thu_motor/MCC5-THU Motor/MCC5-THU Motor_speed_circulation/health_speed_circulation_40Nm_3000rpm_250702162804.csv,healthy,250702,speed_circulation,3000.0,40.0,bearing_outer
source_file,date_only,dummy_most_frequent,data/raw/mcc5_thu_motor/MCC5-THU Motor/MCC5-THU Motor_torque_circulation/bearing_ball_H_torque_circulation_20Nm_1000rpm_250707135802d.csv,bearing_ball,250707,torque_circulation,1000.0,20.0,bearing_outer
source_file,date_only,dummy_most_frequent,data/raw/mcc5_thu_motor/MCC5-THU Motor/MCC5-THU Motor_torque_circulation/bearing_inner_H_torque_circulation_20Nm_1000rpm_250704084736d.csv,bearing_inner,250704,torque_circulation,1000.0,20.0,bearing_outer
source_file,date_only,dummy_most_frequent,data/raw/mcc5_thu_motor/MCC5-THU Motor/MCC5-THU Motor_torque_circulation/bearing_inner_H_torque_circulation_20Nm_2000rpm_250704084956d.csv,bearing_inner,250704,torque_circulation,2000.0,20.0,bearing_outer
source_file,date_only,dummy_most_frequent,data/raw/mcc5_thu_motor/MCC5-THU Motor/MCC5-THU Motor_torque_circulation/bearing_inner_L_torque_circulation_20Nm_3000rpm_250707112823d.csv,bearing_inner,250707,torque_circulation,3000.0,20.0,bearing_outer
source_file,date_only,dummy_most_frequent,data/raw/mcc5_thu_motor/MCC5-THU Motor/MCC5-THU Motor_torque_circulation/bearing_outer_H_torque_circulation_20Nm_1000rpm_250707103949d.csv,bearing_outer,250707,torque_circulation,1000.0,20.0,bearing_outer
source_file,date_only,dummy_most_frequent,data/raw/mcc5_thu_motor/MCC5-THU Motor/MCC5-THU Motor_torque_circulation/bearing_outer_L_torque_circulation_40Nm_1000rpm_250708094205d.csv,bearing_outer,250708,torque_circulation,1000.0,40.0,bearing_outer
source_file,date_only,dummy_most_frequent,data/raw/mcc5_thu_motor/MCC5-THU Motor/MCC5-THU Motor_torque_circulation/health_torque_circulation_40Nm_3000rpm_250702160849d.csv,healthy,250702,torque_circulation,3000.0,40.0,bearing_outer
source_file,operating_context_only,decision_tree,data/raw/mcc5_thu_motor/MCC5-THU Motor/MCC5-THU Motor_speed_circulation/bearing_ball_H_speed_circulation_20Nm_3000rpm_250707144104.csv,bearing_ball,250707,speed_circulation,3000.0,20.0,bearing_outer
source_file,operating_context_only,decision_tree,data/raw/mcc5_thu_motor/MCC5-THU Motor/MCC5-THU Motor_speed_circulation/bearing_ball_L_speed_circulation_40Nm_2000rpm_250707160240.csv,bearing_ball,250707,speed_circulation,2000.0,40.0,bearing_inner
source_file,operating_context_only,decision_tree,data/raw/mcc5_thu_motor/MCC5-THU Motor/MCC5-THU Motor_speed_circulation/bearing_inner_H_speed_circulation_20Nm_1000rpm_250704090137.csv,bearing_inner,250704,speed_circulation,1000.0,20.0,healthy
source_file,operating_context_only,decision_tree,data/raw/mcc5_thu_motor/MCC5-THU Motor/MCC5-THU Motor_speed_circulation/bearing_outer_H_speed_circulation_40Nm_3000rpm_250707105959.csv,bearing_outer,250707,speed_circulation,3000.0,40.0,bearing_inner
source_file,operating_context_only,decision_tree,data/raw/mcc5_thu_motor/MCC5-THU Motor/MCC5-THU Motor_speed_circulation/health_speed_circulation_40Nm_3000rpm_250702162804.csv,healthy,250702,speed_circulation,3000.0,40.0,bearing_inner
source_file,operating_context_only,decision_tree,data/raw/mcc5_thu_motor/MCC5-THU Motor/MCC5-THU Motor_torque_circulation/bearing_ball_H_torque_circulation_20Nm_1000rpm_250707135802d.csv,bearing_ball,250707,torque_circulation,1000.0,20.0,healthy
source_file,operating_context_only,decision_tree,data/raw/mcc5_thu_motor/MCC5-THU Motor/MCC5-THU Motor_torque_circulation/bearing_inner_H_torque_circulation_20Nm_1000rpm_250704084736d.csv,bearing_inner,250704,torque_circulation,1000.0,20.0,healthy
source_file,operating_context_only,decision_tree,data/raw/mcc5_thu_motor/MCC5-THU Motor/MCC5-THU Motor_torque_circulation/bearing_inner_H_torque_circulation_20Nm_2000rpm_250704084956d.csv,bearing_inner,250704,torque_circulation,2000.0,20.0,healthy
source_file,operating_context_only,decision_tree,data/raw/mcc5_thu_motor/MCC5-THU Motor/MCC5-THU Motor_torque_circulation/bearing_inner_L_torque_circulation_20Nm_3000rpm_250707112823d.csv,bearing_inner,250707,torque_circulation,3000.0,20.0,bearing_ball
source_file,operating_context_only,decision_tree,data/raw/mcc5_thu_motor/MCC5-THU Motor/MCC5-THU Motor_torque_circulation/bearing_outer_H_torque_circulation_20Nm_1000rpm_250707103949d.csv,bearing_outer,250707,torque_circulation,1000.0,20.0,healthy
source_file,operating_context_only,decision_tree,data/raw/mcc5_thu_motor/MCC5-THU Motor/MCC5-THU Motor_torque_circulation/bearing_outer_L_torque_circulation_40Nm_1000rpm_250708094205d.csv,bearing_outer,250708,torque_circulation,1000.0,40.0,bearing_ball
source_file,operating_context_only,decision_tree,data/raw/mcc5_thu_motor/MCC5-THU Motor/MCC5-THU Motor_torque_circulation/health_torque_circulation_40Nm_3000rpm_250702160849d.csv,healthy,250702,torque_circulation,3000.0,40.0,bearing_ball
source_file,operating_context_only,logistic_regression,data/raw/mcc5_thu_motor/MCC5-THU Motor/MCC5-THU Motor_speed_circulation/bearing_ball_H_speed_circulation_20Nm_3000rpm_250707144104.csv,bearing_ball,250707,speed_circulation,3000.0,20.0,bearing_outer
source_file,operating_context_only,logistic_regression,data/raw/mcc5_thu_motor/MCC5-THU Motor/MCC5-THU Motor_speed_circulation/bearing_ball_L_speed_circulation_40Nm_2000rpm_250707160240.csv,bearing_ball,250707,speed_circulation,2000.0,40.0,bearing_inner
source_file,operating_context_only,logistic_regression,data/raw/mcc5_thu_motor/MCC5-THU Motor/MCC5-THU Motor_speed_circulation/bearing_inner_H_speed_circulation_20Nm_1000rpm_250704090137.csv,bearing_inner,250704,speed_circulation,1000.0,20.0,healthy
source_file,operating_context_only,logistic_regression,data/raw/mcc5_thu_motor/MCC5-THU Motor/MCC5-THU Motor_speed_circulation/bearing_outer_H_speed_circulation_40Nm_3000rpm_250707105959.csv,bearing_outer,250707,speed_circulation,3000.0,40.0,bearing_inner
source_file,operating_context_only,logistic_regression,data/raw/mcc5_thu_motor/MCC5-THU Motor/MCC5-THU Motor_speed_circulation/health_speed_circulation_40Nm_3000rpm_250702162804.csv,healthy,250702,speed_circulation,3000.0,40.0,bearing_inner
source_file,operating_context_only,logistic_regression,data/raw/mcc5_thu_motor/MCC5-THU Motor/MCC5-THU Motor_torque_circulation/bearing_ball_H_torque_circulation_20Nm_1000rpm_250707135802d.csv,bearing_ball,250707,torque_circulation,1000.0,20.0,healthy
source_file,operating_context_only,logistic_regression,data/raw/mcc5_thu_motor/MCC5-THU Motor/MCC5-THU Motor_torque_circulation/bearing_inner_H_torque_circulation_20Nm_1000rpm_250704084736d.csv,bearing_inner,250704,torque_circulation,1000.0,20.0,healthy
source_file,operating_context_only,logistic_regression,data/raw/mcc5_thu_motor/MCC5-THU Motor/MCC5-THU Motor_torque_circulation/bearing_inner_H_torque_circulation_20Nm_2000rpm_250704084956d.csv,bearing_inner,250704,torque_circulation,2000.0,20.0,bearing_outer
source_file,operating_context_only,logistic_regression,data/raw/mcc5_thu_motor/MCC5-THU Motor/MCC5-THU Motor_torque_circulation/bearing_inner_L_torque_circulation_20Nm_3000rpm_250707112823d.csv,bearing_inner,250707,torque_circulation,3000.0,20.0,bearing_outer
source_file,operating_context_only,logistic_regression,data/raw/mcc5_thu_motor/MCC5-THU Motor/MCC5-THU Motor_torque_circulation/bearing_outer_H_torque_circulation_20Nm_1000rpm_250707103949d.csv,bearing_outer,250707,torque_circulation,1000.0,20.0,healthy
source_file,operating_context_only,logistic_regression,data/raw/mcc5_thu_motor/MCC5-THU Motor/MCC5-THU Motor_torque_circulation/bearing_outer_L_torque_circulation_40Nm_1000rpm_250708094205d.csv,bearing_outer,250708,torque_circulation,1000.0,40.0,bearing_inner
source_file,operating_context_only,logistic_regression,data/raw/mcc5_thu_motor/MCC5-THU Motor/MCC5-THU Motor_torque_circulation/health_torque_circulation_40Nm_3000rpm_250702160849d.csv,healthy,250702,torque_circulation,3000.0,40.0,bearing_ball
source_file,operating_context_only,dummy_most_frequent,data/raw/mcc5_thu_motor/MCC5-THU Motor/MCC5-THU Motor_speed_circulation/bearing_ball_H_speed_circulation_20Nm_3000rpm_250707144104.csv,bearing_ball,250707,speed_circulation,3000.0,20.0,bearing_outer
source_file,operating_context_only,dummy_most_frequent,data/raw/mcc5_thu_motor/MCC5-THU Motor/MCC5-THU Motor_speed_circulation/bearing_ball_L_speed_circulation_40Nm_2000rpm_250707160240.csv,bearing_ball,250707,speed_circulation,2000.0,40.0,bearing_outer
source_file,operating_context_only,dummy_most_frequent,data/raw/mcc5_thu_motor/MCC5-THU Motor/MCC5-THU Motor_speed_circulation/bearing_inner_H_speed_circulation_20Nm_1000rpm_250704090137.csv,bearing_inner,250704,speed_circulation,1000.0,20.0,bearing_outer
source_file,operating_context_only,dummy_most_frequent,data/raw/mcc5_thu_motor/MCC5-THU Motor/MCC5-THU Motor_speed_circulation/bearing_outer_H_speed_circulation_40Nm_3000rpm_250707105959.csv,bearing_outer,250707,speed_circulation,3000.0,40.0,bearing_outer
source_file,operating_context_only,dummy_most_frequent,data/raw/mcc5_thu_motor/MCC5-THU Motor/MCC5-THU Motor_speed_circulation/health_speed_circulation_40Nm_3000rpm_250702162804.csv,healthy,250702,speed_circulation,3000.0,40.0,bearing_outer
source_file,operating_context_only,dummy_most_frequent,data/raw/mcc5_thu_motor/MCC5-THU Motor/MCC5-THU Motor_torque_circulation/bearing_ball_H_torque_circulation_20Nm_1000rpm_250707135802d.csv,bearing_ball,250707,torque_circulation,1000.0,20.0,bearing_outer
source_file,operating_context_only,dummy_most_frequent,data/raw/mcc5_thu_motor/MCC5-THU Motor/MCC5-THU Motor_torque_circulation/bearing_inner_H_torque_circulation_20Nm_1000rpm_250704084736d.csv,bearing_inner,250704,torque_circulation,1000.0,20.0,bearing_outer
source_file,operating_context_only,dummy_most_frequent,data/raw/mcc5_thu_motor/MCC5-THU Motor/MCC5-THU Motor_torque_circulation/bearing_inner_H_torque_circulation_20Nm_2000rpm_250704084956d.csv,bearing_inner,250704,torque_circulation,2000.0,20.0,bearing_outer
source_file,operating_context_only,dummy_most_frequent,data/raw/mcc5_thu_motor/MCC5-THU Motor/MCC5-THU Motor_torque_circulation/bearing_inner_L_torque_circulation_20Nm_3000rpm_250707112823d.csv,bearing_inner,250707,torque_circulation,3000.0,20.0,bearing_outer
source_file,operating_context_only,dummy_most_frequent,data/raw/mcc5_thu_motor/MCC5-THU Motor/MCC5-THU Motor_torque_circulation/bearing_outer_H_torque_circulation_20Nm_1000rpm_250707103949d.csv,bearing_outer,250707,torque_circulation,1000.0,20.0,bearing_outer
source_file,operating_context_only,dummy_most_frequent,data/raw/mcc5_thu_motor/MCC5-THU Motor/MCC5-THU Motor_torque_circulation/bearing_outer_L_torque_circulation_40Nm_1000rpm_250708094205d.csv,bearing_outer,250708,torque_circulation,1000.0,40.0,bearing_outer
source_file,operating_context_only,dummy_most_frequent,data/raw/mcc5_thu_motor/MCC5-THU Motor/MCC5-THU Motor_torque_circulation/health_torque_circulation_40Nm_3000rpm_250702160849d.csv,healthy,250702,torque_circulation,3000.0,40.0,bearing_outer
source_file,date_and_context,decision_tree,data/raw/mcc5_thu_motor/MCC5-THU Motor/MCC5-THU Motor_speed_circulation/bearing_ball_H_speed_circulation_20Nm_3000rpm_250707144104.csv,bearing_ball,250707,speed_circulation,3000.0,20.0,bearing_ball
source_file,date_and_context,decision_tree,data/raw/mcc5_thu_motor/MCC5-THU Motor/MCC5-THU Motor_speed_circulation/bearing_ball_L_speed_circulation_40Nm_2000rpm_250707160240.csv,bearing_ball,250707,speed_circulation,2000.0,40.0,bearing_ball
source_file,date_and_context,decision_tree,data/raw/mcc5_thu_motor/MCC5-THU Motor/MCC5-THU Motor_speed_circulation/bearing_inner_H_speed_circulation_20Nm_1000rpm_250704090137.csv,bearing_inner,250704,speed_circulation,1000.0,20.0,bearing_inner
source_file,date_and_context,decision_tree,data/raw/mcc5_thu_motor/MCC5-THU Motor/MCC5-THU Motor_speed_circulation/bearing_outer_H_speed_circulation_40Nm_3000rpm_250707105959.csv,bearing_outer,250707,speed_circulation,3000.0,40.0,bearing_ball
source_file,date_and_context,decision_tree,data/raw/mcc5_thu_motor/MCC5-THU Motor/MCC5-THU Motor_speed_circulation/health_speed_circulation_40Nm_3000rpm_250702162804.csv,healthy,250702,speed_circulation,3000.0,40.0,healthy
source_file,date_and_context,decision_tree,data/raw/mcc5_thu_motor/MCC5-THU Motor/MCC5-THU Motor_torque_circulation/bearing_ball_H_torque_circulation_20Nm_1000rpm_250707135802d.csv,bearing_ball,250707,torque_circulation,1000.0,20.0,bearing_ball
source_file,date_and_context,decision_tree,data/raw/mcc5_thu_motor/MCC5-THU Motor/MCC5-THU Motor_torque_circulation/bearing_inner_H_torque_circulation_20Nm_1000rpm_250704084736d.csv,bearing_inner,250704,torque_circulation,1000.0,20.0,bearing_inner
source_file,date_and_context,decision_tree,data/raw/mcc5_thu_motor/MCC5-THU Motor/MCC5-THU Motor_torque_circulation/bearing_inner_H_torque_circulation_20Nm_2000rpm_250704084956d.csv,bearing_inner,250704,torque_circulation,2000.0,20.0,bearing_inner
source_file,date_and_context,decision_tree,data/raw/mcc5_thu_motor/MCC5-THU Motor/MCC5-THU Motor_torque_circulation/bearing_inner_L_torque_circulation_20Nm_3000rpm_250707112823d.csv,bearing_inner,250707,torque_circulation,3000.0,20.0,bearing_ball
source_file,date_and_context,decision_tree,data/raw/mcc5_thu_motor/MCC5-THU Motor/MCC5-THU Motor_torque_circulation/bearing_outer_H_torque_circulation_20Nm_1000rpm_250707103949d.csv,bearing_outer,250707,torque_circulation,1000.0,20.0,bearing_ball
source_file,date_and_context,decision_tree,data/raw/mcc5_thu_motor/MCC5-THU Motor/MCC5-THU Motor_torque_circulation/bearing_outer_L_torque_circulation_40Nm_1000rpm_250708094205d.csv,bearing_outer,250708,torque_circulation,1000.0,40.0,bearing_outer
source_file,date_and_context,decision_tree,data/raw/mcc5_thu_motor/MCC5-THU Motor/MCC5-THU Motor_torque_circulation/health_torque_circulation_40Nm_3000rpm_250702160849d.csv,healthy,250702,torque_circulation,3000.0,40.0,healthy
source_file,date_and_context,logistic_regression,data/raw/mcc5_thu_motor/MCC5-THU Motor/MCC5-THU Motor_speed_circulation/bearing_ball_H_speed_circulation_20Nm_3000rpm_250707144104.csv,bearing_ball,250707,speed_circulation,3000.0,20.0,bearing_ball
source_file,date_and_context,logistic_regression,data/raw/mcc5_thu_motor/MCC5-THU Motor/MCC5-THU Motor_speed_circulation/bearing_ball_L_speed_circulation_40Nm_2000rpm_250707160240.csv,bearing_ball,250707,speed_circulation,2000.0,40.0,bearing_ball
source_file,date_and_context,logistic_regression,data/raw/mcc5_thu_motor/MCC5-THU Motor/MCC5-THU Motor_speed_circulation/bearing_inner_H_speed_circulation_20Nm_1000rpm_250704090137.csv,bearing_inner,250704,speed_circulation,1000.0,20.0,bearing_inner
source_file,date_and_context,logistic_regression,data/raw/mcc5_thu_motor/MCC5-THU Motor/MCC5-THU Motor_speed_circulation/bearing_outer_H_speed_circulation_40Nm_3000rpm_250707105959.csv,bearing_outer,250707,speed_circulation,3000.0,40.0,bearing_ball
source_file,date_and_context,logistic_regression,data/raw/mcc5_thu_motor/MCC5-THU Motor/MCC5-THU Motor_speed_circulation/health_speed_circulation_40Nm_3000rpm_250702162804.csv,healthy,250702,speed_circulation,3000.0,40.0,healthy
source_file,date_and_context,logistic_regression,data/raw/mcc5_thu_motor/MCC5-THU Motor/MCC5-THU Motor_torque_circulation/bearing_ball_H_torque_circulation_20Nm_1000rpm_250707135802d.csv,bearing_ball,250707,torque_circulation,1000.0,20.0,bearing_ball
source_file,date_and_context,logistic_regression,data/raw/mcc5_thu_motor/MCC5-THU Motor/MCC5-THU Motor_torque_circulation/bearing_inner_H_torque_circulation_20Nm_1000rpm_250704084736d.csv,bearing_inner,250704,torque_circulation,1000.0,20.0,bearing_inner
source_file,date_and_context,logistic_regression,data/raw/mcc5_thu_motor/MCC5-THU Motor/MCC5-THU Motor_torque_circulation/bearing_inner_H_torque_circulation_20Nm_2000rpm_250704084956d.csv,bearing_inner,250704,torque_circulation,2000.0,20.0,bearing_inner
source_file,date_and_context,logistic_regression,data/raw/mcc5_thu_motor/MCC5-THU Motor/MCC5-THU Motor_torque_circulation/bearing_inner_L_torque_circulation_20Nm_3000rpm_250707112823d.csv,bearing_inner,250707,torque_circulation,3000.0,20.0,bearing_ball
source_file,date_and_context,logistic_regression,data/raw/mcc5_thu_motor/MCC5-THU Motor/MCC5-THU Motor_torque_circulation/bearing_outer_H_torque_circulation_20Nm_1000rpm_250707103949d.csv,bearing_outer,250707,torque_circulation,1000.0,20.0,bearing_ball
source_file,date_and_context,logistic_regression,data/raw/mcc5_thu_motor/MCC5-THU Motor/MCC5-THU Motor_torque_circulation/bearing_outer_L_torque_circulation_40Nm_1000rpm_250708094205d.csv,bearing_outer,250708,torque_circulation,1000.0,40.0,bearing_outer
source_file,date_and_context,logistic_regression,data/raw/mcc5_thu_motor/MCC5-THU Motor/MCC5-THU Motor_torque_circulation/health_torque_circulation_40Nm_3000rpm_250702160849d.csv,healthy,250702,torque_circulation,3000.0,40.0,healthy
source_file,date_and_context,dummy_most_frequent,data/raw/mcc5_thu_motor/MCC5-THU Motor/MCC5-THU Motor_speed_circulation/bearing_ball_H_speed_circulation_20Nm_3000rpm_250707144104.csv,bearing_ball,250707,speed_circulation,3000.0,20.0,bearing_outer
source_file,date_and_context,dummy_most_frequent,data/raw/mcc5_thu_motor/MCC5-THU Motor/MCC5-THU Motor_speed_circulation/bearing_ball_L_speed_circulation_40Nm_2000rpm_250707160240.csv,bearing_ball,250707,speed_circulation,2000.0,40.0,bearing_outer
source_file,date_and_context,dummy_most_frequent,data/raw/mcc5_thu_motor/MCC5-THU Motor/MCC5-THU Motor_speed_circulation/bearing_inner_H_speed_circulation_20Nm_1000rpm_250704090137.csv,bearing_inner,250704,speed_circulation,1000.0,20.0,bearing_outer
source_file,date_and_context,dummy_most_frequent,data/raw/mcc5_thu_motor/MCC5-THU Motor/MCC5-THU Motor_speed_circulation/bearing_outer_H_speed_circulation_40Nm_3000rpm_250707105959.csv,bearing_outer,250707,speed_circulation,3000.0,40.0,bearing_outer
source_file,date_and_context,dummy_most_frequent,data/raw/mcc5_thu_motor/MCC5-THU Motor/MCC5-THU Motor_speed_circulation/health_speed_circulation_40Nm_3000rpm_250702162804.csv,healthy,250702,speed_circulation,3000.0,40.0,bearing_outer
source_file,date_and_context,dummy_most_frequent,data/raw/mcc5_thu_motor/MCC5-THU Motor/MCC5-THU Motor_torque_circulation/bearing_ball_H_torque_circulation_20Nm_1000rpm_250707135802d.csv,bearing_ball,250707,torque_circulation,1000.0,20.0,bearing_outer
source_file,date_and_context,dummy_most_frequent,data/raw/mcc5_thu_motor/MCC5-THU Motor/MCC5-THU Motor_torque_circulation/bearing_inner_H_torque_circulation_20Nm_1000rpm_250704084736d.csv,bearing_inner,250704,torque_circulation,1000.0,20.0,bearing_outer
source_file,date_and_context,dummy_most_frequent,data/raw/mcc5_thu_motor/MCC5-THU Motor/MCC5-THU Motor_torque_circulation/bearing_inner_H_torque_circulation_20Nm_2000rpm_250704084956d.csv,bearing_inner,250704,torque_circulation,2000.0,20.0,bearing_outer
source_file,date_and_context,dummy_most_frequent,data/raw/mcc5_thu_motor/MCC5-THU Motor/MCC5-THU Motor_torque_circulation/bearing_inner_L_torque_circulation_20Nm_3000rpm_250707112823d.csv,bearing_inner,250707,torque_circulation,3000.0,20.0,bearing_outer
source_file,date_and_context,dummy_most_frequent,data/raw/mcc5_thu_motor/MCC5-THU Motor/MCC5-THU Motor_torque_circulation/bearing_outer_H_torque_circulation_20Nm_1000rpm_250707103949d.csv,bearing_outer,250707,torque_circulation,1000.0,20.0,bearing_outer
source_file,date_and_context,dummy_most_frequent,data/raw/mcc5_thu_motor/MCC5-THU Motor/MCC5-THU Motor_torque_circulation/bearing_outer_L_torque_circulation_40Nm_1000rpm_250708094205d.csv,bearing_outer,250708,torque_circulation,1000.0,40.0,bearing_outer
source_file,date_and_context,dummy_most_frequent,data/raw/mcc5_thu_motor/MCC5-THU Motor/MCC5-THU Motor_torque_circulation/health_torque_circulation_40Nm_3000rpm_250702160849d.csv,healthy,250702,torque_circulation,3000.0,40.0,bearing_outer
cross_condition,date_only,decision_tree,data/raw/mcc5_thu_motor/MCC5-THU Motor/MCC5-THU Motor_torque_circulation/bearing_ball_H_torque_circulation_20Nm_1000rpm_250707135802d.csv,bearing_ball,250707,torque_circulation,1000.0,20.0,bearing_ball
cross_condition,date_only,decision_tree,data/raw/mcc5_thu_motor/MCC5-THU Motor/MCC5-THU Motor_torque_circulation/bearing_ball_H_torque_circulation_20Nm_2000rpm_250707140027d.csv,bearing_ball,250707,torque_circulation,2000.0,20.0,bearing_ball
cross_condition,date_only,decision_tree,data/raw/mcc5_thu_motor/MCC5-THU Motor/MCC5-THU Motor_torque_circulation/bearing_ball_H_torque_circulation_20Nm_3000rpm_250707140229d.csv,bearing_ball,250707,torque_circulation,3000.0,20.0,bearing_ball
cross_condition,date_only,decision_tree,data/raw/mcc5_thu_motor/MCC5-THU Motor/MCC5-THU Motor_torque_circulation/bearing_ball_H_torque_circulation_40Nm_1000rpm_250707140440d.csv,bearing_ball,250707,torque_circulation,1000.0,40.0,bearing_ball
cross_condition,date_only,decision_tree,data/raw/mcc5_thu_motor/MCC5-THU Motor/MCC5-THU Motor_torque_circulation/bearing_ball_H_torque_circulation_40Nm_2000rpm_250707142821d.csv,bearing_ball,250707,torque_circulation,2000.0,40.0,bearing_ball
cross_condition,date_only,decision_tree,data/raw/mcc5_thu_motor/MCC5-THU Motor/MCC5-THU Motor_torque_circulation/bearing_ball_H_torque_circulation_40Nm_3000rpm_250707143025d.csv,bearing_ball,250707,torque_circulation,3000.0,40.0,bearing_ball
cross_condition,date_only,decision_tree,data/raw/mcc5_thu_motor/MCC5-THU Motor/MCC5-THU Motor_torque_circulation/bearing_ball_L_torque_circulation_20Nm_1000rpm_250707153516d.csv,bearing_ball,250707,torque_circulation,1000.0,20.0,bearing_ball
cross_condition,date_only,decision_tree,data/raw/mcc5_thu_motor/MCC5-THU Motor/MCC5-THU Motor_torque_circulation/bearing_ball_L_torque_circulation_20Nm_2000rpm_250707153733d.csv,bearing_ball,250707,torque_circulation,2000.0,20.0,bearing_ball
cross_condition,date_only,decision_tree,data/raw/mcc5_thu_motor/MCC5-THU Motor/MCC5-THU Motor_torque_circulation/bearing_ball_L_torque_circulation_20Nm_3000rpm_250707153938d.csv,bearing_ball,250707,torque_circulation,3000.0,20.0,bearing_ball
cross_condition,date_only,decision_tree,data/raw/mcc5_thu_motor/MCC5-THU Motor/MCC5-THU Motor_torque_circulation/bearing_ball_L_torque_circulation_40Nm_1000rpm_250707154144d.csv,bearing_ball,250707,torque_circulation,1000.0,40.0,bearing_ball
cross_condition,date_only,decision_tree,data/raw/mcc5_thu_motor/MCC5-THU Motor/MCC5-THU Motor_torque_circulation/bearing_ball_L_torque_circulation_40Nm_2000rpm_250707154410d.csv,bearing_ball,250707,torque_circulation,2000.0,40.0,bearing_ball
cross_condition,date_only,decision_tree,data/raw/mcc5_thu_motor/MCC5-THU Motor/MCC5-THU Motor_torque_circulation/bearing_ball_L_torque_circulation_40Nm_3000rpm_250707154630d.csv,bearing_ball,250707,torque_circulation,3000.0,40.0,bearing_ball
cross_condition,date_only,decision_tree,data/raw/mcc5_thu_motor/MCC5-THU Motor/MCC5-THU Motor_torque_circulation/bearing_inner_H_torque_circulation_20Nm_1000rpm_250704084736d.csv,bearing_inner,250704,torque_circulation,1000.0,20.0,bearing_inner
cross_condition,date_only,decision_tree,data/raw/mcc5_thu_motor/MCC5-THU Motor/MCC5-THU Motor_torque_circulation/bearing_inner_H_torque_circulation_20Nm_2000rpm_250704084956d.csv,bearing_inner,250704,torque_circulation,2000.0,20.0,bearing_inner
cross_condition,date_only,decision_tree,data/raw/mcc5_thu_motor/MCC5-THU Motor/MCC5-THU Motor_torque_circulation/bearing_inner_H_torque_circulation_20Nm_3000rpm_250704085209d.csv,bearing_inner,250704,torque_circulation,3000.0,20.0,bearing_inner
cross_condition,date_only,decision_tree,data/raw/mcc5_thu_motor/MCC5-THU Motor/MCC5-THU Motor_torque_circulation/bearing_inner_H_torque_circulation_40Nm_1000rpm_250704085422d.csv,bearing_inner,250704,torque_circulation,1000.0,40.0,bearing_inner
cross_condition,date_only,decision_tree,data/raw/mcc5_thu_motor/MCC5-THU Motor/MCC5-THU Motor_torque_circulation/bearing_inner_H_torque_circulation_40Nm_2000rpm_250704085637d.csv,bearing_inner,250704,torque_circulation,2000.0,40.0,bearing_inner
cross_condition,date_only,decision_tree,data/raw/mcc5_thu_motor/MCC5-THU Motor/MCC5-THU Motor_torque_circulation/bearing_inner_H_torque_circulation_40Nm_3000rpm_250704085907d.csv,bearing_inner,250704,torque_circulation,3000.0,40.0,bearing_inner
cross_condition,date_only,decision_tree,data/raw/mcc5_thu_motor/MCC5-THU Motor/MCC5-THU Motor_torque_circulation/bearing_inner_L_torque_circulation_20Nm_1000rpm_250707112415d.csv,bearing_inner,250707,torque_circulation,1000.0,20.0,bearing_ball
cross_condition,date_only,decision_tree,data/raw/mcc5_thu_motor/MCC5-THU Motor/MCC5-THU Motor_torque_circulation/bearing_inner_L_torque_circulation_20Nm_2000rpm_250707112622d.csv,bearing_inner,250707,torque_circulation,2000.0,20.0,bearing_ball
cross_condition,date_only,decision_tree,data/raw/mcc5_thu_motor/MCC5-THU Motor/MCC5-THU Motor_torque_circulation/bearing_inner_L_torque_circulation_20Nm_3000rpm_250707112823d.csv,bearing_inner,250707,torque_circulation,3000.0,20.0,bearing_ball
cross_condition,date_only,decision_tree,data/raw/mcc5_thu_motor/MCC5-THU Motor/MCC5-THU Motor_torque_circulation/bearing_inner_L_torque_circulation_40Nm_1000rpm_250707113035d.csv,bearing_inner,250707,torque_circulation,1000.0,40.0,bearing_ball
cross_condition,date_only,decision_tree,data/raw/mcc5_thu_motor/MCC5-THU Motor/MCC5-THU Motor_torque_circulation/bearing_inner_L_torque_circulation_40Nm_2000rpm_250707113243d.csv,bearing_inner,250707,torque_circulation,2000.0,40.0,bearing_ball
cross_condition,date_only,decision_tree,data/raw/mcc5_thu_motor/MCC5-THU Motor/MCC5-THU Motor_torque_circulation/bearing_inner_L_torque_circulation_40Nm_3000rpm_250707113444d.csv,bearing_inner,250707,torque_circulation,3000.0,40.0,bearing_ball
cross_condition,date_only,decision_tree,data/raw/mcc5_thu_motor/MCC5-THU Motor/MCC5-THU Motor_torque_circulation/bearing_outer_H_torque_circulation_20Nm_1000rpm_250707103949d.csv,bearing_outer,250707,torque_circulation,1000.0,20.0,bearing_ball
cross_condition,date_only,decision_tree,data/raw/mcc5_thu_motor/MCC5-THU Motor/MCC5-THU Motor_torque_circulation/bearing_outer_H_torque_circulation_20Nm_2000rpm_250707103802d.csv,bearing_outer,250707,torque_circulation,2000.0,20.0,bearing_ball
cross_condition,date_only,decision_tree,data/raw/mcc5_thu_motor/MCC5-THU Motor/MCC5-THU Motor_torque_circulation/bearing_outer_H_torque_circulation_20Nm_3000rpm_250821175544.csv,bearing_outer,250821,torque_circulation,3000.0,20.0,bearing_outer
cross_condition,date_only,decision_tree,data/raw/mcc5_thu_motor/MCC5-THU Motor/MCC5-THU Motor_torque_circulation/bearing_outer_H_torque_circulation_40Nm_1000rpm_250707104154d.csv,bearing_outer,250707,torque_circulation,1000.0,40.0,bearing_ball
cross_condition,date_only,decision_tree,data/raw/mcc5_thu_motor/MCC5-THU Motor/MCC5-THU Motor_torque_circulation/bearing_outer_H_torque_circulation_40Nm_2000rpm_250707104408d.csv,bearing_outer,250707,torque_circulation,2000.0,40.0,bearing_ball
cross_condition,date_only,decision_tree,data/raw/mcc5_thu_motor/MCC5-THU Motor/MCC5-THU Motor_torque_circulation/bearing_outer_H_torque_circulation_40Nm_3000rpm_250707104611d.csv,bearing_outer,250707,torque_circulation,3000.0,40.0,bearing_ball
cross_condition,date_only,decision_tree,data/raw/mcc5_thu_motor/MCC5-THU Motor/MCC5-THU Motor_torque_circulation/bearing_outer_L_torque_circulation_20Nm_1000rpm_250708093600d.csv,bearing_outer,250708,torque_circulation,1000.0,20.0,bearing_outer
cross_condition,date_only,decision_tree,data/raw/mcc5_thu_motor/MCC5-THU Motor/MCC5-THU Motor_torque_circulation/bearing_outer_L_torque_circulation_20Nm_2000rpm_250708093806d.csv,bearing_outer,250708,torque_circulation,2000.0,20.0,bearing_outer
cross_condition,date_only,decision_tree,data/raw/mcc5_thu_motor/MCC5-THU Motor/MCC5-THU Motor_torque_circulation/bearing_outer_L_torque_circulation_20Nm_3000rpm_250708094011d.csv,bearing_outer,250708,torque_circulation,3000.0,20.0,bearing_outer
cross_condition,date_only,decision_tree,data/raw/mcc5_thu_motor/MCC5-THU Motor/MCC5-THU Motor_torque_circulation/bearing_outer_L_torque_circulation_40Nm_1000rpm_250708094205d.csv,bearing_outer,250708,torque_circulation,1000.0,40.0,bearing_outer
cross_condition,date_only,decision_tree,data/raw/mcc5_thu_motor/MCC5-THU Motor/MCC5-THU Motor_torque_circulation/bearing_outer_L_torque_circulation_40Nm_2000rpm_250708094403d.csv,bearing_outer,250708,torque_circulation,2000.0,40.0,bearing_outer
cross_condition,date_only,decision_tree,data/raw/mcc5_thu_motor/MCC5-THU Motor/MCC5-THU Motor_torque_circulation/bearing_outer_L_torque_circulation_40Nm_3000rpm_250708094556d.csv,bearing_outer,250708,torque_circulation,3000.0,40.0,bearing_outer
cross_condition,date_only,decision_tree,data/raw/mcc5_thu_motor/MCC5-THU Motor/MCC5-THU Motor_torque_circulation/health_torque_circulation_20Nm_1000rpm_250702154813d.csv,healthy,250702,torque_circulation,1000.0,20.0,healthy
cross_condition,date_only,decision_tree,data/raw/mcc5_thu_motor/MCC5-THU Motor/MCC5-THU Motor_torque_circulation/health_torque_circulation_20Nm_2000rpm_250702155521d.csv,healthy,250702,torque_circulation,2000.0,20.0,healthy
cross_condition,date_only,decision_tree,data/raw/mcc5_thu_motor/MCC5-THU Motor/MCC5-THU Motor_torque_circulation/health_torque_circulation_20Nm_3000rpm_250702155743d.csv,healthy,250702,torque_circulation,3000.0,20.0,healthy
cross_condition,date_only,decision_tree,data/raw/mcc5_thu_motor/MCC5-THU Motor/MCC5-THU Motor_torque_circulation/health_torque_circulation_40Nm_1000rpm_250702161315d.csv,healthy,250702,torque_circulation,1000.0,40.0,healthy
cross_condition,date_only,decision_tree,data/raw/mcc5_thu_motor/MCC5-THU Motor/MCC5-THU Motor_torque_circulation/health_torque_circulation_40Nm_2000rpm_250702161114d.csv,healthy,250702,torque_circulation,2000.0,40.0,healthy
cross_condition,date_only,decision_tree,data/raw/mcc5_thu_motor/MCC5-THU Motor/MCC5-THU Motor_torque_circulation/health_torque_circulation_40Nm_3000rpm_250702160849d.csv,healthy,250702,torque_circulation,3000.0,40.0,healthy
cross_condition,date_only,logistic_regression,data/raw/mcc5_thu_motor/MCC5-THU Motor/MCC5-THU Motor_torque_circulation/bearing_ball_H_torque_circulation_20Nm_1000rpm_250707135802d.csv,bearing_ball,250707,torque_circulation,1000.0,20.0,bearing_ball
cross_condition,date_only,logistic_regression,data/raw/mcc5_thu_motor/MCC5-THU Motor/MCC5-THU Motor_torque_circulation/bearing_ball_H_torque_circulation_20Nm_2000rpm_250707140027d.csv,bearing_ball,250707,torque_circulation,2000.0,20.0,bearing_ball
cross_condition,date_only,logistic_regression,data/raw/mcc5_thu_motor/MCC5-THU Motor/MCC5-THU Motor_torque_circulation/bearing_ball_H_torque_circulation_20Nm_3000rpm_250707140229d.csv,bearing_ball,250707,torque_circulation,3000.0,20.0,bearing_ball
cross_condition,date_only,logistic_regression,data/raw/mcc5_thu_motor/MCC5-THU Motor/MCC5-THU Motor_torque_circulation/bearing_ball_H_torque_circulation_40Nm_1000rpm_250707140440d.csv,bearing_ball,250707,torque_circulation,1000.0,40.0,bearing_ball
cross_condition,date_only,logistic_regression,data/raw/mcc5_thu_motor/MCC5-THU Motor/MCC5-THU Motor_torque_circulation/bearing_ball_H_torque_circulation_40Nm_2000rpm_250707142821d.csv,bearing_ball,250707,torque_circulation,2000.0,40.0,bearing_ball
cross_condition,date_only,logistic_regression,data/raw/mcc5_thu_motor/MCC5-THU Motor/MCC5-THU Motor_torque_circulation/bearing_ball_H_torque_circulation_40Nm_3000rpm_250707143025d.csv,bearing_ball,250707,torque_circulation,3000.0,40.0,bearing_ball
cross_condition,date_only,logistic_regression,data/raw/mcc5_thu_motor/MCC5-THU Motor/MCC5-THU Motor_torque_circulation/bearing_ball_L_torque_circulation_20Nm_1000rpm_250707153516d.csv,bearing_ball,250707,torque_circulation,1000.0,20.0,bearing_ball
cross_condition,date_only,logistic_regression,data/raw/mcc5_thu_motor/MCC5-THU Motor/MCC5-THU Motor_torque_circulation/bearing_ball_L_torque_circulation_20Nm_2000rpm_250707153733d.csv,bearing_ball,250707,torque_circulation,2000.0,20.0,bearing_ball
cross_condition,date_only,logistic_regression,data/raw/mcc5_thu_motor/MCC5-THU Motor/MCC5-THU Motor_torque_circulation/bearing_ball_L_torque_circulation_20Nm_3000rpm_250707153938d.csv,bearing_ball,250707,torque_circulation,3000.0,20.0,bearing_ball
cross_condition,date_only,logistic_regression,data/raw/mcc5_thu_motor/MCC5-THU Motor/MCC5-THU Motor_torque_circulation/bearing_ball_L_torque_circulation_40Nm_1000rpm_250707154144d.csv,bearing_ball,250707,torque_circulation,1000.0,40.0,bearing_ball
cross_condition,date_only,logistic_regression,data/raw/mcc5_thu_motor/MCC5-THU Motor/MCC5-THU Motor_torque_circulation/bearing_ball_L_torque_circulation_40Nm_2000rpm_250707154410d.csv,bearing_ball,250707,torque_circulation,2000.0,40.0,bearing_ball
cross_condition,date_only,logistic_regression,data/raw/mcc5_thu_motor/MCC5-THU Motor/MCC5-THU Motor_torque_circulation/bearing_ball_L_torque_circulation_40Nm_3000rpm_250707154630d.csv,bearing_ball,250707,torque_circulation,3000.0,40.0,bearing_ball
cross_condition,date_only,logistic_regression,data/raw/mcc5_thu_motor/MCC5-THU Motor/MCC5-THU Motor_torque_circulation/bearing_inner_H_torque_circulation_20Nm_1000rpm_250704084736d.csv,bearing_inner,250704,torque_circulation,1000.0,20.0,bearing_inner
cross_condition,date_only,logistic_regression,data/raw/mcc5_thu_motor/MCC5-THU Motor/MCC5-THU Motor_torque_circulation/bearing_inner_H_torque_circulation_20Nm_2000rpm_250704084956d.csv,bearing_inner,250704,torque_circulation,2000.0,20.0,bearing_inner
cross_condition,date_only,logistic_regression,data/raw/mcc5_thu_motor/MCC5-THU Motor/MCC5-THU Motor_torque_circulation/bearing_inner_H_torque_circulation_20Nm_3000rpm_250704085209d.csv,bearing_inner,250704,torque_circulation,3000.0,20.0,bearing_inner
cross_condition,date_only,logistic_regression,data/raw/mcc5_thu_motor/MCC5-THU Motor/MCC5-THU Motor_torque_circulation/bearing_inner_H_torque_circulation_40Nm_1000rpm_250704085422d.csv,bearing_inner,250704,torque_circulation,1000.0,40.0,bearing_inner
cross_condition,date_only,logistic_regression,data/raw/mcc5_thu_motor/MCC5-THU Motor/MCC5-THU Motor_torque_circulation/bearing_inner_H_torque_circulation_40Nm_2000rpm_250704085637d.csv,bearing_inner,250704,torque_circulation,2000.0,40.0,bearing_inner
cross_condition,date_only,logistic_regression,data/raw/mcc5_thu_motor/MCC5-THU Motor/MCC5-THU Motor_torque_circulation/bearing_inner_H_torque_circulation_40Nm_3000rpm_250704085907d.csv,bearing_inner,250704,torque_circulation,3000.0,40.0,bearing_inner
cross_condition,date_only,logistic_regression,data/raw/mcc5_thu_motor/MCC5-THU Motor/MCC5-THU Motor_torque_circulation/bearing_inner_L_torque_circulation_20Nm_1000rpm_250707112415d.csv,bearing_inner,250707,torque_circulation,1000.0,20.0,bearing_ball
cross_condition,date_only,logistic_regression,data/raw/mcc5_thu_motor/MCC5-THU Motor/MCC5-THU Motor_torque_circulation/bearing_inner_L_torque_circulation_20Nm_2000rpm_250707112622d.csv,bearing_inner,250707,torque_circulation,2000.0,20.0,bearing_ball
cross_condition,date_only,logistic_regression,data/raw/mcc5_thu_motor/MCC5-THU Motor/MCC5-THU Motor_torque_circulation/bearing_inner_L_torque_circulation_20Nm_3000rpm_250707112823d.csv,bearing_inner,250707,torque_circulation,3000.0,20.0,bearing_ball
cross_condition,date_only,logistic_regression,data/raw/mcc5_thu_motor/MCC5-THU Motor/MCC5-THU Motor_torque_circulation/bearing_inner_L_torque_circulation_40Nm_1000rpm_250707113035d.csv,bearing_inner,250707,torque_circulation,1000.0,40.0,bearing_ball
cross_condition,date_only,logistic_regression,data/raw/mcc5_thu_motor/MCC5-THU Motor/MCC5-THU Motor_torque_circulation/bearing_inner_L_torque_circulation_40Nm_2000rpm_250707113243d.csv,bearing_inner,250707,torque_circulation,2000.0,40.0,bearing_ball
cross_condition,date_only,logistic_regression,data/raw/mcc5_thu_motor/MCC5-THU Motor/MCC5-THU Motor_torque_circulation/bearing_inner_L_torque_circulation_40Nm_3000rpm_250707113444d.csv,bearing_inner,250707,torque_circulation,3000.0,40.0,bearing_ball
cross_condition,date_only,logistic_regression,data/raw/mcc5_thu_motor/MCC5-THU Motor/MCC5-THU Motor_torque_circulation/bearing_outer_H_torque_circulation_20Nm_1000rpm_250707103949d.csv,bearing_outer,250707,torque_circulation,1000.0,20.0,bearing_ball
cross_condition,date_only,logistic_regression,data/raw/mcc5_thu_motor/MCC5-THU Motor/MCC5-THU Motor_torque_circulation/bearing_outer_H_torque_circulation_20Nm_2000rpm_250707103802d.csv,bearing_outer,250707,torque_circulation,2000.0,20.0,bearing_ball
cross_condition,date_only,logistic_regression,data/raw/mcc5_thu_motor/MCC5-THU Motor/MCC5-THU Motor_torque_circulation/bearing_outer_H_torque_circulation_20Nm_3000rpm_250821175544.csv,bearing_outer,250821,torque_circulation,3000.0,20.0,bearing_outer
cross_condition,date_only,logistic_regression,data/raw/mcc5_thu_motor/MCC5-THU Motor/MCC5-THU Motor_torque_circulation/bearing_outer_H_torque_circulation_40Nm_1000rpm_250707104154d.csv,bearing_outer,250707,torque_circulation,1000.0,40.0,bearing_ball
cross_condition,date_only,logistic_regression,data/raw/mcc5_thu_motor/MCC5-THU Motor/MCC5-THU Motor_torque_circulation/bearing_outer_H_torque_circulation_40Nm_2000rpm_250707104408d.csv,bearing_outer,250707,torque_circulation,2000.0,40.0,bearing_ball
cross_condition,date_only,logistic_regression,data/raw/mcc5_thu_motor/MCC5-THU Motor/MCC5-THU Motor_torque_circulation/bearing_outer_H_torque_circulation_40Nm_3000rpm_250707104611d.csv,bearing_outer,250707,torque_circulation,3000.0,40.0,bearing_ball
cross_condition,date_only,logistic_regression,data/raw/mcc5_thu_motor/MCC5-THU Motor/MCC5-THU Motor_torque_circulation/bearing_outer_L_torque_circulation_20Nm_1000rpm_250708093600d.csv,bearing_outer,250708,torque_circulation,1000.0,20.0,bearing_outer
cross_condition,date_only,logistic_regression,data/raw/mcc5_thu_motor/MCC5-THU Motor/MCC5-THU Motor_torque_circulation/bearing_outer_L_torque_circulation_20Nm_2000rpm_250708093806d.csv,bearing_outer,250708,torque_circulation,2000.0,20.0,bearing_outer
cross_condition,date_only,logistic_regression,data/raw/mcc5_thu_motor/MCC5-THU Motor/MCC5-THU Motor_torque_circulation/bearing_outer_L_torque_circulation_20Nm_3000rpm_250708094011d.csv,bearing_outer,250708,torque_circulation,3000.0,20.0,bearing_outer
cross_condition,date_only,logistic_regression,data/raw/mcc5_thu_motor/MCC5-THU Motor/MCC5-THU Motor_torque_circulation/bearing_outer_L_torque_circulation_40Nm_1000rpm_250708094205d.csv,bearing_outer,250708,torque_circulation,1000.0,40.0,bearing_outer
cross_condition,date_only,logistic_regression,data/raw/mcc5_thu_motor/MCC5-THU Motor/MCC5-THU Motor_torque_circulation/bearing_outer_L_torque_circulation_40Nm_2000rpm_250708094403d.csv,bearing_outer,250708,torque_circulation,2000.0,40.0,bearing_outer
cross_condition,date_only,logistic_regression,data/raw/mcc5_thu_motor/MCC5-THU Motor/MCC5-THU Motor_torque_circulation/bearing_outer_L_torque_circulation_40Nm_3000rpm_250708094556d.csv,bearing_outer,250708,torque_circulation,3000.0,40.0,bearing_outer
cross_condition,date_only,logistic_regression,data/raw/mcc5_thu_motor/MCC5-THU Motor/MCC5-THU Motor_torque_circulation/health_torque_circulation_20Nm_1000rpm_250702154813d.csv,healthy,250702,torque_circulation,1000.0,20.0,healthy
cross_condition,date_only,logistic_regression,data/raw/mcc5_thu_motor/MCC5-THU Motor/MCC5-THU Motor_torque_circulation/health_torque_circulation_20Nm_2000rpm_250702155521d.csv,healthy,250702,torque_circulation,2000.0,20.0,healthy
cross_condition,date_only,logistic_regression,data/raw/mcc5_thu_motor/MCC5-THU Motor/MCC5-THU Motor_torque_circulation/health_torque_circulation_20Nm_3000rpm_250702155743d.csv,healthy,250702,torque_circulation,3000.0,20.0,healthy
cross_condition,date_only,logistic_regression,data/raw/mcc5_thu_motor/MCC5-THU Motor/MCC5-THU Motor_torque_circulation/health_torque_circulation_40Nm_1000rpm_250702161315d.csv,healthy,250702,torque_circulation,1000.0,40.0,healthy
cross_condition,date_only,logistic_regression,data/raw/mcc5_thu_motor/MCC5-THU Motor/MCC5-THU Motor_torque_circulation/health_torque_circulation_40Nm_2000rpm_250702161114d.csv,healthy,250702,torque_circulation,2000.0,40.0,healthy
cross_condition,date_only,logistic_regression,data/raw/mcc5_thu_motor/MCC5-THU Motor/MCC5-THU Motor_torque_circulation/health_torque_circulation_40Nm_3000rpm_250702160849d.csv,healthy,250702,torque_circulation,3000.0,40.0,healthy
cross_condition,date_only,dummy_most_frequent,data/raw/mcc5_thu_motor/MCC5-THU Motor/MCC5-THU Motor_torque_circulation/bearing_ball_H_torque_circulation_20Nm_1000rpm_250707135802d.csv,bearing_ball,250707,torque_circulation,1000.0,20.0,bearing_outer
cross_condition,date_only,dummy_most_frequent,data/raw/mcc5_thu_motor/MCC5-THU Motor/MCC5-THU Motor_torque_circulation/bearing_ball_H_torque_circulation_20Nm_2000rpm_250707140027d.csv,bearing_ball,250707,torque_circulation,2000.0,20.0,bearing_outer
cross_condition,date_only,dummy_most_frequent,data/raw/mcc5_thu_motor/MCC5-THU Motor/MCC5-THU Motor_torque_circulation/bearing_ball_H_torque_circulation_20Nm_3000rpm_250707140229d.csv,bearing_ball,250707,torque_circulation,3000.0,20.0,bearing_outer
cross_condition,date_only,dummy_most_frequent,data/raw/mcc5_thu_motor/MCC5-THU Motor/MCC5-THU Motor_torque_circulation/bearing_ball_H_torque_circulation_40Nm_1000rpm_250707140440d.csv,bearing_ball,250707,torque_circulation,1000.0,40.0,bearing_outer
cross_condition,date_only,dummy_most_frequent,data/raw/mcc5_thu_motor/MCC5-THU Motor/MCC5-THU Motor_torque_circulation/bearing_ball_H_torque_circulation_40Nm_2000rpm_250707142821d.csv,bearing_ball,250707,torque_circulation,2000.0,40.0,bearing_outer
cross_condition,date_only,dummy_most_frequent,data/raw/mcc5_thu_motor/MCC5-THU Motor/MCC5-THU Motor_torque_circulation/bearing_ball_H_torque_circulation_40Nm_3000rpm_250707143025d.csv,bearing_ball,250707,torque_circulation,3000.0,40.0,bearing_outer
cross_condition,date_only,dummy_most_frequent,data/raw/mcc5_thu_motor/MCC5-THU Motor/MCC5-THU Motor_torque_circulation/bearing_ball_L_torque_circulation_20Nm_1000rpm_250707153516d.csv,bearing_ball,250707,torque_circulation,1000.0,20.0,bearing_outer
cross_condition,date_only,dummy_most_frequent,data/raw/mcc5_thu_motor/MCC5-THU Motor/MCC5-THU Motor_torque_circulation/bearing_ball_L_torque_circulation_20Nm_2000rpm_250707153733d.csv,bearing_ball,250707,torque_circulation,2000.0,20.0,bearing_outer
cross_condition,date_only,dummy_most_frequent,data/raw/mcc5_thu_motor/MCC5-THU Motor/MCC5-THU Motor_torque_circulation/bearing_ball_L_torque_circulation_20Nm_3000rpm_250707153938d.csv,bearing_ball,250707,torque_circulation,3000.0,20.0,bearing_outer
cross_condition,date_only,dummy_most_frequent,data/raw/mcc5_thu_motor/MCC5-THU Motor/MCC5-THU Motor_torque_circulation/bearing_ball_L_torque_circulation_40Nm_1000rpm_250707154144d.csv,bearing_ball,250707,torque_circulation,1000.0,40.0,bearing_outer
cross_condition,date_only,dummy_most_frequent,data/raw/mcc5_thu_motor/MCC5-THU Motor/MCC5-THU Motor_torque_circulation/bearing_ball_L_torque_circulation_40Nm_2000rpm_250707154410d.csv,bearing_ball,250707,torque_circulation,2000.0,40.0,bearing_outer
cross_condition,date_only,dummy_most_frequent,data/raw/mcc5_thu_motor/MCC5-THU Motor/MCC5-THU Motor_torque_circulation/bearing_ball_L_torque_circulation_40Nm_3000rpm_250707154630d.csv,bearing_ball,250707,torque_circulation,3000.0,40.0,bearing_outer
cross_condition,date_only,dummy_most_frequent,data/raw/mcc5_thu_motor/MCC5-THU Motor/MCC5-THU Motor_torque_circulation/bearing_inner_H_torque_circulation_20Nm_1000rpm_250704084736d.csv,bearing_inner,250704,torque_circulation,1000.0,20.0,bearing_outer
cross_condition,date_only,dummy_most_frequent,data/raw/mcc5_thu_motor/MCC5-THU Motor/MCC5-THU Motor_torque_circulation/bearing_inner_H_torque_circulation_20Nm_2000rpm_250704084956d.csv,bearing_inner,250704,torque_circulation,2000.0,20.0,bearing_outer
cross_condition,date_only,dummy_most_frequent,data/raw/mcc5_thu_motor/MCC5-THU Motor/MCC5-THU Motor_torque_circulation/bearing_inner_H_torque_circulation_20Nm_3000rpm_250704085209d.csv,bearing_inner,250704,torque_circulation,3000.0,20.0,bearing_outer
cross_condition,date_only,dummy_most_frequent,data/raw/mcc5_thu_motor/MCC5-THU Motor/MCC5-THU Motor_torque_circulation/bearing_inner_H_torque_circulation_40Nm_1000rpm_250704085422d.csv,bearing_inner,250704,torque_circulation,1000.0,40.0,bearing_outer
cross_condition,date_only,dummy_most_frequent,data/raw/mcc5_thu_motor/MCC5-THU Motor/MCC5-THU Motor_torque_circulation/bearing_inner_H_torque_circulation_40Nm_2000rpm_250704085637d.csv,bearing_inner,250704,torque_circulation,2000.0,40.0,bearing_outer
cross_condition,date_only,dummy_most_frequent,data/raw/mcc5_thu_motor/MCC5-THU Motor/MCC5-THU Motor_torque_circulation/bearing_inner_H_torque_circulation_40Nm_3000rpm_250704085907d.csv,bearing_inner,250704,torque_circulation,3000.0,40.0,bearing_outer
cross_condition,date_only,dummy_most_frequent,data/raw/mcc5_thu_motor/MCC5-THU Motor/MCC5-THU Motor_torque_circulation/bearing_inner_L_torque_circulation_20Nm_1000rpm_250707112415d.csv,bearing_inner,250707,torque_circulation,1000.0,20.0,bearing_outer
cross_condition,date_only,dummy_most_frequent,data/raw/mcc5_thu_motor/MCC5-THU Motor/MCC5-THU Motor_torque_circulation/bearing_inner_L_torque_circulation_20Nm_2000rpm_250707112622d.csv,bearing_inner,250707,torque_circulation,2000.0,20.0,bearing_outer
cross_condition,date_only,dummy_most_frequent,data/raw/mcc5_thu_motor/MCC5-THU Motor/MCC5-THU Motor_torque_circulation/bearing_inner_L_torque_circulation_20Nm_3000rpm_250707112823d.csv,bearing_inner,250707,torque_circulation,3000.0,20.0,bearing_outer
cross_condition,date_only,dummy_most_frequent,data/raw/mcc5_thu_motor/MCC5-THU Motor/MCC5-THU Motor_torque_circulation/bearing_inner_L_torque_circulation_40Nm_1000rpm_250707113035d.csv,bearing_inner,250707,torque_circulation,1000.0,40.0,bearing_outer
cross_condition,date_only,dummy_most_frequent,data/raw/mcc5_thu_motor/MCC5-THU Motor/MCC5-THU Motor_torque_circulation/bearing_inner_L_torque_circulation_40Nm_2000rpm_250707113243d.csv,bearing_inner,250707,torque_circulation,2000.0,40.0,bearing_outer
cross_condition,date_only,dummy_most_frequent,data/raw/mcc5_thu_motor/MCC5-THU Motor/MCC5-THU Motor_torque_circulation/bearing_inner_L_torque_circulation_40Nm_3000rpm_250707113444d.csv,bearing_inner,250707,torque_circulation,3000.0,40.0,bearing_outer
cross_condition,date_only,dummy_most_frequent,data/raw/mcc5_thu_motor/MCC5-THU Motor/MCC5-THU Motor_torque_circulation/bearing_outer_H_torque_circulation_20Nm_1000rpm_250707103949d.csv,bearing_outer,250707,torque_circulation,1000.0,20.0,bearing_outer
cross_condition,date_only,dummy_most_frequent,data/raw/mcc5_thu_motor/MCC5-THU Motor/MCC5-THU Motor_torque_circulation/bearing_outer_H_torque_circulation_20Nm_2000rpm_250707103802d.csv,bearing_outer,250707,torque_circulation,2000.0,20.0,bearing_outer
cross_condition,date_only,dummy_most_frequent,data/raw/mcc5_thu_motor/MCC5-THU Motor/MCC5-THU Motor_torque_circulation/bearing_outer_H_torque_circulation_20Nm_3000rpm_250821175544.csv,bearing_outer,250821,torque_circulation,3000.0,20.0,bearing_outer
cross_condition,date_only,dummy_most_frequent,data/raw/mcc5_thu_motor/MCC5-THU Motor/MCC5-THU Motor_torque_circulation/bearing_outer_H_torque_circulation_40Nm_1000rpm_250707104154d.csv,bearing_outer,250707,torque_circulation,1000.0,40.0,bearing_outer
cross_condition,date_only,dummy_most_frequent,data/raw/mcc5_thu_motor/MCC5-THU Motor/MCC5-THU Motor_torque_circulation/bearing_outer_H_torque_circulation_40Nm_2000rpm_250707104408d.csv,bearing_outer,250707,torque_circulation,2000.0,40.0,bearing_outer
cross_condition,date_only,dummy_most_frequent,data/raw/mcc5_thu_motor/MCC5-THU Motor/MCC5-THU Motor_torque_circulation/bearing_outer_H_torque_circulation_40Nm_3000rpm_250707104611d.csv,bearing_outer,250707,torque_circulation,3000.0,40.0,bearing_outer
cross_condition,date_only,dummy_most_frequent,data/raw/mcc5_thu_motor/MCC5-THU Motor/MCC5-THU Motor_torque_circulation/bearing_outer_L_torque_circulation_20Nm_1000rpm_250708093600d.csv,bearing_outer,250708,torque_circulation,1000.0,20.0,bearing_outer
cross_condition,date_only,dummy_most_frequent,data/raw/mcc5_thu_motor/MCC5-THU Motor/MCC5-THU Motor_torque_circulation/bearing_outer_L_torque_circulation_20Nm_2000rpm_250708093806d.csv,bearing_outer,250708,torque_circulation,2000.0,20.0,bearing_outer
cross_condition,date_only,dummy_most_frequent,data/raw/mcc5_thu_motor/MCC5-THU Motor/MCC5-THU Motor_torque_circulation/bearing_outer_L_torque_circulation_20Nm_3000rpm_250708094011d.csv,bearing_outer,250708,torque_circulation,3000.0,20.0,bearing_outer
cross_condition,date_only,dummy_most_frequent,data/raw/mcc5_thu_motor/MCC5-THU Motor/MCC5-THU Motor_torque_circulation/bearing_outer_L_torque_circulation_40Nm_1000rpm_250708094205d.csv,bearing_outer,250708,torque_circulation,1000.0,40.0,bearing_outer
cross_condition,date_only,dummy_most_frequent,data/raw/mcc5_thu_motor/MCC5-THU Motor/MCC5-THU Motor_torque_circulation/bearing_outer_L_torque_circulation_40Nm_2000rpm_250708094403d.csv,bearing_outer,250708,torque_circulation,2000.0,40.0,bearing_outer
cross_condition,date_only,dummy_most_frequent,data/raw/mcc5_thu_motor/MCC5-THU Motor/MCC5-THU Motor_torque_circulation/bearing_outer_L_torque_circulation_40Nm_3000rpm_250708094556d.csv,bearing_outer,250708,torque_circulation,3000.0,40.0,bearing_outer
cross_condition,date_only,dummy_most_frequent,data/raw/mcc5_thu_motor/MCC5-THU Motor/MCC5-THU Motor_torque_circulation/health_torque_circulation_20Nm_1000rpm_250702154813d.csv,healthy,250702,torque_circulation,1000.0,20.0,bearing_outer
cross_condition,date_only,dummy_most_frequent,data/raw/mcc5_thu_motor/MCC5-THU Motor/MCC5-THU Motor_torque_circulation/health_torque_circulation_20Nm_2000rpm_250702155521d.csv,healthy,250702,torque_circulation,2000.0,20.0,bearing_outer
cross_condition,date_only,dummy_most_frequent,data/raw/mcc5_thu_motor/MCC5-THU Motor/MCC5-THU Motor_torque_circulation/health_torque_circulation_20Nm_3000rpm_250702155743d.csv,healthy,250702,torque_circulation,3000.0,20.0,bearing_outer
cross_condition,date_only,dummy_most_frequent,data/raw/mcc5_thu_motor/MCC5-THU Motor/MCC5-THU Motor_torque_circulation/health_torque_circulation_40Nm_1000rpm_250702161315d.csv,healthy,250702,torque_circulation,1000.0,40.0,bearing_outer
cross_condition,date_only,dummy_most_frequent,data/raw/mcc5_thu_motor/MCC5-THU Motor/MCC5-THU Motor_torque_circulation/health_torque_circulation_40Nm_2000rpm_250702161114d.csv,healthy,250702,torque_circulation,2000.0,40.0,bearing_outer
cross_condition,date_only,dummy_most_frequent,data/raw/mcc5_thu_motor/MCC5-THU Motor/MCC5-THU Motor_torque_circulation/health_torque_circulation_40Nm_3000rpm_250702160849d.csv,healthy,250702,torque_circulation,3000.0,40.0,bearing_outer
cross_condition,operating_context_only,decision_tree,data/raw/mcc5_thu_motor/MCC5-THU Motor/MCC5-THU Motor_torque_circulation/bearing_ball_H_torque_circulation_20Nm_1000rpm_250707135802d.csv,bearing_ball,250707,torque_circulation,1000.0,20.0,bearing_inner
cross_condition,operating_context_only,decision_tree,data/raw/mcc5_thu_motor/MCC5-THU Motor/MCC5-THU Motor_torque_circulation/bearing_ball_H_torque_circulation_20Nm_2000rpm_250707140027d.csv,bearing_ball,250707,torque_circulation,2000.0,20.0,bearing_inner
cross_condition,operating_context_only,decision_tree,data/raw/mcc5_thu_motor/MCC5-THU Motor/MCC5-THU Motor_torque_circulation/bearing_ball_H_torque_circulation_20Nm_3000rpm_250707140229d.csv,bearing_ball,250707,torque_circulation,3000.0,20.0,bearing_outer
cross_condition,operating_context_only,decision_tree,data/raw/mcc5_thu_motor/MCC5-THU Motor/MCC5-THU Motor_torque_circulation/bearing_ball_H_torque_circulation_40Nm_1000rpm_250707140440d.csv,bearing_ball,250707,torque_circulation,1000.0,40.0,bearing_inner
cross_condition,operating_context_only,decision_tree,data/raw/mcc5_thu_motor/MCC5-THU Motor/MCC5-THU Motor_torque_circulation/bearing_ball_H_torque_circulation_40Nm_2000rpm_250707142821d.csv,bearing_ball,250707,torque_circulation,2000.0,40.0,bearing_inner
cross_condition,operating_context_only,decision_tree,data/raw/mcc5_thu_motor/MCC5-THU Motor/MCC5-THU Motor_torque_circulation/bearing_ball_H_torque_circulation_40Nm_3000rpm_250707143025d.csv,bearing_ball,250707,torque_circulation,3000.0,40.0,bearing_inner
cross_condition,operating_context_only,decision_tree,data/raw/mcc5_thu_motor/MCC5-THU Motor/MCC5-THU Motor_torque_circulation/bearing_ball_L_torque_circulation_20Nm_1000rpm_250707153516d.csv,bearing_ball,250707,torque_circulation,1000.0,20.0,bearing_inner
cross_condition,operating_context_only,decision_tree,data/raw/mcc5_thu_motor/MCC5-THU Motor/MCC5-THU Motor_torque_circulation/bearing_ball_L_torque_circulation_20Nm_2000rpm_250707153733d.csv,bearing_ball,250707,torque_circulation,2000.0,20.0,bearing_inner
cross_condition,operating_context_only,decision_tree,data/raw/mcc5_thu_motor/MCC5-THU Motor/MCC5-THU Motor_torque_circulation/bearing_ball_L_torque_circulation_20Nm_3000rpm_250707153938d.csv,bearing_ball,250707,torque_circulation,3000.0,20.0,bearing_outer
cross_condition,operating_context_only,decision_tree,data/raw/mcc5_thu_motor/MCC5-THU Motor/MCC5-THU Motor_torque_circulation/bearing_ball_L_torque_circulation_40Nm_1000rpm_250707154144d.csv,bearing_ball,250707,torque_circulation,1000.0,40.0,bearing_inner
cross_condition,operating_context_only,decision_tree,data/raw/mcc5_thu_motor/MCC5-THU Motor/MCC5-THU Motor_torque_circulation/bearing_ball_L_torque_circulation_40Nm_2000rpm_250707154410d.csv,bearing_ball,250707,torque_circulation,2000.0,40.0,bearing_inner
cross_condition,operating_context_only,decision_tree,data/raw/mcc5_thu_motor/MCC5-THU Motor/MCC5-THU Motor_torque_circulation/bearing_ball_L_torque_circulation_40Nm_3000rpm_250707154630d.csv,bearing_ball,250707,torque_circulation,3000.0,40.0,bearing_inner
cross_condition,operating_context_only,decision_tree,data/raw/mcc5_thu_motor/MCC5-THU Motor/MCC5-THU Motor_torque_circulation/bearing_inner_H_torque_circulation_20Nm_1000rpm_250704084736d.csv,bearing_inner,250704,torque_circulation,1000.0,20.0,bearing_inner
cross_condition,operating_context_only,decision_tree,data/raw/mcc5_thu_motor/MCC5-THU Motor/MCC5-THU Motor_torque_circulation/bearing_inner_H_torque_circulation_20Nm_2000rpm_250704084956d.csv,bearing_inner,250704,torque_circulation,2000.0,20.0,bearing_inner
cross_condition,operating_context_only,decision_tree,data/raw/mcc5_thu_motor/MCC5-THU Motor/MCC5-THU Motor_torque_circulation/bearing_inner_H_torque_circulation_20Nm_3000rpm_250704085209d.csv,bearing_inner,250704,torque_circulation,3000.0,20.0,bearing_outer
cross_condition,operating_context_only,decision_tree,data/raw/mcc5_thu_motor/MCC5-THU Motor/MCC5-THU Motor_torque_circulation/bearing_inner_H_torque_circulation_40Nm_1000rpm_250704085422d.csv,bearing_inner,250704,torque_circulation,1000.0,40.0,bearing_inner
cross_condition,operating_context_only,decision_tree,data/raw/mcc5_thu_motor/MCC5-THU Motor/MCC5-THU Motor_torque_circulation/bearing_inner_H_torque_circulation_40Nm_2000rpm_250704085637d.csv,bearing_inner,250704,torque_circulation,2000.0,40.0,bearing_inner
cross_condition,operating_context_only,decision_tree,data/raw/mcc5_thu_motor/MCC5-THU Motor/MCC5-THU Motor_torque_circulation/bearing_inner_H_torque_circulation_40Nm_3000rpm_250704085907d.csv,bearing_inner,250704,torque_circulation,3000.0,40.0,bearing_inner
cross_condition,operating_context_only,decision_tree,data/raw/mcc5_thu_motor/MCC5-THU Motor/MCC5-THU Motor_torque_circulation/bearing_inner_L_torque_circulation_20Nm_1000rpm_250707112415d.csv,bearing_inner,250707,torque_circulation,1000.0,20.0,bearing_inner
cross_condition,operating_context_only,decision_tree,data/raw/mcc5_thu_motor/MCC5-THU Motor/MCC5-THU Motor_torque_circulation/bearing_inner_L_torque_circulation_20Nm_2000rpm_250707112622d.csv,bearing_inner,250707,torque_circulation,2000.0,20.0,bearing_inner
cross_condition,operating_context_only,decision_tree,data/raw/mcc5_thu_motor/MCC5-THU Motor/MCC5-THU Motor_torque_circulation/bearing_inner_L_torque_circulation_20Nm_3000rpm_250707112823d.csv,bearing_inner,250707,torque_circulation,3000.0,20.0,bearing_outer
cross_condition,operating_context_only,decision_tree,data/raw/mcc5_thu_motor/MCC5-THU Motor/MCC5-THU Motor_torque_circulation/bearing_inner_L_torque_circulation_40Nm_1000rpm_250707113035d.csv,bearing_inner,250707,torque_circulation,1000.0,40.0,bearing_inner
cross_condition,operating_context_only,decision_tree,data/raw/mcc5_thu_motor/MCC5-THU Motor/MCC5-THU Motor_torque_circulation/bearing_inner_L_torque_circulation_40Nm_2000rpm_250707113243d.csv,bearing_inner,250707,torque_circulation,2000.0,40.0,bearing_inner
cross_condition,operating_context_only,decision_tree,data/raw/mcc5_thu_motor/MCC5-THU Motor/MCC5-THU Motor_torque_circulation/bearing_inner_L_torque_circulation_40Nm_3000rpm_250707113444d.csv,bearing_inner,250707,torque_circulation,3000.0,40.0,bearing_inner
cross_condition,operating_context_only,decision_tree,data/raw/mcc5_thu_motor/MCC5-THU Motor/MCC5-THU Motor_torque_circulation/bearing_outer_H_torque_circulation_20Nm_1000rpm_250707103949d.csv,bearing_outer,250707,torque_circulation,1000.0,20.0,bearing_inner
cross_condition,operating_context_only,decision_tree,data/raw/mcc5_thu_motor/MCC5-THU Motor/MCC5-THU Motor_torque_circulation/bearing_outer_H_torque_circulation_20Nm_2000rpm_250707103802d.csv,bearing_outer,250707,torque_circulation,2000.0,20.0,bearing_inner
cross_condition,operating_context_only,decision_tree,data/raw/mcc5_thu_motor/MCC5-THU Motor/MCC5-THU Motor_torque_circulation/bearing_outer_H_torque_circulation_20Nm_3000rpm_250821175544.csv,bearing_outer,250821,torque_circulation,3000.0,20.0,bearing_outer
cross_condition,operating_context_only,decision_tree,data/raw/mcc5_thu_motor/MCC5-THU Motor/MCC5-THU Motor_torque_circulation/bearing_outer_H_torque_circulation_40Nm_1000rpm_250707104154d.csv,bearing_outer,250707,torque_circulation,1000.0,40.0,bearing_inner
cross_condition,operating_context_only,decision_tree,data/raw/mcc5_thu_motor/MCC5-THU Motor/MCC5-THU Motor_torque_circulation/bearing_outer_H_torque_circulation_40Nm_2000rpm_250707104408d.csv,bearing_outer,250707,torque_circulation,2000.0,40.0,bearing_inner
cross_condition,operating_context_only,decision_tree,data/raw/mcc5_thu_motor/MCC5-THU Motor/MCC5-THU Motor_torque_circulation/bearing_outer_H_torque_circulation_40Nm_3000rpm_250707104611d.csv,bearing_outer,250707,torque_circulation,3000.0,40.0,bearing_inner
cross_condition,operating_context_only,decision_tree,data/raw/mcc5_thu_motor/MCC5-THU Motor/MCC5-THU Motor_torque_circulation/bearing_outer_L_torque_circulation_20Nm_1000rpm_250708093600d.csv,bearing_outer,250708,torque_circulation,1000.0,20.0,bearing_inner
cross_condition,operating_context_only,decision_tree,data/raw/mcc5_thu_motor/MCC5-THU Motor/MCC5-THU Motor_torque_circulation/bearing_outer_L_torque_circulation_20Nm_2000rpm_250708093806d.csv,bearing_outer,250708,torque_circulation,2000.0,20.0,bearing_inner
cross_condition,operating_context_only,decision_tree,data/raw/mcc5_thu_motor/MCC5-THU Motor/MCC5-THU Motor_torque_circulation/bearing_outer_L_torque_circulation_20Nm_3000rpm_250708094011d.csv,bearing_outer,250708,torque_circulation,3000.0,20.0,bearing_outer
cross_condition,operating_context_only,decision_tree,data/raw/mcc5_thu_motor/MCC5-THU Motor/MCC5-THU Motor_torque_circulation/bearing_outer_L_torque_circulation_40Nm_1000rpm_250708094205d.csv,bearing_outer,250708,torque_circulation,1000.0,40.0,bearing_inner
cross_condition,operating_context_only,decision_tree,data/raw/mcc5_thu_motor/MCC5-THU Motor/MCC5-THU Motor_torque_circulation/bearing_outer_L_torque_circulation_40Nm_2000rpm_250708094403d.csv,bearing_outer,250708,torque_circulation,2000.0,40.0,bearing_inner
cross_condition,operating_context_only,decision_tree,data/raw/mcc5_thu_motor/MCC5-THU Motor/MCC5-THU Motor_torque_circulation/bearing_outer_L_torque_circulation_40Nm_3000rpm_250708094556d.csv,bearing_outer,250708,torque_circulation,3000.0,40.0,bearing_inner
cross_condition,operating_context_only,decision_tree,data/raw/mcc5_thu_motor/MCC5-THU Motor/MCC5-THU Motor_torque_circulation/health_torque_circulation_20Nm_1000rpm_250702154813d.csv,healthy,250702,torque_circulation,1000.0,20.0,bearing_inner
cross_condition,operating_context_only,decision_tree,data/raw/mcc5_thu_motor/MCC5-THU Motor/MCC5-THU Motor_torque_circulation/health_torque_circulation_20Nm_2000rpm_250702155521d.csv,healthy,250702,torque_circulation,2000.0,20.0,bearing_inner
cross_condition,operating_context_only,decision_tree,data/raw/mcc5_thu_motor/MCC5-THU Motor/MCC5-THU Motor_torque_circulation/health_torque_circulation_20Nm_3000rpm_250702155743d.csv,healthy,250702,torque_circulation,3000.0,20.0,bearing_outer
cross_condition,operating_context_only,decision_tree,data/raw/mcc5_thu_motor/MCC5-THU Motor/MCC5-THU Motor_torque_circulation/health_torque_circulation_40Nm_1000rpm_250702161315d.csv,healthy,250702,torque_circulation,1000.0,40.0,bearing_inner
cross_condition,operating_context_only,decision_tree,data/raw/mcc5_thu_motor/MCC5-THU Motor/MCC5-THU Motor_torque_circulation/health_torque_circulation_40Nm_2000rpm_250702161114d.csv,healthy,250702,torque_circulation,2000.0,40.0,bearing_inner
cross_condition,operating_context_only,decision_tree,data/raw/mcc5_thu_motor/MCC5-THU Motor/MCC5-THU Motor_torque_circulation/health_torque_circulation_40Nm_3000rpm_250702160849d.csv,healthy,250702,torque_circulation,3000.0,40.0,bearing_inner
cross_condition,operating_context_only,logistic_regression,data/raw/mcc5_thu_motor/MCC5-THU Motor/MCC5-THU Motor_torque_circulation/bearing_ball_H_torque_circulation_20Nm_1000rpm_250707135802d.csv,bearing_ball,250707,torque_circulation,1000.0,20.0,bearing_inner
cross_condition,operating_context_only,logistic_regression,data/raw/mcc5_thu_motor/MCC5-THU Motor/MCC5-THU Motor_torque_circulation/bearing_ball_H_torque_circulation_20Nm_2000rpm_250707140027d.csv,bearing_ball,250707,torque_circulation,2000.0,20.0,bearing_outer
cross_condition,operating_context_only,logistic_regression,data/raw/mcc5_thu_motor/MCC5-THU Motor/MCC5-THU Motor_torque_circulation/bearing_ball_H_torque_circulation_20Nm_3000rpm_250707140229d.csv,bearing_ball,250707,torque_circulation,3000.0,20.0,bearing_outer
cross_condition,operating_context_only,logistic_regression,data/raw/mcc5_thu_motor/MCC5-THU Motor/MCC5-THU Motor_torque_circulation/bearing_ball_H_torque_circulation_40Nm_1000rpm_250707140440d.csv,bearing_ball,250707,torque_circulation,1000.0,40.0,bearing_inner
cross_condition,operating_context_only,logistic_regression,data/raw/mcc5_thu_motor/MCC5-THU Motor/MCC5-THU Motor_torque_circulation/bearing_ball_H_torque_circulation_40Nm_2000rpm_250707142821d.csv,bearing_ball,250707,torque_circulation,2000.0,40.0,bearing_inner
cross_condition,operating_context_only,logistic_regression,data/raw/mcc5_thu_motor/MCC5-THU Motor/MCC5-THU Motor_torque_circulation/bearing_ball_H_torque_circulation_40Nm_3000rpm_250707143025d.csv,bearing_ball,250707,torque_circulation,3000.0,40.0,bearing_outer
cross_condition,operating_context_only,logistic_regression,data/raw/mcc5_thu_motor/MCC5-THU Motor/MCC5-THU Motor_torque_circulation/bearing_ball_L_torque_circulation_20Nm_1000rpm_250707153516d.csv,bearing_ball,250707,torque_circulation,1000.0,20.0,bearing_inner
cross_condition,operating_context_only,logistic_regression,data/raw/mcc5_thu_motor/MCC5-THU Motor/MCC5-THU Motor_torque_circulation/bearing_ball_L_torque_circulation_20Nm_2000rpm_250707153733d.csv,bearing_ball,250707,torque_circulation,2000.0,20.0,bearing_outer
cross_condition,operating_context_only,logistic_regression,data/raw/mcc5_thu_motor/MCC5-THU Motor/MCC5-THU Motor_torque_circulation/bearing_ball_L_torque_circulation_20Nm_3000rpm_250707153938d.csv,bearing_ball,250707,torque_circulation,3000.0,20.0,bearing_outer
cross_condition,operating_context_only,logistic_regression,data/raw/mcc5_thu_motor/MCC5-THU Motor/MCC5-THU Motor_torque_circulation/bearing_ball_L_torque_circulation_40Nm_1000rpm_250707154144d.csv,bearing_ball,250707,torque_circulation,1000.0,40.0,bearing_inner
cross_condition,operating_context_only,logistic_regression,data/raw/mcc5_thu_motor/MCC5-THU Motor/MCC5-THU Motor_torque_circulation/bearing_ball_L_torque_circulation_40Nm_2000rpm_250707154410d.csv,bearing_ball,250707,torque_circulation,2000.0,40.0,bearing_inner
cross_condition,operating_context_only,logistic_regression,data/raw/mcc5_thu_motor/MCC5-THU Motor/MCC5-THU Motor_torque_circulation/bearing_ball_L_torque_circulation_40Nm_3000rpm_250707154630d.csv,bearing_ball,250707,torque_circulation,3000.0,40.0,bearing_outer
cross_condition,operating_context_only,logistic_regression,data/raw/mcc5_thu_motor/MCC5-THU Motor/MCC5-THU Motor_torque_circulation/bearing_inner_H_torque_circulation_20Nm_1000rpm_250704084736d.csv,bearing_inner,250704,torque_circulation,1000.0,20.0,bearing_inner
cross_condition,operating_context_only,logistic_regression,data/raw/mcc5_thu_motor/MCC5-THU Motor/MCC5-THU Motor_torque_circulation/bearing_inner_H_torque_circulation_20Nm_2000rpm_250704084956d.csv,bearing_inner,250704,torque_circulation,2000.0,20.0,bearing_outer
cross_condition,operating_context_only,logistic_regression,data/raw/mcc5_thu_motor/MCC5-THU Motor/MCC5-THU Motor_torque_circulation/bearing_inner_H_torque_circulation_20Nm_3000rpm_250704085209d.csv,bearing_inner,250704,torque_circulation,3000.0,20.0,bearing_outer
cross_condition,operating_context_only,logistic_regression,data/raw/mcc5_thu_motor/MCC5-THU Motor/MCC5-THU Motor_torque_circulation/bearing_inner_H_torque_circulation_40Nm_1000rpm_250704085422d.csv,bearing_inner,250704,torque_circulation,1000.0,40.0,bearing_inner
cross_condition,operating_context_only,logistic_regression,data/raw/mcc5_thu_motor/MCC5-THU Motor/MCC5-THU Motor_torque_circulation/bearing_inner_H_torque_circulation_40Nm_2000rpm_250704085637d.csv,bearing_inner,250704,torque_circulation,2000.0,40.0,bearing_inner
cross_condition,operating_context_only,logistic_regression,data/raw/mcc5_thu_motor/MCC5-THU Motor/MCC5-THU Motor_torque_circulation/bearing_inner_H_torque_circulation_40Nm_3000rpm_250704085907d.csv,bearing_inner,250704,torque_circulation,3000.0,40.0,bearing_outer
cross_condition,operating_context_only,logistic_regression,data/raw/mcc5_thu_motor/MCC5-THU Motor/MCC5-THU Motor_torque_circulation/bearing_inner_L_torque_circulation_20Nm_1000rpm_250707112415d.csv,bearing_inner,250707,torque_circulation,1000.0,20.0,bearing_inner
cross_condition,operating_context_only,logistic_regression,data/raw/mcc5_thu_motor/MCC5-THU Motor/MCC5-THU Motor_torque_circulation/bearing_inner_L_torque_circulation_20Nm_2000rpm_250707112622d.csv,bearing_inner,250707,torque_circulation,2000.0,20.0,bearing_outer
cross_condition,operating_context_only,logistic_regression,data/raw/mcc5_thu_motor/MCC5-THU Motor/MCC5-THU Motor_torque_circulation/bearing_inner_L_torque_circulation_20Nm_3000rpm_250707112823d.csv,bearing_inner,250707,torque_circulation,3000.0,20.0,bearing_outer
cross_condition,operating_context_only,logistic_regression,data/raw/mcc5_thu_motor/MCC5-THU Motor/MCC5-THU Motor_torque_circulation/bearing_inner_L_torque_circulation_40Nm_1000rpm_250707113035d.csv,bearing_inner,250707,torque_circulation,1000.0,40.0,bearing_inner
cross_condition,operating_context_only,logistic_regression,data/raw/mcc5_thu_motor/MCC5-THU Motor/MCC5-THU Motor_torque_circulation/bearing_inner_L_torque_circulation_40Nm_2000rpm_250707113243d.csv,bearing_inner,250707,torque_circulation,2000.0,40.0,bearing_inner
cross_condition,operating_context_only,logistic_regression,data/raw/mcc5_thu_motor/MCC5-THU Motor/MCC5-THU Motor_torque_circulation/bearing_inner_L_torque_circulation_40Nm_3000rpm_250707113444d.csv,bearing_inner,250707,torque_circulation,3000.0,40.0,bearing_outer
cross_condition,operating_context_only,logistic_regression,data/raw/mcc5_thu_motor/MCC5-THU Motor/MCC5-THU Motor_torque_circulation/bearing_outer_H_torque_circulation_20Nm_1000rpm_250707103949d.csv,bearing_outer,250707,torque_circulation,1000.0,20.0,bearing_inner
cross_condition,operating_context_only,logistic_regression,data/raw/mcc5_thu_motor/MCC5-THU Motor/MCC5-THU Motor_torque_circulation/bearing_outer_H_torque_circulation_20Nm_2000rpm_250707103802d.csv,bearing_outer,250707,torque_circulation,2000.0,20.0,bearing_outer
cross_condition,operating_context_only,logistic_regression,data/raw/mcc5_thu_motor/MCC5-THU Motor/MCC5-THU Motor_torque_circulation/bearing_outer_H_torque_circulation_20Nm_3000rpm_250821175544.csv,bearing_outer,250821,torque_circulation,3000.0,20.0,bearing_outer
cross_condition,operating_context_only,logistic_regression,data/raw/mcc5_thu_motor/MCC5-THU Motor/MCC5-THU Motor_torque_circulation/bearing_outer_H_torque_circulation_40Nm_1000rpm_250707104154d.csv,bearing_outer,250707,torque_circulation,1000.0,40.0,bearing_inner
cross_condition,operating_context_only,logistic_regression,data/raw/mcc5_thu_motor/MCC5-THU Motor/MCC5-THU Motor_torque_circulation/bearing_outer_H_torque_circulation_40Nm_2000rpm_250707104408d.csv,bearing_outer,250707,torque_circulation,2000.0,40.0,bearing_inner
cross_condition,operating_context_only,logistic_regression,data/raw/mcc5_thu_motor/MCC5-THU Motor/MCC5-THU Motor_torque_circulation/bearing_outer_H_torque_circulation_40Nm_3000rpm_250707104611d.csv,bearing_outer,250707,torque_circulation,3000.0,40.0,bearing_outer
cross_condition,operating_context_only,logistic_regression,data/raw/mcc5_thu_motor/MCC5-THU Motor/MCC5-THU Motor_torque_circulation/bearing_outer_L_torque_circulation_20Nm_1000rpm_250708093600d.csv,bearing_outer,250708,torque_circulation,1000.0,20.0,bearing_inner
cross_condition,operating_context_only,logistic_regression,data/raw/mcc5_thu_motor/MCC5-THU Motor/MCC5-THU Motor_torque_circulation/bearing_outer_L_torque_circulation_20Nm_2000rpm_250708093806d.csv,bearing_outer,250708,torque_circulation,2000.0,20.0,bearing_outer
cross_condition,operating_context_only,logistic_regression,data/raw/mcc5_thu_motor/MCC5-THU Motor/MCC5-THU Motor_torque_circulation/bearing_outer_L_torque_circulation_20Nm_3000rpm_250708094011d.csv,bearing_outer,250708,torque_circulation,3000.0,20.0,bearing_outer
cross_condition,operating_context_only,logistic_regression,data/raw/mcc5_thu_motor/MCC5-THU Motor/MCC5-THU Motor_torque_circulation/bearing_outer_L_torque_circulation_40Nm_1000rpm_250708094205d.csv,bearing_outer,250708,torque_circulation,1000.0,40.0,bearing_inner
cross_condition,operating_context_only,logistic_regression,data/raw/mcc5_thu_motor/MCC5-THU Motor/MCC5-THU Motor_torque_circulation/bearing_outer_L_torque_circulation_40Nm_2000rpm_250708094403d.csv,bearing_outer,250708,torque_circulation,2000.0,40.0,bearing_inner
cross_condition,operating_context_only,logistic_regression,data/raw/mcc5_thu_motor/MCC5-THU Motor/MCC5-THU Motor_torque_circulation/bearing_outer_L_torque_circulation_40Nm_3000rpm_250708094556d.csv,bearing_outer,250708,torque_circulation,3000.0,40.0,bearing_outer
cross_condition,operating_context_only,logistic_regression,data/raw/mcc5_thu_motor/MCC5-THU Motor/MCC5-THU Motor_torque_circulation/health_torque_circulation_20Nm_1000rpm_250702154813d.csv,healthy,250702,torque_circulation,1000.0,20.0,bearing_inner
cross_condition,operating_context_only,logistic_regression,data/raw/mcc5_thu_motor/MCC5-THU Motor/MCC5-THU Motor_torque_circulation/health_torque_circulation_20Nm_2000rpm_250702155521d.csv,healthy,250702,torque_circulation,2000.0,20.0,bearing_outer
cross_condition,operating_context_only,logistic_regression,data/raw/mcc5_thu_motor/MCC5-THU Motor/MCC5-THU Motor_torque_circulation/health_torque_circulation_20Nm_3000rpm_250702155743d.csv,healthy,250702,torque_circulation,3000.0,20.0,bearing_outer
cross_condition,operating_context_only,logistic_regression,data/raw/mcc5_thu_motor/MCC5-THU Motor/MCC5-THU Motor_torque_circulation/health_torque_circulation_40Nm_1000rpm_250702161315d.csv,healthy,250702,torque_circulation,1000.0,40.0,bearing_inner
cross_condition,operating_context_only,logistic_regression,data/raw/mcc5_thu_motor/MCC5-THU Motor/MCC5-THU Motor_torque_circulation/health_torque_circulation_40Nm_2000rpm_250702161114d.csv,healthy,250702,torque_circulation,2000.0,40.0,bearing_inner
cross_condition,operating_context_only,logistic_regression,data/raw/mcc5_thu_motor/MCC5-THU Motor/MCC5-THU Motor_torque_circulation/health_torque_circulation_40Nm_3000rpm_250702160849d.csv,healthy,250702,torque_circulation,3000.0,40.0,bearing_outer
cross_condition,operating_context_only,dummy_most_frequent,data/raw/mcc5_thu_motor/MCC5-THU Motor/MCC5-THU Motor_torque_circulation/bearing_ball_H_torque_circulation_20Nm_1000rpm_250707135802d.csv,bearing_ball,250707,torque_circulation,1000.0,20.0,bearing_outer
cross_condition,operating_context_only,dummy_most_frequent,data/raw/mcc5_thu_motor/MCC5-THU Motor/MCC5-THU Motor_torque_circulation/bearing_ball_H_torque_circulation_20Nm_2000rpm_250707140027d.csv,bearing_ball,250707,torque_circulation,2000.0,20.0,bearing_outer
cross_condition,operating_context_only,dummy_most_frequent,data/raw/mcc5_thu_motor/MCC5-THU Motor/MCC5-THU Motor_torque_circulation/bearing_ball_H_torque_circulation_20Nm_3000rpm_250707140229d.csv,bearing_ball,250707,torque_circulation,3000.0,20.0,bearing_outer
cross_condition,operating_context_only,dummy_most_frequent,data/raw/mcc5_thu_motor/MCC5-THU Motor/MCC5-THU Motor_torque_circulation/bearing_ball_H_torque_circulation_40Nm_1000rpm_250707140440d.csv,bearing_ball,250707,torque_circulation,1000.0,40.0,bearing_outer
cross_condition,operating_context_only,dummy_most_frequent,data/raw/mcc5_thu_motor/MCC5-THU Motor/MCC5-THU Motor_torque_circulation/bearing_ball_H_torque_circulation_40Nm_2000rpm_250707142821d.csv,bearing_ball,250707,torque_circulation,2000.0,40.0,bearing_outer
cross_condition,operating_context_only,dummy_most_frequent,data/raw/mcc5_thu_motor/MCC5-THU Motor/MCC5-THU Motor_torque_circulation/bearing_ball_H_torque_circulation_40Nm_3000rpm_250707143025d.csv,bearing_ball,250707,torque_circulation,3000.0,40.0,bearing_outer
cross_condition,operating_context_only,dummy_most_frequent,data/raw/mcc5_thu_motor/MCC5-THU Motor/MCC5-THU Motor_torque_circulation/bearing_ball_L_torque_circulation_20Nm_1000rpm_250707153516d.csv,bearing_ball,250707,torque_circulation,1000.0,20.0,bearing_outer
cross_condition,operating_context_only,dummy_most_frequent,data/raw/mcc5_thu_motor/MCC5-THU Motor/MCC5-THU Motor_torque_circulation/bearing_ball_L_torque_circulation_20Nm_2000rpm_250707153733d.csv,bearing_ball,250707,torque_circulation,2000.0,20.0,bearing_outer
cross_condition,operating_context_only,dummy_most_frequent,data/raw/mcc5_thu_motor/MCC5-THU Motor/MCC5-THU Motor_torque_circulation/bearing_ball_L_torque_circulation_20Nm_3000rpm_250707153938d.csv,bearing_ball,250707,torque_circulation,3000.0,20.0,bearing_outer
cross_condition,operating_context_only,dummy_most_frequent,data/raw/mcc5_thu_motor/MCC5-THU Motor/MCC5-THU Motor_torque_circulation/bearing_ball_L_torque_circulation_40Nm_1000rpm_250707154144d.csv,bearing_ball,250707,torque_circulation,1000.0,40.0,bearing_outer
cross_condition,operating_context_only,dummy_most_frequent,data/raw/mcc5_thu_motor/MCC5-THU Motor/MCC5-THU Motor_torque_circulation/bearing_ball_L_torque_circulation_40Nm_2000rpm_250707154410d.csv,bearing_ball,250707,torque_circulation,2000.0,40.0,bearing_outer
cross_condition,operating_context_only,dummy_most_frequent,data/raw/mcc5_thu_motor/MCC5-THU Motor/MCC5-THU Motor_torque_circulation/bearing_ball_L_torque_circulation_40Nm_3000rpm_250707154630d.csv,bearing_ball,250707,torque_circulation,3000.0,40.0,bearing_outer
cross_condition,operating_context_only,dummy_most_frequent,data/raw/mcc5_thu_motor/MCC5-THU Motor/MCC5-THU Motor_torque_circulation/bearing_inner_H_torque_circulation_20Nm_1000rpm_250704084736d.csv,bearing_inner,250704,torque_circulation,1000.0,20.0,bearing_outer
cross_condition,operating_context_only,dummy_most_frequent,data/raw/mcc5_thu_motor/MCC5-THU Motor/MCC5-THU Motor_torque_circulation/bearing_inner_H_torque_circulation_20Nm_2000rpm_250704084956d.csv,bearing_inner,250704,torque_circulation,2000.0,20.0,bearing_outer
cross_condition,operating_context_only,dummy_most_frequent,data/raw/mcc5_thu_motor/MCC5-THU Motor/MCC5-THU Motor_torque_circulation/bearing_inner_H_torque_circulation_20Nm_3000rpm_250704085209d.csv,bearing_inner,250704,torque_circulation,3000.0,20.0,bearing_outer
cross_condition,operating_context_only,dummy_most_frequent,data/raw/mcc5_thu_motor/MCC5-THU Motor/MCC5-THU Motor_torque_circulation/bearing_inner_H_torque_circulation_40Nm_1000rpm_250704085422d.csv,bearing_inner,250704,torque_circulation,1000.0,40.0,bearing_outer
cross_condition,operating_context_only,dummy_most_frequent,data/raw/mcc5_thu_motor/MCC5-THU Motor/MCC5-THU Motor_torque_circulation/bearing_inner_H_torque_circulation_40Nm_2000rpm_250704085637d.csv,bearing_inner,250704,torque_circulation,2000.0,40.0,bearing_outer
cross_condition,operating_context_only,dummy_most_frequent,data/raw/mcc5_thu_motor/MCC5-THU Motor/MCC5-THU Motor_torque_circulation/bearing_inner_H_torque_circulation_40Nm_3000rpm_250704085907d.csv,bearing_inner,250704,torque_circulation,3000.0,40.0,bearing_outer
cross_condition,operating_context_only,dummy_most_frequent,data/raw/mcc5_thu_motor/MCC5-THU Motor/MCC5-THU Motor_torque_circulation/bearing_inner_L_torque_circulation_20Nm_1000rpm_250707112415d.csv,bearing_inner,250707,torque_circulation,1000.0,20.0,bearing_outer
cross_condition,operating_context_only,dummy_most_frequent,data/raw/mcc5_thu_motor/MCC5-THU Motor/MCC5-THU Motor_torque_circulation/bearing_inner_L_torque_circulation_20Nm_2000rpm_250707112622d.csv,bearing_inner,250707,torque_circulation,2000.0,20.0,bearing_outer
cross_condition,operating_context_only,dummy_most_frequent,data/raw/mcc5_thu_motor/MCC5-THU Motor/MCC5-THU Motor_torque_circulation/bearing_inner_L_torque_circulation_20Nm_3000rpm_250707112823d.csv,bearing_inner,250707,torque_circulation,3000.0,20.0,bearing_outer
cross_condition,operating_context_only,dummy_most_frequent,data/raw/mcc5_thu_motor/MCC5-THU Motor/MCC5-THU Motor_torque_circulation/bearing_inner_L_torque_circulation_40Nm_1000rpm_250707113035d.csv,bearing_inner,250707,torque_circulation,1000.0,40.0,bearing_outer
cross_condition,operating_context_only,dummy_most_frequent,data/raw/mcc5_thu_motor/MCC5-THU Motor/MCC5-THU Motor_torque_circulation/bearing_inner_L_torque_circulation_40Nm_2000rpm_250707113243d.csv,bearing_inner,250707,torque_circulation,2000.0,40.0,bearing_outer
cross_condition,operating_context_only,dummy_most_frequent,data/raw/mcc5_thu_motor/MCC5-THU Motor/MCC5-THU Motor_torque_circulation/bearing_inner_L_torque_circulation_40Nm_3000rpm_250707113444d.csv,bearing_inner,250707,torque_circulation,3000.0,40.0,bearing_outer
cross_condition,operating_context_only,dummy_most_frequent,data/raw/mcc5_thu_motor/MCC5-THU Motor/MCC5-THU Motor_torque_circulation/bearing_outer_H_torque_circulation_20Nm_1000rpm_250707103949d.csv,bearing_outer,250707,torque_circulation,1000.0,20.0,bearing_outer
cross_condition,operating_context_only,dummy_most_frequent,data/raw/mcc5_thu_motor/MCC5-THU Motor/MCC5-THU Motor_torque_circulation/bearing_outer_H_torque_circulation_20Nm_2000rpm_250707103802d.csv,bearing_outer,250707,torque_circulation,2000.0,20.0,bearing_outer
cross_condition,operating_context_only,dummy_most_frequent,data/raw/mcc5_thu_motor/MCC5-THU Motor/MCC5-THU Motor_torque_circulation/bearing_outer_H_torque_circulation_20Nm_3000rpm_250821175544.csv,bearing_outer,250821,torque_circulation,3000.0,20.0,bearing_outer
cross_condition,operating_context_only,dummy_most_frequent,data/raw/mcc5_thu_motor/MCC5-THU Motor/MCC5-THU Motor_torque_circulation/bearing_outer_H_torque_circulation_40Nm_1000rpm_250707104154d.csv,bearing_outer,250707,torque_circulation,1000.0,40.0,bearing_outer
cross_condition,operating_context_only,dummy_most_frequent,data/raw/mcc5_thu_motor/MCC5-THU Motor/MCC5-THU Motor_torque_circulation/bearing_outer_H_torque_circulation_40Nm_2000rpm_250707104408d.csv,bearing_outer,250707,torque_circulation,2000.0,40.0,bearing_outer
cross_condition,operating_context_only,dummy_most_frequent,data/raw/mcc5_thu_motor/MCC5-THU Motor/MCC5-THU Motor_torque_circulation/bearing_outer_H_torque_circulation_40Nm_3000rpm_250707104611d.csv,bearing_outer,250707,torque_circulation,3000.0,40.0,bearing_outer
cross_condition,operating_context_only,dummy_most_frequent,data/raw/mcc5_thu_motor/MCC5-THU Motor/MCC5-THU Motor_torque_circulation/bearing_outer_L_torque_circulation_20Nm_1000rpm_250708093600d.csv,bearing_outer,250708,torque_circulation,1000.0,20.0,bearing_outer
cross_condition,operating_context_only,dummy_most_frequent,data/raw/mcc5_thu_motor/MCC5-THU Motor/MCC5-THU Motor_torque_circulation/bearing_outer_L_torque_circulation_20Nm_2000rpm_250708093806d.csv,bearing_outer,250708,torque_circulation,2000.0,20.0,bearing_outer
cross_condition,operating_context_only,dummy_most_frequent,data/raw/mcc5_thu_motor/MCC5-THU Motor/MCC5-THU Motor_torque_circulation/bearing_outer_L_torque_circulation_20Nm_3000rpm_250708094011d.csv,bearing_outer,250708,torque_circulation,3000.0,20.0,bearing_outer
cross_condition,operating_context_only,dummy_most_frequent,data/raw/mcc5_thu_motor/MCC5-THU Motor/MCC5-THU Motor_torque_circulation/bearing_outer_L_torque_circulation_40Nm_1000rpm_250708094205d.csv,bearing_outer,250708,torque_circulation,1000.0,40.0,bearing_outer
cross_condition,operating_context_only,dummy_most_frequent,data/raw/mcc5_thu_motor/MCC5-THU Motor/MCC5-THU Motor_torque_circulation/bearing_outer_L_torque_circulation_40Nm_2000rpm_250708094403d.csv,bearing_outer,250708,torque_circulation,2000.0,40.0,bearing_outer
cross_condition,operating_context_only,dummy_most_frequent,data/raw/mcc5_thu_motor/MCC5-THU Motor/MCC5-THU Motor_torque_circulation/bearing_outer_L_torque_circulation_40Nm_3000rpm_250708094556d.csv,bearing_outer,250708,torque_circulation,3000.0,40.0,bearing_outer
cross_condition,operating_context_only,dummy_most_frequent,data/raw/mcc5_thu_motor/MCC5-THU Motor/MCC5-THU Motor_torque_circulation/health_torque_circulation_20Nm_1000rpm_250702154813d.csv,healthy,250702,torque_circulation,1000.0,20.0,bearing_outer
cross_condition,operating_context_only,dummy_most_frequent,data/raw/mcc5_thu_motor/MCC5-THU Motor/MCC5-THU Motor_torque_circulation/health_torque_circulation_20Nm_2000rpm_250702155521d.csv,healthy,250702,torque_circulation,2000.0,20.0,bearing_outer
cross_condition,operating_context_only,dummy_most_frequent,data/raw/mcc5_thu_motor/MCC5-THU Motor/MCC5-THU Motor_torque_circulation/health_torque_circulation_20Nm_3000rpm_250702155743d.csv,healthy,250702,torque_circulation,3000.0,20.0,bearing_outer
cross_condition,operating_context_only,dummy_most_frequent,data/raw/mcc5_thu_motor/MCC5-THU Motor/MCC5-THU Motor_torque_circulation/health_torque_circulation_40Nm_1000rpm_250702161315d.csv,healthy,250702,torque_circulation,1000.0,40.0,bearing_outer
cross_condition,operating_context_only,dummy_most_frequent,data/raw/mcc5_thu_motor/MCC5-THU Motor/MCC5-THU Motor_torque_circulation/health_torque_circulation_40Nm_2000rpm_250702161114d.csv,healthy,250702,torque_circulation,2000.0,40.0,bearing_outer
cross_condition,operating_context_only,dummy_most_frequent,data/raw/mcc5_thu_motor/MCC5-THU Motor/MCC5-THU Motor_torque_circulation/health_torque_circulation_40Nm_3000rpm_250702160849d.csv,healthy,250702,torque_circulation,3000.0,40.0,bearing_outer
cross_condition,date_and_context,decision_tree,data/raw/mcc5_thu_motor/MCC5-THU Motor/MCC5-THU Motor_torque_circulation/bearing_ball_H_torque_circulation_20Nm_1000rpm_250707135802d.csv,bearing_ball,250707,torque_circulation,1000.0,20.0,bearing_ball
cross_condition,date_and_context,decision_tree,data/raw/mcc5_thu_motor/MCC5-THU Motor/MCC5-THU Motor_torque_circulation/bearing_ball_H_torque_circulation_20Nm_2000rpm_250707140027d.csv,bearing_ball,250707,torque_circulation,2000.0,20.0,bearing_ball
cross_condition,date_and_context,decision_tree,data/raw/mcc5_thu_motor/MCC5-THU Motor/MCC5-THU Motor_torque_circulation/bearing_ball_H_torque_circulation_20Nm_3000rpm_250707140229d.csv,bearing_ball,250707,torque_circulation,3000.0,20.0,bearing_ball
cross_condition,date_and_context,decision_tree,data/raw/mcc5_thu_motor/MCC5-THU Motor/MCC5-THU Motor_torque_circulation/bearing_ball_H_torque_circulation_40Nm_1000rpm_250707140440d.csv,bearing_ball,250707,torque_circulation,1000.0,40.0,bearing_ball
cross_condition,date_and_context,decision_tree,data/raw/mcc5_thu_motor/MCC5-THU Motor/MCC5-THU Motor_torque_circulation/bearing_ball_H_torque_circulation_40Nm_2000rpm_250707142821d.csv,bearing_ball,250707,torque_circulation,2000.0,40.0,bearing_ball
cross_condition,date_and_context,decision_tree,data/raw/mcc5_thu_motor/MCC5-THU Motor/MCC5-THU Motor_torque_circulation/bearing_ball_H_torque_circulation_40Nm_3000rpm_250707143025d.csv,bearing_ball,250707,torque_circulation,3000.0,40.0,bearing_ball
cross_condition,date_and_context,decision_tree,data/raw/mcc5_thu_motor/MCC5-THU Motor/MCC5-THU Motor_torque_circulation/bearing_ball_L_torque_circulation_20Nm_1000rpm_250707153516d.csv,bearing_ball,250707,torque_circulation,1000.0,20.0,bearing_ball
cross_condition,date_and_context,decision_tree,data/raw/mcc5_thu_motor/MCC5-THU Motor/MCC5-THU Motor_torque_circulation/bearing_ball_L_torque_circulation_20Nm_2000rpm_250707153733d.csv,bearing_ball,250707,torque_circulation,2000.0,20.0,bearing_ball
cross_condition,date_and_context,decision_tree,data/raw/mcc5_thu_motor/MCC5-THU Motor/MCC5-THU Motor_torque_circulation/bearing_ball_L_torque_circulation_20Nm_3000rpm_250707153938d.csv,bearing_ball,250707,torque_circulation,3000.0,20.0,bearing_ball
cross_condition,date_and_context,decision_tree,data/raw/mcc5_thu_motor/MCC5-THU Motor/MCC5-THU Motor_torque_circulation/bearing_ball_L_torque_circulation_40Nm_1000rpm_250707154144d.csv,bearing_ball,250707,torque_circulation,1000.0,40.0,bearing_ball
cross_condition,date_and_context,decision_tree,data/raw/mcc5_thu_motor/MCC5-THU Motor/MCC5-THU Motor_torque_circulation/bearing_ball_L_torque_circulation_40Nm_2000rpm_250707154410d.csv,bearing_ball,250707,torque_circulation,2000.0,40.0,bearing_ball
cross_condition,date_and_context,decision_tree,data/raw/mcc5_thu_motor/MCC5-THU Motor/MCC5-THU Motor_torque_circulation/bearing_ball_L_torque_circulation_40Nm_3000rpm_250707154630d.csv,bearing_ball,250707,torque_circulation,3000.0,40.0,bearing_ball
cross_condition,date_and_context,decision_tree,data/raw/mcc5_thu_motor/MCC5-THU Motor/MCC5-THU Motor_torque_circulation/bearing_inner_H_torque_circulation_20Nm_1000rpm_250704084736d.csv,bearing_inner,250704,torque_circulation,1000.0,20.0,bearing_inner
cross_condition,date_and_context,decision_tree,data/raw/mcc5_thu_motor/MCC5-THU Motor/MCC5-THU Motor_torque_circulation/bearing_inner_H_torque_circulation_20Nm_2000rpm_250704084956d.csv,bearing_inner,250704,torque_circulation,2000.0,20.0,bearing_inner
cross_condition,date_and_context,decision_tree,data/raw/mcc5_thu_motor/MCC5-THU Motor/MCC5-THU Motor_torque_circulation/bearing_inner_H_torque_circulation_20Nm_3000rpm_250704085209d.csv,bearing_inner,250704,torque_circulation,3000.0,20.0,bearing_inner
cross_condition,date_and_context,decision_tree,data/raw/mcc5_thu_motor/MCC5-THU Motor/MCC5-THU Motor_torque_circulation/bearing_inner_H_torque_circulation_40Nm_1000rpm_250704085422d.csv,bearing_inner,250704,torque_circulation,1000.0,40.0,bearing_inner
cross_condition,date_and_context,decision_tree,data/raw/mcc5_thu_motor/MCC5-THU Motor/MCC5-THU Motor_torque_circulation/bearing_inner_H_torque_circulation_40Nm_2000rpm_250704085637d.csv,bearing_inner,250704,torque_circulation,2000.0,40.0,bearing_inner
cross_condition,date_and_context,decision_tree,data/raw/mcc5_thu_motor/MCC5-THU Motor/MCC5-THU Motor_torque_circulation/bearing_inner_H_torque_circulation_40Nm_3000rpm_250704085907d.csv,bearing_inner,250704,torque_circulation,3000.0,40.0,bearing_inner
cross_condition,date_and_context,decision_tree,data/raw/mcc5_thu_motor/MCC5-THU Motor/MCC5-THU Motor_torque_circulation/bearing_inner_L_torque_circulation_20Nm_1000rpm_250707112415d.csv,bearing_inner,250707,torque_circulation,1000.0,20.0,bearing_ball
cross_condition,date_and_context,decision_tree,data/raw/mcc5_thu_motor/MCC5-THU Motor/MCC5-THU Motor_torque_circulation/bearing_inner_L_torque_circulation_20Nm_2000rpm_250707112622d.csv,bearing_inner,250707,torque_circulation,2000.0,20.0,bearing_ball
cross_condition,date_and_context,decision_tree,data/raw/mcc5_thu_motor/MCC5-THU Motor/MCC5-THU Motor_torque_circulation/bearing_inner_L_torque_circulation_20Nm_3000rpm_250707112823d.csv,bearing_inner,250707,torque_circulation,3000.0,20.0,bearing_ball
cross_condition,date_and_context,decision_tree,data/raw/mcc5_thu_motor/MCC5-THU Motor/MCC5-THU Motor_torque_circulation/bearing_inner_L_torque_circulation_40Nm_1000rpm_250707113035d.csv,bearing_inner,250707,torque_circulation,1000.0,40.0,bearing_ball
cross_condition,date_and_context,decision_tree,data/raw/mcc5_thu_motor/MCC5-THU Motor/MCC5-THU Motor_torque_circulation/bearing_inner_L_torque_circulation_40Nm_2000rpm_250707113243d.csv,bearing_inner,250707,torque_circulation,2000.0,40.0,bearing_ball
cross_condition,date_and_context,decision_tree,data/raw/mcc5_thu_motor/MCC5-THU Motor/MCC5-THU Motor_torque_circulation/bearing_inner_L_torque_circulation_40Nm_3000rpm_250707113444d.csv,bearing_inner,250707,torque_circulation,3000.0,40.0,bearing_ball
cross_condition,date_and_context,decision_tree,data/raw/mcc5_thu_motor/MCC5-THU Motor/MCC5-THU Motor_torque_circulation/bearing_outer_H_torque_circulation_20Nm_1000rpm_250707103949d.csv,bearing_outer,250707,torque_circulation,1000.0,20.0,bearing_ball
cross_condition,date_and_context,decision_tree,data/raw/mcc5_thu_motor/MCC5-THU Motor/MCC5-THU Motor_torque_circulation/bearing_outer_H_torque_circulation_20Nm_2000rpm_250707103802d.csv,bearing_outer,250707,torque_circulation,2000.0,20.0,bearing_ball
cross_condition,date_and_context,decision_tree,data/raw/mcc5_thu_motor/MCC5-THU Motor/MCC5-THU Motor_torque_circulation/bearing_outer_H_torque_circulation_20Nm_3000rpm_250821175544.csv,bearing_outer,250821,torque_circulation,3000.0,20.0,bearing_outer
cross_condition,date_and_context,decision_tree,data/raw/mcc5_thu_motor/MCC5-THU Motor/MCC5-THU Motor_torque_circulation/bearing_outer_H_torque_circulation_40Nm_1000rpm_250707104154d.csv,bearing_outer,250707,torque_circulation,1000.0,40.0,bearing_ball
cross_condition,date_and_context,decision_tree,data/raw/mcc5_thu_motor/MCC5-THU Motor/MCC5-THU Motor_torque_circulation/bearing_outer_H_torque_circulation_40Nm_2000rpm_250707104408d.csv,bearing_outer,250707,torque_circulation,2000.0,40.0,bearing_ball
cross_condition,date_and_context,decision_tree,data/raw/mcc5_thu_motor/MCC5-THU Motor/MCC5-THU Motor_torque_circulation/bearing_outer_H_torque_circulation_40Nm_3000rpm_250707104611d.csv,bearing_outer,250707,torque_circulation,3000.0,40.0,bearing_ball
cross_condition,date_and_context,decision_tree,data/raw/mcc5_thu_motor/MCC5-THU Motor/MCC5-THU Motor_torque_circulation/bearing_outer_L_torque_circulation_20Nm_1000rpm_250708093600d.csv,bearing_outer,250708,torque_circulation,1000.0,20.0,bearing_outer
cross_condition,date_and_context,decision_tree,data/raw/mcc5_thu_motor/MCC5-THU Motor/MCC5-THU Motor_torque_circulation/bearing_outer_L_torque_circulation_20Nm_2000rpm_250708093806d.csv,bearing_outer,250708,torque_circulation,2000.0,20.0,bearing_outer
cross_condition,date_and_context,decision_tree,data/raw/mcc5_thu_motor/MCC5-THU Motor/MCC5-THU Motor_torque_circulation/bearing_outer_L_torque_circulation_20Nm_3000rpm_250708094011d.csv,bearing_outer,250708,torque_circulation,3000.0,20.0,bearing_outer
cross_condition,date_and_context,decision_tree,data/raw/mcc5_thu_motor/MCC5-THU Motor/MCC5-THU Motor_torque_circulation/bearing_outer_L_torque_circulation_40Nm_1000rpm_250708094205d.csv,bearing_outer,250708,torque_circulation,1000.0,40.0,bearing_outer
cross_condition,date_and_context,decision_tree,data/raw/mcc5_thu_motor/MCC5-THU Motor/MCC5-THU Motor_torque_circulation/bearing_outer_L_torque_circulation_40Nm_2000rpm_250708094403d.csv,bearing_outer,250708,torque_circulation,2000.0,40.0,bearing_outer
cross_condition,date_and_context,decision_tree,data/raw/mcc5_thu_motor/MCC5-THU Motor/MCC5-THU Motor_torque_circulation/bearing_outer_L_torque_circulation_40Nm_3000rpm_250708094556d.csv,bearing_outer,250708,torque_circulation,3000.0,40.0,bearing_outer
cross_condition,date_and_context,decision_tree,data/raw/mcc5_thu_motor/MCC5-THU Motor/MCC5-THU Motor_torque_circulation/health_torque_circulation_20Nm_1000rpm_250702154813d.csv,healthy,250702,torque_circulation,1000.0,20.0,healthy
cross_condition,date_and_context,decision_tree,data/raw/mcc5_thu_motor/MCC5-THU Motor/MCC5-THU Motor_torque_circulation/health_torque_circulation_20Nm_2000rpm_250702155521d.csv,healthy,250702,torque_circulation,2000.0,20.0,healthy
cross_condition,date_and_context,decision_tree,data/raw/mcc5_thu_motor/MCC5-THU Motor/MCC5-THU Motor_torque_circulation/health_torque_circulation_20Nm_3000rpm_250702155743d.csv,healthy,250702,torque_circulation,3000.0,20.0,healthy
cross_condition,date_and_context,decision_tree,data/raw/mcc5_thu_motor/MCC5-THU Motor/MCC5-THU Motor_torque_circulation/health_torque_circulation_40Nm_1000rpm_250702161315d.csv,healthy,250702,torque_circulation,1000.0,40.0,healthy
cross_condition,date_and_context,decision_tree,data/raw/mcc5_thu_motor/MCC5-THU Motor/MCC5-THU Motor_torque_circulation/health_torque_circulation_40Nm_2000rpm_250702161114d.csv,healthy,250702,torque_circulation,2000.0,40.0,healthy
cross_condition,date_and_context,decision_tree,data/raw/mcc5_thu_motor/MCC5-THU Motor/MCC5-THU Motor_torque_circulation/health_torque_circulation_40Nm_3000rpm_250702160849d.csv,healthy,250702,torque_circulation,3000.0,40.0,healthy
cross_condition,date_and_context,logistic_regression,data/raw/mcc5_thu_motor/MCC5-THU Motor/MCC5-THU Motor_torque_circulation/bearing_ball_H_torque_circulation_20Nm_1000rpm_250707135802d.csv,bearing_ball,250707,torque_circulation,1000.0,20.0,bearing_ball
cross_condition,date_and_context,logistic_regression,data/raw/mcc5_thu_motor/MCC5-THU Motor/MCC5-THU Motor_torque_circulation/bearing_ball_H_torque_circulation_20Nm_2000rpm_250707140027d.csv,bearing_ball,250707,torque_circulation,2000.0,20.0,bearing_ball
cross_condition,date_and_context,logistic_regression,data/raw/mcc5_thu_motor/MCC5-THU Motor/MCC5-THU Motor_torque_circulation/bearing_ball_H_torque_circulation_20Nm_3000rpm_250707140229d.csv,bearing_ball,250707,torque_circulation,3000.0,20.0,bearing_ball
cross_condition,date_and_context,logistic_regression,data/raw/mcc5_thu_motor/MCC5-THU Motor/MCC5-THU Motor_torque_circulation/bearing_ball_H_torque_circulation_40Nm_1000rpm_250707140440d.csv,bearing_ball,250707,torque_circulation,1000.0,40.0,bearing_ball
cross_condition,date_and_context,logistic_regression,data/raw/mcc5_thu_motor/MCC5-THU Motor/MCC5-THU Motor_torque_circulation/bearing_ball_H_torque_circulation_40Nm_2000rpm_250707142821d.csv,bearing_ball,250707,torque_circulation,2000.0,40.0,bearing_ball
cross_condition,date_and_context,logistic_regression,data/raw/mcc5_thu_motor/MCC5-THU Motor/MCC5-THU Motor_torque_circulation/bearing_ball_H_torque_circulation_40Nm_3000rpm_250707143025d.csv,bearing_ball,250707,torque_circulation,3000.0,40.0,bearing_ball
cross_condition,date_and_context,logistic_regression,data/raw/mcc5_thu_motor/MCC5-THU Motor/MCC5-THU Motor_torque_circulation/bearing_ball_L_torque_circulation_20Nm_1000rpm_250707153516d.csv,bearing_ball,250707,torque_circulation,1000.0,20.0,bearing_ball
cross_condition,date_and_context,logistic_regression,data/raw/mcc5_thu_motor/MCC5-THU Motor/MCC5-THU Motor_torque_circulation/bearing_ball_L_torque_circulation_20Nm_2000rpm_250707153733d.csv,bearing_ball,250707,torque_circulation,2000.0,20.0,bearing_ball
cross_condition,date_and_context,logistic_regression,data/raw/mcc5_thu_motor/MCC5-THU Motor/MCC5-THU Motor_torque_circulation/bearing_ball_L_torque_circulation_20Nm_3000rpm_250707153938d.csv,bearing_ball,250707,torque_circulation,3000.0,20.0,bearing_ball
cross_condition,date_and_context,logistic_regression,data/raw/mcc5_thu_motor/MCC5-THU Motor/MCC5-THU Motor_torque_circulation/bearing_ball_L_torque_circulation_40Nm_1000rpm_250707154144d.csv,bearing_ball,250707,torque_circulation,1000.0,40.0,bearing_ball
cross_condition,date_and_context,logistic_regression,data/raw/mcc5_thu_motor/MCC5-THU Motor/MCC5-THU Motor_torque_circulation/bearing_ball_L_torque_circulation_40Nm_2000rpm_250707154410d.csv,bearing_ball,250707,torque_circulation,2000.0,40.0,bearing_ball
cross_condition,date_and_context,logistic_regression,data/raw/mcc5_thu_motor/MCC5-THU Motor/MCC5-THU Motor_torque_circulation/bearing_ball_L_torque_circulation_40Nm_3000rpm_250707154630d.csv,bearing_ball,250707,torque_circulation,3000.0,40.0,bearing_ball
cross_condition,date_and_context,logistic_regression,data/raw/mcc5_thu_motor/MCC5-THU Motor/MCC5-THU Motor_torque_circulation/bearing_inner_H_torque_circulation_20Nm_1000rpm_250704084736d.csv,bearing_inner,250704,torque_circulation,1000.0,20.0,bearing_inner
cross_condition,date_and_context,logistic_regression,data/raw/mcc5_thu_motor/MCC5-THU Motor/MCC5-THU Motor_torque_circulation/bearing_inner_H_torque_circulation_20Nm_2000rpm_250704084956d.csv,bearing_inner,250704,torque_circulation,2000.0,20.0,bearing_inner
cross_condition,date_and_context,logistic_regression,data/raw/mcc5_thu_motor/MCC5-THU Motor/MCC5-THU Motor_torque_circulation/bearing_inner_H_torque_circulation_20Nm_3000rpm_250704085209d.csv,bearing_inner,250704,torque_circulation,3000.0,20.0,bearing_inner
cross_condition,date_and_context,logistic_regression,data/raw/mcc5_thu_motor/MCC5-THU Motor/MCC5-THU Motor_torque_circulation/bearing_inner_H_torque_circulation_40Nm_1000rpm_250704085422d.csv,bearing_inner,250704,torque_circulation,1000.0,40.0,bearing_inner
cross_condition,date_and_context,logistic_regression,data/raw/mcc5_thu_motor/MCC5-THU Motor/MCC5-THU Motor_torque_circulation/bearing_inner_H_torque_circulation_40Nm_2000rpm_250704085637d.csv,bearing_inner,250704,torque_circulation,2000.0,40.0,bearing_inner
cross_condition,date_and_context,logistic_regression,data/raw/mcc5_thu_motor/MCC5-THU Motor/MCC5-THU Motor_torque_circulation/bearing_inner_H_torque_circulation_40Nm_3000rpm_250704085907d.csv,bearing_inner,250704,torque_circulation,3000.0,40.0,bearing_inner
cross_condition,date_and_context,logistic_regression,data/raw/mcc5_thu_motor/MCC5-THU Motor/MCC5-THU Motor_torque_circulation/bearing_inner_L_torque_circulation_20Nm_1000rpm_250707112415d.csv,bearing_inner,250707,torque_circulation,1000.0,20.0,bearing_ball
cross_condition,date_and_context,logistic_regression,data/raw/mcc5_thu_motor/MCC5-THU Motor/MCC5-THU Motor_torque_circulation/bearing_inner_L_torque_circulation_20Nm_2000rpm_250707112622d.csv,bearing_inner,250707,torque_circulation,2000.0,20.0,bearing_ball
cross_condition,date_and_context,logistic_regression,data/raw/mcc5_thu_motor/MCC5-THU Motor/MCC5-THU Motor_torque_circulation/bearing_inner_L_torque_circulation_20Nm_3000rpm_250707112823d.csv,bearing_inner,250707,torque_circulation,3000.0,20.0,bearing_ball
cross_condition,date_and_context,logistic_regression,data/raw/mcc5_thu_motor/MCC5-THU Motor/MCC5-THU Motor_torque_circulation/bearing_inner_L_torque_circulation_40Nm_1000rpm_250707113035d.csv,bearing_inner,250707,torque_circulation,1000.0,40.0,bearing_ball
cross_condition,date_and_context,logistic_regression,data/raw/mcc5_thu_motor/MCC5-THU Motor/MCC5-THU Motor_torque_circulation/bearing_inner_L_torque_circulation_40Nm_2000rpm_250707113243d.csv,bearing_inner,250707,torque_circulation,2000.0,40.0,bearing_ball
cross_condition,date_and_context,logistic_regression,data/raw/mcc5_thu_motor/MCC5-THU Motor/MCC5-THU Motor_torque_circulation/bearing_inner_L_torque_circulation_40Nm_3000rpm_250707113444d.csv,bearing_inner,250707,torque_circulation,3000.0,40.0,bearing_ball
cross_condition,date_and_context,logistic_regression,data/raw/mcc5_thu_motor/MCC5-THU Motor/MCC5-THU Motor_torque_circulation/bearing_outer_H_torque_circulation_20Nm_1000rpm_250707103949d.csv,bearing_outer,250707,torque_circulation,1000.0,20.0,bearing_ball
cross_condition,date_and_context,logistic_regression,data/raw/mcc5_thu_motor/MCC5-THU Motor/MCC5-THU Motor_torque_circulation/bearing_outer_H_torque_circulation_20Nm_2000rpm_250707103802d.csv,bearing_outer,250707,torque_circulation,2000.0,20.0,bearing_ball
cross_condition,date_and_context,logistic_regression,data/raw/mcc5_thu_motor/MCC5-THU Motor/MCC5-THU Motor_torque_circulation/bearing_outer_H_torque_circulation_20Nm_3000rpm_250821175544.csv,bearing_outer,250821,torque_circulation,3000.0,20.0,bearing_outer
cross_condition,date_and_context,logistic_regression,data/raw/mcc5_thu_motor/MCC5-THU Motor/MCC5-THU Motor_torque_circulation/bearing_outer_H_torque_circulation_40Nm_1000rpm_250707104154d.csv,bearing_outer,250707,torque_circulation,1000.0,40.0,bearing_ball
cross_condition,date_and_context,logistic_regression,data/raw/mcc5_thu_motor/MCC5-THU Motor/MCC5-THU Motor_torque_circulation/bearing_outer_H_torque_circulation_40Nm_2000rpm_250707104408d.csv,bearing_outer,250707,torque_circulation,2000.0,40.0,bearing_ball
cross_condition,date_and_context,logistic_regression,data/raw/mcc5_thu_motor/MCC5-THU Motor/MCC5-THU Motor_torque_circulation/bearing_outer_H_torque_circulation_40Nm_3000rpm_250707104611d.csv,bearing_outer,250707,torque_circulation,3000.0,40.0,bearing_ball
cross_condition,date_and_context,logistic_regression,data/raw/mcc5_thu_motor/MCC5-THU Motor/MCC5-THU Motor_torque_circulation/bearing_outer_L_torque_circulation_20Nm_1000rpm_250708093600d.csv,bearing_outer,250708,torque_circulation,1000.0,20.0,bearing_outer
cross_condition,date_and_context,logistic_regression,data/raw/mcc5_thu_motor/MCC5-THU Motor/MCC5-THU Motor_torque_circulation/bearing_outer_L_torque_circulation_20Nm_2000rpm_250708093806d.csv,bearing_outer,250708,torque_circulation,2000.0,20.0,bearing_outer
cross_condition,date_and_context,logistic_regression,data/raw/mcc5_thu_motor/MCC5-THU Motor/MCC5-THU Motor_torque_circulation/bearing_outer_L_torque_circulation_20Nm_3000rpm_250708094011d.csv,bearing_outer,250708,torque_circulation,3000.0,20.0,bearing_outer
cross_condition,date_and_context,logistic_regression,data/raw/mcc5_thu_motor/MCC5-THU Motor/MCC5-THU Motor_torque_circulation/bearing_outer_L_torque_circulation_40Nm_1000rpm_250708094205d.csv,bearing_outer,250708,torque_circulation,1000.0,40.0,bearing_outer
cross_condition,date_and_context,logistic_regression,data/raw/mcc5_thu_motor/MCC5-THU Motor/MCC5-THU Motor_torque_circulation/bearing_outer_L_torque_circulation_40Nm_2000rpm_250708094403d.csv,bearing_outer,250708,torque_circulation,2000.0,40.0,bearing_outer
cross_condition,date_and_context,logistic_regression,data/raw/mcc5_thu_motor/MCC5-THU Motor/MCC5-THU Motor_torque_circulation/bearing_outer_L_torque_circulation_40Nm_3000rpm_250708094556d.csv,bearing_outer,250708,torque_circulation,3000.0,40.0,bearing_outer
cross_condition,date_and_context,logistic_regression,data/raw/mcc5_thu_motor/MCC5-THU Motor/MCC5-THU Motor_torque_circulation/health_torque_circulation_20Nm_1000rpm_250702154813d.csv,healthy,250702,torque_circulation,1000.0,20.0,healthy
cross_condition,date_and_context,logistic_regression,data/raw/mcc5_thu_motor/MCC5-THU Motor/MCC5-THU Motor_torque_circulation/health_torque_circulation_20Nm_2000rpm_250702155521d.csv,healthy,250702,torque_circulation,2000.0,20.0,healthy
cross_condition,date_and_context,logistic_regression,data/raw/mcc5_thu_motor/MCC5-THU Motor/MCC5-THU Motor_torque_circulation/health_torque_circulation_20Nm_3000rpm_250702155743d.csv,healthy,250702,torque_circulation,3000.0,20.0,healthy
cross_condition,date_and_context,logistic_regression,data/raw/mcc5_thu_motor/MCC5-THU Motor/MCC5-THU Motor_torque_circulation/health_torque_circulation_40Nm_1000rpm_250702161315d.csv,healthy,250702,torque_circulation,1000.0,40.0,healthy
cross_condition,date_and_context,logistic_regression,data/raw/mcc5_thu_motor/MCC5-THU Motor/MCC5-THU Motor_torque_circulation/health_torque_circulation_40Nm_2000rpm_250702161114d.csv,healthy,250702,torque_circulation,2000.0,40.0,healthy
cross_condition,date_and_context,logistic_regression,data/raw/mcc5_thu_motor/MCC5-THU Motor/MCC5-THU Motor_torque_circulation/health_torque_circulation_40Nm_3000rpm_250702160849d.csv,healthy,250702,torque_circulation,3000.0,40.0,healthy
cross_condition,date_and_context,dummy_most_frequent,data/raw/mcc5_thu_motor/MCC5-THU Motor/MCC5-THU Motor_torque_circulation/bearing_ball_H_torque_circulation_20Nm_1000rpm_250707135802d.csv,bearing_ball,250707,torque_circulation,1000.0,20.0,bearing_outer
cross_condition,date_and_context,dummy_most_frequent,data/raw/mcc5_thu_motor/MCC5-THU Motor/MCC5-THU Motor_torque_circulation/bearing_ball_H_torque_circulation_20Nm_2000rpm_250707140027d.csv,bearing_ball,250707,torque_circulation,2000.0,20.0,bearing_outer
cross_condition,date_and_context,dummy_most_frequent,data/raw/mcc5_thu_motor/MCC5-THU Motor/MCC5-THU Motor_torque_circulation/bearing_ball_H_torque_circulation_20Nm_3000rpm_250707140229d.csv,bearing_ball,250707,torque_circulation,3000.0,20.0,bearing_outer
cross_condition,date_and_context,dummy_most_frequent,data/raw/mcc5_thu_motor/MCC5-THU Motor/MCC5-THU Motor_torque_circulation/bearing_ball_H_torque_circulation_40Nm_1000rpm_250707140440d.csv,bearing_ball,250707,torque_circulation,1000.0,40.0,bearing_outer
cross_condition,date_and_context,dummy_most_frequent,data/raw/mcc5_thu_motor/MCC5-THU Motor/MCC5-THU Motor_torque_circulation/bearing_ball_H_torque_circulation_40Nm_2000rpm_250707142821d.csv,bearing_ball,250707,torque_circulation,2000.0,40.0,bearing_outer
cross_condition,date_and_context,dummy_most_frequent,data/raw/mcc5_thu_motor/MCC5-THU Motor/MCC5-THU Motor_torque_circulation/bearing_ball_H_torque_circulation_40Nm_3000rpm_250707143025d.csv,bearing_ball,250707,torque_circulation,3000.0,40.0,bearing_outer
cross_condition,date_and_context,dummy_most_frequent,data/raw/mcc5_thu_motor/MCC5-THU Motor/MCC5-THU Motor_torque_circulation/bearing_ball_L_torque_circulation_20Nm_1000rpm_250707153516d.csv,bearing_ball,250707,torque_circulation,1000.0,20.0,bearing_outer
cross_condition,date_and_context,dummy_most_frequent,data/raw/mcc5_thu_motor/MCC5-THU Motor/MCC5-THU Motor_torque_circulation/bearing_ball_L_torque_circulation_20Nm_2000rpm_250707153733d.csv,bearing_ball,250707,torque_circulation,2000.0,20.0,bearing_outer
cross_condition,date_and_context,dummy_most_frequent,data/raw/mcc5_thu_motor/MCC5-THU Motor/MCC5-THU Motor_torque_circulation/bearing_ball_L_torque_circulation_20Nm_3000rpm_250707153938d.csv,bearing_ball,250707,torque_circulation,3000.0,20.0,bearing_outer
cross_condition,date_and_context,dummy_most_frequent,data/raw/mcc5_thu_motor/MCC5-THU Motor/MCC5-THU Motor_torque_circulation/bearing_ball_L_torque_circulation_40Nm_1000rpm_250707154144d.csv,bearing_ball,250707,torque_circulation,1000.0,40.0,bearing_outer
cross_condition,date_and_context,dummy_most_frequent,data/raw/mcc5_thu_motor/MCC5-THU Motor/MCC5-THU Motor_torque_circulation/bearing_ball_L_torque_circulation_40Nm_2000rpm_250707154410d.csv,bearing_ball,250707,torque_circulation,2000.0,40.0,bearing_outer
cross_condition,date_and_context,dummy_most_frequent,data/raw/mcc5_thu_motor/MCC5-THU Motor/MCC5-THU Motor_torque_circulation/bearing_ball_L_torque_circulation_40Nm_3000rpm_250707154630d.csv,bearing_ball,250707,torque_circulation,3000.0,40.0,bearing_outer
cross_condition,date_and_context,dummy_most_frequent,data/raw/mcc5_thu_motor/MCC5-THU Motor/MCC5-THU Motor_torque_circulation/bearing_inner_H_torque_circulation_20Nm_1000rpm_250704084736d.csv,bearing_inner,250704,torque_circulation,1000.0,20.0,bearing_outer
cross_condition,date_and_context,dummy_most_frequent,data/raw/mcc5_thu_motor/MCC5-THU Motor/MCC5-THU Motor_torque_circulation/bearing_inner_H_torque_circulation_20Nm_2000rpm_250704084956d.csv,bearing_inner,250704,torque_circulation,2000.0,20.0,bearing_outer
cross_condition,date_and_context,dummy_most_frequent,data/raw/mcc5_thu_motor/MCC5-THU Motor/MCC5-THU Motor_torque_circulation/bearing_inner_H_torque_circulation_20Nm_3000rpm_250704085209d.csv,bearing_inner,250704,torque_circulation,3000.0,20.0,bearing_outer
cross_condition,date_and_context,dummy_most_frequent,data/raw/mcc5_thu_motor/MCC5-THU Motor/MCC5-THU Motor_torque_circulation/bearing_inner_H_torque_circulation_40Nm_1000rpm_250704085422d.csv,bearing_inner,250704,torque_circulation,1000.0,40.0,bearing_outer
cross_condition,date_and_context,dummy_most_frequent,data/raw/mcc5_thu_motor/MCC5-THU Motor/MCC5-THU Motor_torque_circulation/bearing_inner_H_torque_circulation_40Nm_2000rpm_250704085637d.csv,bearing_inner,250704,torque_circulation,2000.0,40.0,bearing_outer
cross_condition,date_and_context,dummy_most_frequent,data/raw/mcc5_thu_motor/MCC5-THU Motor/MCC5-THU Motor_torque_circulation/bearing_inner_H_torque_circulation_40Nm_3000rpm_250704085907d.csv,bearing_inner,250704,torque_circulation,3000.0,40.0,bearing_outer
cross_condition,date_and_context,dummy_most_frequent,data/raw/mcc5_thu_motor/MCC5-THU Motor/MCC5-THU Motor_torque_circulation/bearing_inner_L_torque_circulation_20Nm_1000rpm_250707112415d.csv,bearing_inner,250707,torque_circulation,1000.0,20.0,bearing_outer
cross_condition,date_and_context,dummy_most_frequent,data/raw/mcc5_thu_motor/MCC5-THU Motor/MCC5-THU Motor_torque_circulation/bearing_inner_L_torque_circulation_20Nm_2000rpm_250707112622d.csv,bearing_inner,250707,torque_circulation,2000.0,20.0,bearing_outer
cross_condition,date_and_context,dummy_most_frequent,data/raw/mcc5_thu_motor/MCC5-THU Motor/MCC5-THU Motor_torque_circulation/bearing_inner_L_torque_circulation_20Nm_3000rpm_250707112823d.csv,bearing_inner,250707,torque_circulation,3000.0,20.0,bearing_outer
cross_condition,date_and_context,dummy_most_frequent,data/raw/mcc5_thu_motor/MCC5-THU Motor/MCC5-THU Motor_torque_circulation/bearing_inner_L_torque_circulation_40Nm_1000rpm_250707113035d.csv,bearing_inner,250707,torque_circulation,1000.0,40.0,bearing_outer
cross_condition,date_and_context,dummy_most_frequent,data/raw/mcc5_thu_motor/MCC5-THU Motor/MCC5-THU Motor_torque_circulation/bearing_inner_L_torque_circulation_40Nm_2000rpm_250707113243d.csv,bearing_inner,250707,torque_circulation,2000.0,40.0,bearing_outer
cross_condition,date_and_context,dummy_most_frequent,data/raw/mcc5_thu_motor/MCC5-THU Motor/MCC5-THU Motor_torque_circulation/bearing_inner_L_torque_circulation_40Nm_3000rpm_250707113444d.csv,bearing_inner,250707,torque_circulation,3000.0,40.0,bearing_outer
cross_condition,date_and_context,dummy_most_frequent,data/raw/mcc5_thu_motor/MCC5-THU Motor/MCC5-THU Motor_torque_circulation/bearing_outer_H_torque_circulation_20Nm_1000rpm_250707103949d.csv,bearing_outer,250707,torque_circulation,1000.0,20.0,bearing_outer
cross_condition,date_and_context,dummy_most_frequent,data/raw/mcc5_thu_motor/MCC5-THU Motor/MCC5-THU Motor_torque_circulation/bearing_outer_H_torque_circulation_20Nm_2000rpm_250707103802d.csv,bearing_outer,250707,torque_circulation,2000.0,20.0,bearing_outer
cross_condition,date_and_context,dummy_most_frequent,data/raw/mcc5_thu_motor/MCC5-THU Motor/MCC5-THU Motor_torque_circulation/bearing_outer_H_torque_circulation_20Nm_3000rpm_250821175544.csv,bearing_outer,250821,torque_circulation,3000.0,20.0,bearing_outer
cross_condition,date_and_context,dummy_most_frequent,data/raw/mcc5_thu_motor/MCC5-THU Motor/MCC5-THU Motor_torque_circulation/bearing_outer_H_torque_circulation_40Nm_1000rpm_250707104154d.csv,bearing_outer,250707,torque_circulation,1000.0,40.0,bearing_outer
cross_condition,date_and_context,dummy_most_frequent,data/raw/mcc5_thu_motor/MCC5-THU Motor/MCC5-THU Motor_torque_circulation/bearing_outer_H_torque_circulation_40Nm_2000rpm_250707104408d.csv,bearing_outer,250707,torque_circulation,2000.0,40.0,bearing_outer
cross_condition,date_and_context,dummy_most_frequent,data/raw/mcc5_thu_motor/MCC5-THU Motor/MCC5-THU Motor_torque_circulation/bearing_outer_H_torque_circulation_40Nm_3000rpm_250707104611d.csv,bearing_outer,250707,torque_circulation,3000.0,40.0,bearing_outer
cross_condition,date_and_context,dummy_most_frequent,data/raw/mcc5_thu_motor/MCC5-THU Motor/MCC5-THU Motor_torque_circulation/bearing_outer_L_torque_circulation_20Nm_1000rpm_250708093600d.csv,bearing_outer,250708,torque_circulation,1000.0,20.0,bearing_outer
cross_condition,date_and_context,dummy_most_frequent,data/raw/mcc5_thu_motor/MCC5-THU Motor/MCC5-THU Motor_torque_circulation/bearing_outer_L_torque_circulation_20Nm_2000rpm_250708093806d.csv,bearing_outer,250708,torque_circulation,2000.0,20.0,bearing_outer
cross_condition,date_and_context,dummy_most_frequent,data/raw/mcc5_thu_motor/MCC5-THU Motor/MCC5-THU Motor_torque_circulation/bearing_outer_L_torque_circulation_20Nm_3000rpm_250708094011d.csv,bearing_outer,250708,torque_circulation,3000.0,20.0,bearing_outer
cross_condition,date_and_context,dummy_most_frequent,data/raw/mcc5_thu_motor/MCC5-THU Motor/MCC5-THU Motor_torque_circulation/bearing_outer_L_torque_circulation_40Nm_1000rpm_250708094205d.csv,bearing_outer,250708,torque_circulation,1000.0,40.0,bearing_outer
cross_condition,date_and_context,dummy_most_frequent,data/raw/mcc5_thu_motor/MCC5-THU Motor/MCC5-THU Motor_torque_circulation/bearing_outer_L_torque_circulation_40Nm_2000rpm_250708094403d.csv,bearing_outer,250708,torque_circulation,2000.0,40.0,bearing_outer
cross_condition,date_and_context,dummy_most_frequent,data/raw/mcc5_thu_motor/MCC5-THU Motor/MCC5-THU Motor_torque_circulation/bearing_outer_L_torque_circulation_40Nm_3000rpm_250708094556d.csv,bearing_outer,250708,torque_circulation,3000.0,40.0,bearing_outer
cross_condition,date_and_context,dummy_most_frequent,data/raw/mcc5_thu_motor/MCC5-THU Motor/MCC5-THU Motor_torque_circulation/health_torque_circulation_20Nm_1000rpm_250702154813d.csv,healthy,250702,torque_circulation,1000.0,20.0,bearing_outer
cross_condition,date_and_context,dummy_most_frequent,data/raw/mcc5_thu_motor/MCC5-THU Motor/MCC5-THU Motor_torque_circulation/health_torque_circulation_20Nm_2000rpm_250702155521d.csv,healthy,250702,torque_circulation,2000.0,20.0,bearing_outer
cross_condition,date_and_context,dummy_most_frequent,data/raw/mcc5_thu_motor/MCC5-THU Motor/MCC5-THU Motor_torque_circulation/health_torque_circulation_20Nm_3000rpm_250702155743d.csv,healthy,250702,torque_circulation,3000.0,20.0,bearing_outer
cross_condition,date_and_context,dummy_most_frequent,data/raw/mcc5_thu_motor/MCC5-THU Motor/MCC5-THU Motor_torque_circulation/health_torque_circulation_40Nm_1000rpm_250702161315d.csv,healthy,250702,torque_circulation,1000.0,40.0,bearing_outer
cross_condition,date_and_context,dummy_most_frequent,data/raw/mcc5_thu_motor/MCC5-THU Motor/MCC5-THU Motor_torque_circulation/health_torque_circulation_40Nm_2000rpm_250702161114d.csv,healthy,250702,torque_circulation,2000.0,40.0,bearing_outer
cross_condition,date_and_context,dummy_most_frequent,data/raw/mcc5_thu_motor/MCC5-THU Motor/MCC5-THU Motor_torque_circulation/health_torque_circulation_40Nm_3000rpm_250702160849d.csv,healthy,250702,torque_circulation,3000.0,40.0,bearing_outer
cross_load,date_only,decision_tree,data/raw/mcc5_thu_motor/MCC5-THU Motor/MCC5-THU Motor_speed_circulation/bearing_ball_H_speed_circulation_40Nm_1000rpm_250707143453.csv,bearing_ball,250707,speed_circulation,1000.0,40.0,bearing_ball
cross_load,date_only,decision_tree,data/raw/mcc5_thu_motor/MCC5-THU Motor/MCC5-THU Motor_speed_circulation/bearing_ball_H_speed_circulation_40Nm_2000rpm_250707143905.csv,bearing_ball,250707,speed_circulation,2000.0,40.0,bearing_ball
cross_load,date_only,decision_tree,data/raw/mcc5_thu_motor/MCC5-THU Motor/MCC5-THU Motor_speed_circulation/bearing_ball_H_speed_circulation_40Nm_3000rpm_250707144708.csv,bearing_ball,250707,speed_circulation,3000.0,40.0,bearing_ball
cross_load,date_only,decision_tree,data/raw/mcc5_thu_motor/MCC5-THU Motor/MCC5-THU Motor_speed_circulation/bearing_ball_L_speed_circulation_40Nm_1000rpm_250707155133.csv,bearing_ball,250707,speed_circulation,1000.0,40.0,bearing_ball
cross_load,date_only,decision_tree,data/raw/mcc5_thu_motor/MCC5-THU Motor/MCC5-THU Motor_speed_circulation/bearing_ball_L_speed_circulation_40Nm_2000rpm_250707160240.csv,bearing_ball,250707,speed_circulation,2000.0,40.0,bearing_ball
cross_load,date_only,decision_tree,data/raw/mcc5_thu_motor/MCC5-THU Motor/MCC5-THU Motor_speed_circulation/bearing_ball_L_speed_circulation_40Nm_3000rpm_250707160826.csv,bearing_ball,250707,speed_circulation,3000.0,40.0,bearing_ball
cross_load,date_only,decision_tree,data/raw/mcc5_thu_motor/MCC5-THU Motor/MCC5-THU Motor_speed_circulation/bearing_inner_H_speed_circulation_40Nm_1000rpm_250704090347.csv,bearing_inner,250704,speed_circulation,1000.0,40.0,bearing_inner
cross_load,date_only,decision_tree,data/raw/mcc5_thu_motor/MCC5-THU Motor/MCC5-THU Motor_speed_circulation/bearing_inner_H_speed_circulation_40Nm_2000rpm_250704090841.csv,bearing_inner,250704,speed_circulation,2000.0,40.0,bearing_inner
cross_load,date_only,decision_tree,data/raw/mcc5_thu_motor/MCC5-THU Motor/MCC5-THU Motor_speed_circulation/bearing_inner_H_speed_circulation_40Nm_3000rpm_250704091435.csv,bearing_inner,250704,speed_circulation,3000.0,40.0,bearing_inner
cross_load,date_only,decision_tree,data/raw/mcc5_thu_motor/MCC5-THU Motor/MCC5-THU Motor_speed_circulation/bearing_inner_L_speed_circulation_40Nm_1000rpm_250707114105.csv,bearing_inner,250707,speed_circulation,1000.0,40.0,bearing_ball
cross_load,date_only,decision_tree,data/raw/mcc5_thu_motor/MCC5-THU Motor/MCC5-THU Motor_speed_circulation/bearing_inner_L_speed_circulation_40Nm_2000rpm_250707114548.csv,bearing_inner,250707,speed_circulation,2000.0,40.0,bearing_ball
cross_load,date_only,decision_tree,data/raw/mcc5_thu_motor/MCC5-THU Motor/MCC5-THU Motor_speed_circulation/bearing_inner_L_speed_circulation_40Nm_3000rpm_250707114941.csv,bearing_inner,250707,speed_circulation,3000.0,40.0,bearing_ball
cross_load,date_only,decision_tree,data/raw/mcc5_thu_motor/MCC5-THU Motor/MCC5-THU Motor_speed_circulation/bearing_outer_H_speed_circulation_40Nm_1000rpm_250707105055.csv,bearing_outer,250707,speed_circulation,1000.0,40.0,bearing_ball
cross_load,date_only,decision_tree,data/raw/mcc5_thu_motor/MCC5-THU Motor/MCC5-THU Motor_speed_circulation/bearing_outer_H_speed_circulation_40Nm_2000rpm_250707105500.csv,bearing_outer,250707,speed_circulation,2000.0,40.0,bearing_ball
cross_load,date_only,decision_tree,data/raw/mcc5_thu_motor/MCC5-THU Motor/MCC5-THU Motor_speed_circulation/bearing_outer_H_speed_circulation_40Nm_3000rpm_250707105959.csv,bearing_outer,250707,speed_circulation,3000.0,40.0,bearing_ball
cross_load,date_only,decision_tree,data/raw/mcc5_thu_motor/MCC5-THU Motor/MCC5-THU Motor_speed_circulation/bearing_outer_L_speed_circulation_40Nm_1000rpm_250708094556.csv,bearing_outer,250708,speed_circulation,1000.0,40.0,bearing_outer
cross_load,date_only,decision_tree,data/raw/mcc5_thu_motor/MCC5-THU Motor/MCC5-THU Motor_speed_circulation/bearing_outer_L_speed_circulation_40Nm_2000rpm_250708100011.csv,bearing_outer,250708,speed_circulation,2000.0,40.0,bearing_outer
cross_load,date_only,decision_tree,data/raw/mcc5_thu_motor/MCC5-THU Motor/MCC5-THU Motor_speed_circulation/bearing_outer_L_speed_circulation_40Nm_3000rpm_250708100602.csv,bearing_outer,250708,speed_circulation,3000.0,40.0,bearing_outer
cross_load,date_only,decision_tree,data/raw/mcc5_thu_motor/MCC5-THU Motor/MCC5-THU Motor_speed_circulation/health_speed_circulation_40Nm_1000rpm_250702161900.csv,healthy,250702,speed_circulation,1000.0,40.0,healthy
cross_load,date_only,decision_tree,data/raw/mcc5_thu_motor/MCC5-THU Motor/MCC5-THU Motor_speed_circulation/health_speed_circulation_40Nm_2000rpm_250702162327.csv,healthy,250702,speed_circulation,2000.0,40.0,healthy
cross_load,date_only,decision_tree,data/raw/mcc5_thu_motor/MCC5-THU Motor/MCC5-THU Motor_speed_circulation/health_speed_circulation_40Nm_3000rpm_250702162804.csv,healthy,250702,speed_circulation,3000.0,40.0,healthy
cross_load,date_only,decision_tree,data/raw/mcc5_thu_motor/MCC5-THU Motor/MCC5-THU Motor_torque_circulation/bearing_ball_H_torque_circulation_40Nm_1000rpm_250707140440d.csv,bearing_ball,250707,torque_circulation,1000.0,40.0,bearing_ball
cross_load,date_only,decision_tree,data/raw/mcc5_thu_motor/MCC5-THU Motor/MCC5-THU Motor_torque_circulation/bearing_ball_H_torque_circulation_40Nm_2000rpm_250707142821d.csv,bearing_ball,250707,torque_circulation,2000.0,40.0,bearing_ball
cross_load,date_only,decision_tree,data/raw/mcc5_thu_motor/MCC5-THU Motor/MCC5-THU Motor_torque_circulation/bearing_ball_H_torque_circulation_40Nm_3000rpm_250707143025d.csv,bearing_ball,250707,torque_circulation,3000.0,40.0,bearing_ball
cross_load,date_only,decision_tree,data/raw/mcc5_thu_motor/MCC5-THU Motor/MCC5-THU Motor_torque_circulation/bearing_ball_L_torque_circulation_40Nm_1000rpm_250707154144d.csv,bearing_ball,250707,torque_circulation,1000.0,40.0,bearing_ball
cross_load,date_only,decision_tree,data/raw/mcc5_thu_motor/MCC5-THU Motor/MCC5-THU Motor_torque_circulation/bearing_ball_L_torque_circulation_40Nm_2000rpm_250707154410d.csv,bearing_ball,250707,torque_circulation,2000.0,40.0,bearing_ball
cross_load,date_only,decision_tree,data/raw/mcc5_thu_motor/MCC5-THU Motor/MCC5-THU Motor_torque_circulation/bearing_ball_L_torque_circulation_40Nm_3000rpm_250707154630d.csv,bearing_ball,250707,torque_circulation,3000.0,40.0,bearing_ball
cross_load,date_only,decision_tree,data/raw/mcc5_thu_motor/MCC5-THU Motor/MCC5-THU Motor_torque_circulation/bearing_inner_H_torque_circulation_40Nm_1000rpm_250704085422d.csv,bearing_inner,250704,torque_circulation,1000.0,40.0,bearing_inner
cross_load,date_only,decision_tree,data/raw/mcc5_thu_motor/MCC5-THU Motor/MCC5-THU Motor_torque_circulation/bearing_inner_H_torque_circulation_40Nm_2000rpm_250704085637d.csv,bearing_inner,250704,torque_circulation,2000.0,40.0,bearing_inner
cross_load,date_only,decision_tree,data/raw/mcc5_thu_motor/MCC5-THU Motor/MCC5-THU Motor_torque_circulation/bearing_inner_H_torque_circulation_40Nm_3000rpm_250704085907d.csv,bearing_inner,250704,torque_circulation,3000.0,40.0,bearing_inner
cross_load,date_only,decision_tree,data/raw/mcc5_thu_motor/MCC5-THU Motor/MCC5-THU Motor_torque_circulation/bearing_inner_L_torque_circulation_40Nm_1000rpm_250707113035d.csv,bearing_inner,250707,torque_circulation,1000.0,40.0,bearing_ball
cross_load,date_only,decision_tree,data/raw/mcc5_thu_motor/MCC5-THU Motor/MCC5-THU Motor_torque_circulation/bearing_inner_L_torque_circulation_40Nm_2000rpm_250707113243d.csv,bearing_inner,250707,torque_circulation,2000.0,40.0,bearing_ball
cross_load,date_only,decision_tree,data/raw/mcc5_thu_motor/MCC5-THU Motor/MCC5-THU Motor_torque_circulation/bearing_inner_L_torque_circulation_40Nm_3000rpm_250707113444d.csv,bearing_inner,250707,torque_circulation,3000.0,40.0,bearing_ball
cross_load,date_only,decision_tree,data/raw/mcc5_thu_motor/MCC5-THU Motor/MCC5-THU Motor_torque_circulation/bearing_outer_H_torque_circulation_40Nm_1000rpm_250707104154d.csv,bearing_outer,250707,torque_circulation,1000.0,40.0,bearing_ball
cross_load,date_only,decision_tree,data/raw/mcc5_thu_motor/MCC5-THU Motor/MCC5-THU Motor_torque_circulation/bearing_outer_H_torque_circulation_40Nm_2000rpm_250707104408d.csv,bearing_outer,250707,torque_circulation,2000.0,40.0,bearing_ball
cross_load,date_only,decision_tree,data/raw/mcc5_thu_motor/MCC5-THU Motor/MCC5-THU Motor_torque_circulation/bearing_outer_H_torque_circulation_40Nm_3000rpm_250707104611d.csv,bearing_outer,250707,torque_circulation,3000.0,40.0,bearing_ball
cross_load,date_only,decision_tree,data/raw/mcc5_thu_motor/MCC5-THU Motor/MCC5-THU Motor_torque_circulation/bearing_outer_L_torque_circulation_40Nm_1000rpm_250708094205d.csv,bearing_outer,250708,torque_circulation,1000.0,40.0,bearing_outer
cross_load,date_only,decision_tree,data/raw/mcc5_thu_motor/MCC5-THU Motor/MCC5-THU Motor_torque_circulation/bearing_outer_L_torque_circulation_40Nm_2000rpm_250708094403d.csv,bearing_outer,250708,torque_circulation,2000.0,40.0,bearing_outer
cross_load,date_only,decision_tree,data/raw/mcc5_thu_motor/MCC5-THU Motor/MCC5-THU Motor_torque_circulation/bearing_outer_L_torque_circulation_40Nm_3000rpm_250708094556d.csv,bearing_outer,250708,torque_circulation,3000.0,40.0,bearing_outer
cross_load,date_only,decision_tree,data/raw/mcc5_thu_motor/MCC5-THU Motor/MCC5-THU Motor_torque_circulation/health_torque_circulation_40Nm_1000rpm_250702161315d.csv,healthy,250702,torque_circulation,1000.0,40.0,healthy
cross_load,date_only,decision_tree,data/raw/mcc5_thu_motor/MCC5-THU Motor/MCC5-THU Motor_torque_circulation/health_torque_circulation_40Nm_2000rpm_250702161114d.csv,healthy,250702,torque_circulation,2000.0,40.0,healthy
cross_load,date_only,decision_tree,data/raw/mcc5_thu_motor/MCC5-THU Motor/MCC5-THU Motor_torque_circulation/health_torque_circulation_40Nm_3000rpm_250702160849d.csv,healthy,250702,torque_circulation,3000.0,40.0,healthy
cross_load,date_only,logistic_regression,data/raw/mcc5_thu_motor/MCC5-THU Motor/MCC5-THU Motor_speed_circulation/bearing_ball_H_speed_circulation_40Nm_1000rpm_250707143453.csv,bearing_ball,250707,speed_circulation,1000.0,40.0,bearing_ball
cross_load,date_only,logistic_regression,data/raw/mcc5_thu_motor/MCC5-THU Motor/MCC5-THU Motor_speed_circulation/bearing_ball_H_speed_circulation_40Nm_2000rpm_250707143905.csv,bearing_ball,250707,speed_circulation,2000.0,40.0,bearing_ball
cross_load,date_only,logistic_regression,data/raw/mcc5_thu_motor/MCC5-THU Motor/MCC5-THU Motor_speed_circulation/bearing_ball_H_speed_circulation_40Nm_3000rpm_250707144708.csv,bearing_ball,250707,speed_circulation,3000.0,40.0,bearing_ball
cross_load,date_only,logistic_regression,data/raw/mcc5_thu_motor/MCC5-THU Motor/MCC5-THU Motor_speed_circulation/bearing_ball_L_speed_circulation_40Nm_1000rpm_250707155133.csv,bearing_ball,250707,speed_circulation,1000.0,40.0,bearing_ball
cross_load,date_only,logistic_regression,data/raw/mcc5_thu_motor/MCC5-THU Motor/MCC5-THU Motor_speed_circulation/bearing_ball_L_speed_circulation_40Nm_2000rpm_250707160240.csv,bearing_ball,250707,speed_circulation,2000.0,40.0,bearing_ball
cross_load,date_only,logistic_regression,data/raw/mcc5_thu_motor/MCC5-THU Motor/MCC5-THU Motor_speed_circulation/bearing_ball_L_speed_circulation_40Nm_3000rpm_250707160826.csv,bearing_ball,250707,speed_circulation,3000.0,40.0,bearing_ball
cross_load,date_only,logistic_regression,data/raw/mcc5_thu_motor/MCC5-THU Motor/MCC5-THU Motor_speed_circulation/bearing_inner_H_speed_circulation_40Nm_1000rpm_250704090347.csv,bearing_inner,250704,speed_circulation,1000.0,40.0,bearing_inner
cross_load,date_only,logistic_regression,data/raw/mcc5_thu_motor/MCC5-THU Motor/MCC5-THU Motor_speed_circulation/bearing_inner_H_speed_circulation_40Nm_2000rpm_250704090841.csv,bearing_inner,250704,speed_circulation,2000.0,40.0,bearing_inner
cross_load,date_only,logistic_regression,data/raw/mcc5_thu_motor/MCC5-THU Motor/MCC5-THU Motor_speed_circulation/bearing_inner_H_speed_circulation_40Nm_3000rpm_250704091435.csv,bearing_inner,250704,speed_circulation,3000.0,40.0,bearing_inner
cross_load,date_only,logistic_regression,data/raw/mcc5_thu_motor/MCC5-THU Motor/MCC5-THU Motor_speed_circulation/bearing_inner_L_speed_circulation_40Nm_1000rpm_250707114105.csv,bearing_inner,250707,speed_circulation,1000.0,40.0,bearing_ball
cross_load,date_only,logistic_regression,data/raw/mcc5_thu_motor/MCC5-THU Motor/MCC5-THU Motor_speed_circulation/bearing_inner_L_speed_circulation_40Nm_2000rpm_250707114548.csv,bearing_inner,250707,speed_circulation,2000.0,40.0,bearing_ball
cross_load,date_only,logistic_regression,data/raw/mcc5_thu_motor/MCC5-THU Motor/MCC5-THU Motor_speed_circulation/bearing_inner_L_speed_circulation_40Nm_3000rpm_250707114941.csv,bearing_inner,250707,speed_circulation,3000.0,40.0,bearing_ball
cross_load,date_only,logistic_regression,data/raw/mcc5_thu_motor/MCC5-THU Motor/MCC5-THU Motor_speed_circulation/bearing_outer_H_speed_circulation_40Nm_1000rpm_250707105055.csv,bearing_outer,250707,speed_circulation,1000.0,40.0,bearing_ball
cross_load,date_only,logistic_regression,data/raw/mcc5_thu_motor/MCC5-THU Motor/MCC5-THU Motor_speed_circulation/bearing_outer_H_speed_circulation_40Nm_2000rpm_250707105500.csv,bearing_outer,250707,speed_circulation,2000.0,40.0,bearing_ball
cross_load,date_only,logistic_regression,data/raw/mcc5_thu_motor/MCC5-THU Motor/MCC5-THU Motor_speed_circulation/bearing_outer_H_speed_circulation_40Nm_3000rpm_250707105959.csv,bearing_outer,250707,speed_circulation,3000.0,40.0,bearing_ball
cross_load,date_only,logistic_regression,data/raw/mcc5_thu_motor/MCC5-THU Motor/MCC5-THU Motor_speed_circulation/bearing_outer_L_speed_circulation_40Nm_1000rpm_250708094556.csv,bearing_outer,250708,speed_circulation,1000.0,40.0,bearing_outer
cross_load,date_only,logistic_regression,data/raw/mcc5_thu_motor/MCC5-THU Motor/MCC5-THU Motor_speed_circulation/bearing_outer_L_speed_circulation_40Nm_2000rpm_250708100011.csv,bearing_outer,250708,speed_circulation,2000.0,40.0,bearing_outer
cross_load,date_only,logistic_regression,data/raw/mcc5_thu_motor/MCC5-THU Motor/MCC5-THU Motor_speed_circulation/bearing_outer_L_speed_circulation_40Nm_3000rpm_250708100602.csv,bearing_outer,250708,speed_circulation,3000.0,40.0,bearing_outer
cross_load,date_only,logistic_regression,data/raw/mcc5_thu_motor/MCC5-THU Motor/MCC5-THU Motor_speed_circulation/health_speed_circulation_40Nm_1000rpm_250702161900.csv,healthy,250702,speed_circulation,1000.0,40.0,healthy
cross_load,date_only,logistic_regression,data/raw/mcc5_thu_motor/MCC5-THU Motor/MCC5-THU Motor_speed_circulation/health_speed_circulation_40Nm_2000rpm_250702162327.csv,healthy,250702,speed_circulation,2000.0,40.0,healthy
cross_load,date_only,logistic_regression,data/raw/mcc5_thu_motor/MCC5-THU Motor/MCC5-THU Motor_speed_circulation/health_speed_circulation_40Nm_3000rpm_250702162804.csv,healthy,250702,speed_circulation,3000.0,40.0,healthy
cross_load,date_only,logistic_regression,data/raw/mcc5_thu_motor/MCC5-THU Motor/MCC5-THU Motor_torque_circulation/bearing_ball_H_torque_circulation_40Nm_1000rpm_250707140440d.csv,bearing_ball,250707,torque_circulation,1000.0,40.0,bearing_ball
cross_load,date_only,logistic_regression,data/raw/mcc5_thu_motor/MCC5-THU Motor/MCC5-THU Motor_torque_circulation/bearing_ball_H_torque_circulation_40Nm_2000rpm_250707142821d.csv,bearing_ball,250707,torque_circulation,2000.0,40.0,bearing_ball
cross_load,date_only,logistic_regression,data/raw/mcc5_thu_motor/MCC5-THU Motor/MCC5-THU Motor_torque_circulation/bearing_ball_H_torque_circulation_40Nm_3000rpm_250707143025d.csv,bearing_ball,250707,torque_circulation,3000.0,40.0,bearing_ball
cross_load,date_only,logistic_regression,data/raw/mcc5_thu_motor/MCC5-THU Motor/MCC5-THU Motor_torque_circulation/bearing_ball_L_torque_circulation_40Nm_1000rpm_250707154144d.csv,bearing_ball,250707,torque_circulation,1000.0,40.0,bearing_ball
cross_load,date_only,logistic_regression,data/raw/mcc5_thu_motor/MCC5-THU Motor/MCC5-THU Motor_torque_circulation/bearing_ball_L_torque_circulation_40Nm_2000rpm_250707154410d.csv,bearing_ball,250707,torque_circulation,2000.0,40.0,bearing_ball
cross_load,date_only,logistic_regression,data/raw/mcc5_thu_motor/MCC5-THU Motor/MCC5-THU Motor_torque_circulation/bearing_ball_L_torque_circulation_40Nm_3000rpm_250707154630d.csv,bearing_ball,250707,torque_circulation,3000.0,40.0,bearing_ball
cross_load,date_only,logistic_regression,data/raw/mcc5_thu_motor/MCC5-THU Motor/MCC5-THU Motor_torque_circulation/bearing_inner_H_torque_circulation_40Nm_1000rpm_250704085422d.csv,bearing_inner,250704,torque_circulation,1000.0,40.0,bearing_inner
cross_load,date_only,logistic_regression,data/raw/mcc5_thu_motor/MCC5-THU Motor/MCC5-THU Motor_torque_circulation/bearing_inner_H_torque_circulation_40Nm_2000rpm_250704085637d.csv,bearing_inner,250704,torque_circulation,2000.0,40.0,bearing_inner
cross_load,date_only,logistic_regression,data/raw/mcc5_thu_motor/MCC5-THU Motor/MCC5-THU Motor_torque_circulation/bearing_inner_H_torque_circulation_40Nm_3000rpm_250704085907d.csv,bearing_inner,250704,torque_circulation,3000.0,40.0,bearing_inner
cross_load,date_only,logistic_regression,data/raw/mcc5_thu_motor/MCC5-THU Motor/MCC5-THU Motor_torque_circulation/bearing_inner_L_torque_circulation_40Nm_1000rpm_250707113035d.csv,bearing_inner,250707,torque_circulation,1000.0,40.0,bearing_ball
cross_load,date_only,logistic_regression,data/raw/mcc5_thu_motor/MCC5-THU Motor/MCC5-THU Motor_torque_circulation/bearing_inner_L_torque_circulation_40Nm_2000rpm_250707113243d.csv,bearing_inner,250707,torque_circulation,2000.0,40.0,bearing_ball
cross_load,date_only,logistic_regression,data/raw/mcc5_thu_motor/MCC5-THU Motor/MCC5-THU Motor_torque_circulation/bearing_inner_L_torque_circulation_40Nm_3000rpm_250707113444d.csv,bearing_inner,250707,torque_circulation,3000.0,40.0,bearing_ball
cross_load,date_only,logistic_regression,data/raw/mcc5_thu_motor/MCC5-THU Motor/MCC5-THU Motor_torque_circulation/bearing_outer_H_torque_circulation_40Nm_1000rpm_250707104154d.csv,bearing_outer,250707,torque_circulation,1000.0,40.0,bearing_ball
cross_load,date_only,logistic_regression,data/raw/mcc5_thu_motor/MCC5-THU Motor/MCC5-THU Motor_torque_circulation/bearing_outer_H_torque_circulation_40Nm_2000rpm_250707104408d.csv,bearing_outer,250707,torque_circulation,2000.0,40.0,bearing_ball
cross_load,date_only,logistic_regression,data/raw/mcc5_thu_motor/MCC5-THU Motor/MCC5-THU Motor_torque_circulation/bearing_outer_H_torque_circulation_40Nm_3000rpm_250707104611d.csv,bearing_outer,250707,torque_circulation,3000.0,40.0,bearing_ball
cross_load,date_only,logistic_regression,data/raw/mcc5_thu_motor/MCC5-THU Motor/MCC5-THU Motor_torque_circulation/bearing_outer_L_torque_circulation_40Nm_1000rpm_250708094205d.csv,bearing_outer,250708,torque_circulation,1000.0,40.0,bearing_outer
cross_load,date_only,logistic_regression,data/raw/mcc5_thu_motor/MCC5-THU Motor/MCC5-THU Motor_torque_circulation/bearing_outer_L_torque_circulation_40Nm_2000rpm_250708094403d.csv,bearing_outer,250708,torque_circulation,2000.0,40.0,bearing_outer
cross_load,date_only,logistic_regression,data/raw/mcc5_thu_motor/MCC5-THU Motor/MCC5-THU Motor_torque_circulation/bearing_outer_L_torque_circulation_40Nm_3000rpm_250708094556d.csv,bearing_outer,250708,torque_circulation,3000.0,40.0,bearing_outer
cross_load,date_only,logistic_regression,data/raw/mcc5_thu_motor/MCC5-THU Motor/MCC5-THU Motor_torque_circulation/health_torque_circulation_40Nm_1000rpm_250702161315d.csv,healthy,250702,torque_circulation,1000.0,40.0,healthy
cross_load,date_only,logistic_regression,data/raw/mcc5_thu_motor/MCC5-THU Motor/MCC5-THU Motor_torque_circulation/health_torque_circulation_40Nm_2000rpm_250702161114d.csv,healthy,250702,torque_circulation,2000.0,40.0,healthy
cross_load,date_only,logistic_regression,data/raw/mcc5_thu_motor/MCC5-THU Motor/MCC5-THU Motor_torque_circulation/health_torque_circulation_40Nm_3000rpm_250702160849d.csv,healthy,250702,torque_circulation,3000.0,40.0,healthy
cross_load,date_only,dummy_most_frequent,data/raw/mcc5_thu_motor/MCC5-THU Motor/MCC5-THU Motor_speed_circulation/bearing_ball_H_speed_circulation_40Nm_1000rpm_250707143453.csv,bearing_ball,250707,speed_circulation,1000.0,40.0,bearing_outer
cross_load,date_only,dummy_most_frequent,data/raw/mcc5_thu_motor/MCC5-THU Motor/MCC5-THU Motor_speed_circulation/bearing_ball_H_speed_circulation_40Nm_2000rpm_250707143905.csv,bearing_ball,250707,speed_circulation,2000.0,40.0,bearing_outer
cross_load,date_only,dummy_most_frequent,data/raw/mcc5_thu_motor/MCC5-THU Motor/MCC5-THU Motor_speed_circulation/bearing_ball_H_speed_circulation_40Nm_3000rpm_250707144708.csv,bearing_ball,250707,speed_circulation,3000.0,40.0,bearing_outer
cross_load,date_only,dummy_most_frequent,data/raw/mcc5_thu_motor/MCC5-THU Motor/MCC5-THU Motor_speed_circulation/bearing_ball_L_speed_circulation_40Nm_1000rpm_250707155133.csv,bearing_ball,250707,speed_circulation,1000.0,40.0,bearing_outer
cross_load,date_only,dummy_most_frequent,data/raw/mcc5_thu_motor/MCC5-THU Motor/MCC5-THU Motor_speed_circulation/bearing_ball_L_speed_circulation_40Nm_2000rpm_250707160240.csv,bearing_ball,250707,speed_circulation,2000.0,40.0,bearing_outer
cross_load,date_only,dummy_most_frequent,data/raw/mcc5_thu_motor/MCC5-THU Motor/MCC5-THU Motor_speed_circulation/bearing_ball_L_speed_circulation_40Nm_3000rpm_250707160826.csv,bearing_ball,250707,speed_circulation,3000.0,40.0,bearing_outer
cross_load,date_only,dummy_most_frequent,data/raw/mcc5_thu_motor/MCC5-THU Motor/MCC5-THU Motor_speed_circulation/bearing_inner_H_speed_circulation_40Nm_1000rpm_250704090347.csv,bearing_inner,250704,speed_circulation,1000.0,40.0,bearing_outer
cross_load,date_only,dummy_most_frequent,data/raw/mcc5_thu_motor/MCC5-THU Motor/MCC5-THU Motor_speed_circulation/bearing_inner_H_speed_circulation_40Nm_2000rpm_250704090841.csv,bearing_inner,250704,speed_circulation,2000.0,40.0,bearing_outer
cross_load,date_only,dummy_most_frequent,data/raw/mcc5_thu_motor/MCC5-THU Motor/MCC5-THU Motor_speed_circulation/bearing_inner_H_speed_circulation_40Nm_3000rpm_250704091435.csv,bearing_inner,250704,speed_circulation,3000.0,40.0,bearing_outer
cross_load,date_only,dummy_most_frequent,data/raw/mcc5_thu_motor/MCC5-THU Motor/MCC5-THU Motor_speed_circulation/bearing_inner_L_speed_circulation_40Nm_1000rpm_250707114105.csv,bearing_inner,250707,speed_circulation,1000.0,40.0,bearing_outer
cross_load,date_only,dummy_most_frequent,data/raw/mcc5_thu_motor/MCC5-THU Motor/MCC5-THU Motor_speed_circulation/bearing_inner_L_speed_circulation_40Nm_2000rpm_250707114548.csv,bearing_inner,250707,speed_circulation,2000.0,40.0,bearing_outer
cross_load,date_only,dummy_most_frequent,data/raw/mcc5_thu_motor/MCC5-THU Motor/MCC5-THU Motor_speed_circulation/bearing_inner_L_speed_circulation_40Nm_3000rpm_250707114941.csv,bearing_inner,250707,speed_circulation,3000.0,40.0,bearing_outer
cross_load,date_only,dummy_most_frequent,data/raw/mcc5_thu_motor/MCC5-THU Motor/MCC5-THU Motor_speed_circulation/bearing_outer_H_speed_circulation_40Nm_1000rpm_250707105055.csv,bearing_outer,250707,speed_circulation,1000.0,40.0,bearing_outer
cross_load,date_only,dummy_most_frequent,data/raw/mcc5_thu_motor/MCC5-THU Motor/MCC5-THU Motor_speed_circulation/bearing_outer_H_speed_circulation_40Nm_2000rpm_250707105500.csv,bearing_outer,250707,speed_circulation,2000.0,40.0,bearing_outer
cross_load,date_only,dummy_most_frequent,data/raw/mcc5_thu_motor/MCC5-THU Motor/MCC5-THU Motor_speed_circulation/bearing_outer_H_speed_circulation_40Nm_3000rpm_250707105959.csv,bearing_outer,250707,speed_circulation,3000.0,40.0,bearing_outer
cross_load,date_only,dummy_most_frequent,data/raw/mcc5_thu_motor/MCC5-THU Motor/MCC5-THU Motor_speed_circulation/bearing_outer_L_speed_circulation_40Nm_1000rpm_250708094556.csv,bearing_outer,250708,speed_circulation,1000.0,40.0,bearing_outer
cross_load,date_only,dummy_most_frequent,data/raw/mcc5_thu_motor/MCC5-THU Motor/MCC5-THU Motor_speed_circulation/bearing_outer_L_speed_circulation_40Nm_2000rpm_250708100011.csv,bearing_outer,250708,speed_circulation,2000.0,40.0,bearing_outer
cross_load,date_only,dummy_most_frequent,data/raw/mcc5_thu_motor/MCC5-THU Motor/MCC5-THU Motor_speed_circulation/bearing_outer_L_speed_circulation_40Nm_3000rpm_250708100602.csv,bearing_outer,250708,speed_circulation,3000.0,40.0,bearing_outer
cross_load,date_only,dummy_most_frequent,data/raw/mcc5_thu_motor/MCC5-THU Motor/MCC5-THU Motor_speed_circulation/health_speed_circulation_40Nm_1000rpm_250702161900.csv,healthy,250702,speed_circulation,1000.0,40.0,bearing_outer
cross_load,date_only,dummy_most_frequent,data/raw/mcc5_thu_motor/MCC5-THU Motor/MCC5-THU Motor_speed_circulation/health_speed_circulation_40Nm_2000rpm_250702162327.csv,healthy,250702,speed_circulation,2000.0,40.0,bearing_outer
cross_load,date_only,dummy_most_frequent,data/raw/mcc5_thu_motor/MCC5-THU Motor/MCC5-THU Motor_speed_circulation/health_speed_circulation_40Nm_3000rpm_250702162804.csv,healthy,250702,speed_circulation,3000.0,40.0,bearing_outer
cross_load,date_only,dummy_most_frequent,data/raw/mcc5_thu_motor/MCC5-THU Motor/MCC5-THU Motor_torque_circulation/bearing_ball_H_torque_circulation_40Nm_1000rpm_250707140440d.csv,bearing_ball,250707,torque_circulation,1000.0,40.0,bearing_outer
cross_load,date_only,dummy_most_frequent,data/raw/mcc5_thu_motor/MCC5-THU Motor/MCC5-THU Motor_torque_circulation/bearing_ball_H_torque_circulation_40Nm_2000rpm_250707142821d.csv,bearing_ball,250707,torque_circulation,2000.0,40.0,bearing_outer
cross_load,date_only,dummy_most_frequent,data/raw/mcc5_thu_motor/MCC5-THU Motor/MCC5-THU Motor_torque_circulation/bearing_ball_H_torque_circulation_40Nm_3000rpm_250707143025d.csv,bearing_ball,250707,torque_circulation,3000.0,40.0,bearing_outer
cross_load,date_only,dummy_most_frequent,data/raw/mcc5_thu_motor/MCC5-THU Motor/MCC5-THU Motor_torque_circulation/bearing_ball_L_torque_circulation_40Nm_1000rpm_250707154144d.csv,bearing_ball,250707,torque_circulation,1000.0,40.0,bearing_outer
cross_load,date_only,dummy_most_frequent,data/raw/mcc5_thu_motor/MCC5-THU Motor/MCC5-THU Motor_torque_circulation/bearing_ball_L_torque_circulation_40Nm_2000rpm_250707154410d.csv,bearing_ball,250707,torque_circulation,2000.0,40.0,bearing_outer
cross_load,date_only,dummy_most_frequent,data/raw/mcc5_thu_motor/MCC5-THU Motor/MCC5-THU Motor_torque_circulation/bearing_ball_L_torque_circulation_40Nm_3000rpm_250707154630d.csv,bearing_ball,250707,torque_circulation,3000.0,40.0,bearing_outer
cross_load,date_only,dummy_most_frequent,data/raw/mcc5_thu_motor/MCC5-THU Motor/MCC5-THU Motor_torque_circulation/bearing_inner_H_torque_circulation_40Nm_1000rpm_250704085422d.csv,bearing_inner,250704,torque_circulation,1000.0,40.0,bearing_outer
cross_load,date_only,dummy_most_frequent,data/raw/mcc5_thu_motor/MCC5-THU Motor/MCC5-THU Motor_torque_circulation/bearing_inner_H_torque_circulation_40Nm_2000rpm_250704085637d.csv,bearing_inner,250704,torque_circulation,2000.0,40.0,bearing_outer
cross_load,date_only,dummy_most_frequent,data/raw/mcc5_thu_motor/MCC5-THU Motor/MCC5-THU Motor_torque_circulation/bearing_inner_H_torque_circulation_40Nm_3000rpm_250704085907d.csv,bearing_inner,250704,torque_circulation,3000.0,40.0,bearing_outer
cross_load,date_only,dummy_most_frequent,data/raw/mcc5_thu_motor/MCC5-THU Motor/MCC5-THU Motor_torque_circulation/bearing_inner_L_torque_circulation_40Nm_1000rpm_250707113035d.csv,bearing_inner,250707,torque_circulation,1000.0,40.0,bearing_outer
cross_load,date_only,dummy_most_frequent,data/raw/mcc5_thu_motor/MCC5-THU Motor/MCC5-THU Motor_torque_circulation/bearing_inner_L_torque_circulation_40Nm_2000rpm_250707113243d.csv,bearing_inner,250707,torque_circulation,2000.0,40.0,bearing_outer
cross_load,date_only,dummy_most_frequent,data/raw/mcc5_thu_motor/MCC5-THU Motor/MCC5-THU Motor_torque_circulation/bearing_inner_L_torque_circulation_40Nm_3000rpm_250707113444d.csv,bearing_inner,250707,torque_circulation,3000.0,40.0,bearing_outer
cross_load,date_only,dummy_most_frequent,data/raw/mcc5_thu_motor/MCC5-THU Motor/MCC5-THU Motor_torque_circulation/bearing_outer_H_torque_circulation_40Nm_1000rpm_250707104154d.csv,bearing_outer,250707,torque_circulation,1000.0,40.0,bearing_outer
cross_load,date_only,dummy_most_frequent,data/raw/mcc5_thu_motor/MCC5-THU Motor/MCC5-THU Motor_torque_circulation/bearing_outer_H_torque_circulation_40Nm_2000rpm_250707104408d.csv,bearing_outer,250707,torque_circulation,2000.0,40.0,bearing_outer
cross_load,date_only,dummy_most_frequent,data/raw/mcc5_thu_motor/MCC5-THU Motor/MCC5-THU Motor_torque_circulation/bearing_outer_H_torque_circulation_40Nm_3000rpm_250707104611d.csv,bearing_outer,250707,torque_circulation,3000.0,40.0,bearing_outer
cross_load,date_only,dummy_most_frequent,data/raw/mcc5_thu_motor/MCC5-THU Motor/MCC5-THU Motor_torque_circulation/bearing_outer_L_torque_circulation_40Nm_1000rpm_250708094205d.csv,bearing_outer,250708,torque_circulation,1000.0,40.0,bearing_outer
cross_load,date_only,dummy_most_frequent,data/raw/mcc5_thu_motor/MCC5-THU Motor/MCC5-THU Motor_torque_circulation/bearing_outer_L_torque_circulation_40Nm_2000rpm_250708094403d.csv,bearing_outer,250708,torque_circulation,2000.0,40.0,bearing_outer
cross_load,date_only,dummy_most_frequent,data/raw/mcc5_thu_motor/MCC5-THU Motor/MCC5-THU Motor_torque_circulation/bearing_outer_L_torque_circulation_40Nm_3000rpm_250708094556d.csv,bearing_outer,250708,torque_circulation,3000.0,40.0,bearing_outer
cross_load,date_only,dummy_most_frequent,data/raw/mcc5_thu_motor/MCC5-THU Motor/MCC5-THU Motor_torque_circulation/health_torque_circulation_40Nm_1000rpm_250702161315d.csv,healthy,250702,torque_circulation,1000.0,40.0,bearing_outer
cross_load,date_only,dummy_most_frequent,data/raw/mcc5_thu_motor/MCC5-THU Motor/MCC5-THU Motor_torque_circulation/health_torque_circulation_40Nm_2000rpm_250702161114d.csv,healthy,250702,torque_circulation,2000.0,40.0,bearing_outer
cross_load,date_only,dummy_most_frequent,data/raw/mcc5_thu_motor/MCC5-THU Motor/MCC5-THU Motor_torque_circulation/health_torque_circulation_40Nm_3000rpm_250702160849d.csv,healthy,250702,torque_circulation,3000.0,40.0,bearing_outer
cross_load,operating_context_only,decision_tree,data/raw/mcc5_thu_motor/MCC5-THU Motor/MCC5-THU Motor_speed_circulation/bearing_ball_H_speed_circulation_40Nm_1000rpm_250707143453.csv,bearing_ball,250707,speed_circulation,1000.0,40.0,bearing_inner
cross_load,operating_context_only,decision_tree,data/raw/mcc5_thu_motor/MCC5-THU Motor/MCC5-THU Motor_speed_circulation/bearing_ball_H_speed_circulation_40Nm_2000rpm_250707143905.csv,bearing_ball,250707,speed_circulation,2000.0,40.0,bearing_inner
cross_load,operating_context_only,decision_tree,data/raw/mcc5_thu_motor/MCC5-THU Motor/MCC5-THU Motor_speed_circulation/bearing_ball_H_speed_circulation_40Nm_3000rpm_250707144708.csv,bearing_ball,250707,speed_circulation,3000.0,40.0,bearing_outer
cross_load,operating_context_only,decision_tree,data/raw/mcc5_thu_motor/MCC5-THU Motor/MCC5-THU Motor_speed_circulation/bearing_ball_L_speed_circulation_40Nm_1000rpm_250707155133.csv,bearing_ball,250707,speed_circulation,1000.0,40.0,bearing_inner
cross_load,operating_context_only,decision_tree,data/raw/mcc5_thu_motor/MCC5-THU Motor/MCC5-THU Motor_speed_circulation/bearing_ball_L_speed_circulation_40Nm_2000rpm_250707160240.csv,bearing_ball,250707,speed_circulation,2000.0,40.0,bearing_inner
cross_load,operating_context_only,decision_tree,data/raw/mcc5_thu_motor/MCC5-THU Motor/MCC5-THU Motor_speed_circulation/bearing_ball_L_speed_circulation_40Nm_3000rpm_250707160826.csv,bearing_ball,250707,speed_circulation,3000.0,40.0,bearing_outer
cross_load,operating_context_only,decision_tree,data/raw/mcc5_thu_motor/MCC5-THU Motor/MCC5-THU Motor_speed_circulation/bearing_inner_H_speed_circulation_40Nm_1000rpm_250704090347.csv,bearing_inner,250704,speed_circulation,1000.0,40.0,bearing_inner
cross_load,operating_context_only,decision_tree,data/raw/mcc5_thu_motor/MCC5-THU Motor/MCC5-THU Motor_speed_circulation/bearing_inner_H_speed_circulation_40Nm_2000rpm_250704090841.csv,bearing_inner,250704,speed_circulation,2000.0,40.0,bearing_inner
cross_load,operating_context_only,decision_tree,data/raw/mcc5_thu_motor/MCC5-THU Motor/MCC5-THU Motor_speed_circulation/bearing_inner_H_speed_circulation_40Nm_3000rpm_250704091435.csv,bearing_inner,250704,speed_circulation,3000.0,40.0,bearing_outer
cross_load,operating_context_only,decision_tree,data/raw/mcc5_thu_motor/MCC5-THU Motor/MCC5-THU Motor_speed_circulation/bearing_inner_L_speed_circulation_40Nm_1000rpm_250707114105.csv,bearing_inner,250707,speed_circulation,1000.0,40.0,bearing_inner
cross_load,operating_context_only,decision_tree,data/raw/mcc5_thu_motor/MCC5-THU Motor/MCC5-THU Motor_speed_circulation/bearing_inner_L_speed_circulation_40Nm_2000rpm_250707114548.csv,bearing_inner,250707,speed_circulation,2000.0,40.0,bearing_inner
cross_load,operating_context_only,decision_tree,data/raw/mcc5_thu_motor/MCC5-THU Motor/MCC5-THU Motor_speed_circulation/bearing_inner_L_speed_circulation_40Nm_3000rpm_250707114941.csv,bearing_inner,250707,speed_circulation,3000.0,40.0,bearing_outer
cross_load,operating_context_only,decision_tree,data/raw/mcc5_thu_motor/MCC5-THU Motor/MCC5-THU Motor_speed_circulation/bearing_outer_H_speed_circulation_40Nm_1000rpm_250707105055.csv,bearing_outer,250707,speed_circulation,1000.0,40.0,bearing_inner
cross_load,operating_context_only,decision_tree,data/raw/mcc5_thu_motor/MCC5-THU Motor/MCC5-THU Motor_speed_circulation/bearing_outer_H_speed_circulation_40Nm_2000rpm_250707105500.csv,bearing_outer,250707,speed_circulation,2000.0,40.0,bearing_inner
cross_load,operating_context_only,decision_tree,data/raw/mcc5_thu_motor/MCC5-THU Motor/MCC5-THU Motor_speed_circulation/bearing_outer_H_speed_circulation_40Nm_3000rpm_250707105959.csv,bearing_outer,250707,speed_circulation,3000.0,40.0,bearing_outer
cross_load,operating_context_only,decision_tree,data/raw/mcc5_thu_motor/MCC5-THU Motor/MCC5-THU Motor_speed_circulation/bearing_outer_L_speed_circulation_40Nm_1000rpm_250708094556.csv,bearing_outer,250708,speed_circulation,1000.0,40.0,bearing_inner
cross_load,operating_context_only,decision_tree,data/raw/mcc5_thu_motor/MCC5-THU Motor/MCC5-THU Motor_speed_circulation/bearing_outer_L_speed_circulation_40Nm_2000rpm_250708100011.csv,bearing_outer,250708,speed_circulation,2000.0,40.0,bearing_inner
cross_load,operating_context_only,decision_tree,data/raw/mcc5_thu_motor/MCC5-THU Motor/MCC5-THU Motor_speed_circulation/bearing_outer_L_speed_circulation_40Nm_3000rpm_250708100602.csv,bearing_outer,250708,speed_circulation,3000.0,40.0,bearing_outer
cross_load,operating_context_only,decision_tree,data/raw/mcc5_thu_motor/MCC5-THU Motor/MCC5-THU Motor_speed_circulation/health_speed_circulation_40Nm_1000rpm_250702161900.csv,healthy,250702,speed_circulation,1000.0,40.0,bearing_inner
cross_load,operating_context_only,decision_tree,data/raw/mcc5_thu_motor/MCC5-THU Motor/MCC5-THU Motor_speed_circulation/health_speed_circulation_40Nm_2000rpm_250702162327.csv,healthy,250702,speed_circulation,2000.0,40.0,bearing_inner
cross_load,operating_context_only,decision_tree,data/raw/mcc5_thu_motor/MCC5-THU Motor/MCC5-THU Motor_speed_circulation/health_speed_circulation_40Nm_3000rpm_250702162804.csv,healthy,250702,speed_circulation,3000.0,40.0,bearing_outer
cross_load,operating_context_only,decision_tree,data/raw/mcc5_thu_motor/MCC5-THU Motor/MCC5-THU Motor_torque_circulation/bearing_ball_H_torque_circulation_40Nm_1000rpm_250707140440d.csv,bearing_ball,250707,torque_circulation,1000.0,40.0,bearing_inner
cross_load,operating_context_only,decision_tree,data/raw/mcc5_thu_motor/MCC5-THU Motor/MCC5-THU Motor_torque_circulation/bearing_ball_H_torque_circulation_40Nm_2000rpm_250707142821d.csv,bearing_ball,250707,torque_circulation,2000.0,40.0,bearing_inner
cross_load,operating_context_only,decision_tree,data/raw/mcc5_thu_motor/MCC5-THU Motor/MCC5-THU Motor_torque_circulation/bearing_ball_H_torque_circulation_40Nm_3000rpm_250707143025d.csv,bearing_ball,250707,torque_circulation,3000.0,40.0,bearing_inner
cross_load,operating_context_only,decision_tree,data/raw/mcc5_thu_motor/MCC5-THU Motor/MCC5-THU Motor_torque_circulation/bearing_ball_L_torque_circulation_40Nm_1000rpm_250707154144d.csv,bearing_ball,250707,torque_circulation,1000.0,40.0,bearing_inner
cross_load,operating_context_only,decision_tree,data/raw/mcc5_thu_motor/MCC5-THU Motor/MCC5-THU Motor_torque_circulation/bearing_ball_L_torque_circulation_40Nm_2000rpm_250707154410d.csv,bearing_ball,250707,torque_circulation,2000.0,40.0,bearing_inner
cross_load,operating_context_only,decision_tree,data/raw/mcc5_thu_motor/MCC5-THU Motor/MCC5-THU Motor_torque_circulation/bearing_ball_L_torque_circulation_40Nm_3000rpm_250707154630d.csv,bearing_ball,250707,torque_circulation,3000.0,40.0,bearing_inner
cross_load,operating_context_only,decision_tree,data/raw/mcc5_thu_motor/MCC5-THU Motor/MCC5-THU Motor_torque_circulation/bearing_inner_H_torque_circulation_40Nm_1000rpm_250704085422d.csv,bearing_inner,250704,torque_circulation,1000.0,40.0,bearing_inner
cross_load,operating_context_only,decision_tree,data/raw/mcc5_thu_motor/MCC5-THU Motor/MCC5-THU Motor_torque_circulation/bearing_inner_H_torque_circulation_40Nm_2000rpm_250704085637d.csv,bearing_inner,250704,torque_circulation,2000.0,40.0,bearing_inner
cross_load,operating_context_only,decision_tree,data/raw/mcc5_thu_motor/MCC5-THU Motor/MCC5-THU Motor_torque_circulation/bearing_inner_H_torque_circulation_40Nm_3000rpm_250704085907d.csv,bearing_inner,250704,torque_circulation,3000.0,40.0,bearing_inner
cross_load,operating_context_only,decision_tree,data/raw/mcc5_thu_motor/MCC5-THU Motor/MCC5-THU Motor_torque_circulation/bearing_inner_L_torque_circulation_40Nm_1000rpm_250707113035d.csv,bearing_inner,250707,torque_circulation,1000.0,40.0,bearing_inner
cross_load,operating_context_only,decision_tree,data/raw/mcc5_thu_motor/MCC5-THU Motor/MCC5-THU Motor_torque_circulation/bearing_inner_L_torque_circulation_40Nm_2000rpm_250707113243d.csv,bearing_inner,250707,torque_circulation,2000.0,40.0,bearing_inner
cross_load,operating_context_only,decision_tree,data/raw/mcc5_thu_motor/MCC5-THU Motor/MCC5-THU Motor_torque_circulation/bearing_inner_L_torque_circulation_40Nm_3000rpm_250707113444d.csv,bearing_inner,250707,torque_circulation,3000.0,40.0,bearing_inner
cross_load,operating_context_only,decision_tree,data/raw/mcc5_thu_motor/MCC5-THU Motor/MCC5-THU Motor_torque_circulation/bearing_outer_H_torque_circulation_40Nm_1000rpm_250707104154d.csv,bearing_outer,250707,torque_circulation,1000.0,40.0,bearing_inner
cross_load,operating_context_only,decision_tree,data/raw/mcc5_thu_motor/MCC5-THU Motor/MCC5-THU Motor_torque_circulation/bearing_outer_H_torque_circulation_40Nm_2000rpm_250707104408d.csv,bearing_outer,250707,torque_circulation,2000.0,40.0,bearing_inner
cross_load,operating_context_only,decision_tree,data/raw/mcc5_thu_motor/MCC5-THU Motor/MCC5-THU Motor_torque_circulation/bearing_outer_H_torque_circulation_40Nm_3000rpm_250707104611d.csv,bearing_outer,250707,torque_circulation,3000.0,40.0,bearing_inner
cross_load,operating_context_only,decision_tree,data/raw/mcc5_thu_motor/MCC5-THU Motor/MCC5-THU Motor_torque_circulation/bearing_outer_L_torque_circulation_40Nm_1000rpm_250708094205d.csv,bearing_outer,250708,torque_circulation,1000.0,40.0,bearing_inner
cross_load,operating_context_only,decision_tree,data/raw/mcc5_thu_motor/MCC5-THU Motor/MCC5-THU Motor_torque_circulation/bearing_outer_L_torque_circulation_40Nm_2000rpm_250708094403d.csv,bearing_outer,250708,torque_circulation,2000.0,40.0,bearing_inner
cross_load,operating_context_only,decision_tree,data/raw/mcc5_thu_motor/MCC5-THU Motor/MCC5-THU Motor_torque_circulation/bearing_outer_L_torque_circulation_40Nm_3000rpm_250708094556d.csv,bearing_outer,250708,torque_circulation,3000.0,40.0,bearing_inner
cross_load,operating_context_only,decision_tree,data/raw/mcc5_thu_motor/MCC5-THU Motor/MCC5-THU Motor_torque_circulation/health_torque_circulation_40Nm_1000rpm_250702161315d.csv,healthy,250702,torque_circulation,1000.0,40.0,bearing_inner
cross_load,operating_context_only,decision_tree,data/raw/mcc5_thu_motor/MCC5-THU Motor/MCC5-THU Motor_torque_circulation/health_torque_circulation_40Nm_2000rpm_250702161114d.csv,healthy,250702,torque_circulation,2000.0,40.0,bearing_inner
cross_load,operating_context_only,decision_tree,data/raw/mcc5_thu_motor/MCC5-THU Motor/MCC5-THU Motor_torque_circulation/health_torque_circulation_40Nm_3000rpm_250702160849d.csv,healthy,250702,torque_circulation,3000.0,40.0,bearing_inner
cross_load,operating_context_only,logistic_regression,data/raw/mcc5_thu_motor/MCC5-THU Motor/MCC5-THU Motor_speed_circulation/bearing_ball_H_speed_circulation_40Nm_1000rpm_250707143453.csv,bearing_ball,250707,speed_circulation,1000.0,40.0,bearing_inner
cross_load,operating_context_only,logistic_regression,data/raw/mcc5_thu_motor/MCC5-THU Motor/MCC5-THU Motor_speed_circulation/bearing_ball_H_speed_circulation_40Nm_2000rpm_250707143905.csv,bearing_ball,250707,speed_circulation,2000.0,40.0,bearing_outer
cross_load,operating_context_only,logistic_regression,data/raw/mcc5_thu_motor/MCC5-THU Motor/MCC5-THU Motor_speed_circulation/bearing_ball_H_speed_circulation_40Nm_3000rpm_250707144708.csv,bearing_ball,250707,speed_circulation,3000.0,40.0,bearing_outer
cross_load,operating_context_only,logistic_regression,data/raw/mcc5_thu_motor/MCC5-THU Motor/MCC5-THU Motor_speed_circulation/bearing_ball_L_speed_circulation_40Nm_1000rpm_250707155133.csv,bearing_ball,250707,speed_circulation,1000.0,40.0,bearing_inner
cross_load,operating_context_only,logistic_regression,data/raw/mcc5_thu_motor/MCC5-THU Motor/MCC5-THU Motor_speed_circulation/bearing_ball_L_speed_circulation_40Nm_2000rpm_250707160240.csv,bearing_ball,250707,speed_circulation,2000.0,40.0,bearing_outer
cross_load,operating_context_only,logistic_regression,data/raw/mcc5_thu_motor/MCC5-THU Motor/MCC5-THU Motor_speed_circulation/bearing_ball_L_speed_circulation_40Nm_3000rpm_250707160826.csv,bearing_ball,250707,speed_circulation,3000.0,40.0,bearing_outer
cross_load,operating_context_only,logistic_regression,data/raw/mcc5_thu_motor/MCC5-THU Motor/MCC5-THU Motor_speed_circulation/bearing_inner_H_speed_circulation_40Nm_1000rpm_250704090347.csv,bearing_inner,250704,speed_circulation,1000.0,40.0,bearing_inner
cross_load,operating_context_only,logistic_regression,data/raw/mcc5_thu_motor/MCC5-THU Motor/MCC5-THU Motor_speed_circulation/bearing_inner_H_speed_circulation_40Nm_2000rpm_250704090841.csv,bearing_inner,250704,speed_circulation,2000.0,40.0,bearing_outer
cross_load,operating_context_only,logistic_regression,data/raw/mcc5_thu_motor/MCC5-THU Motor/MCC5-THU Motor_speed_circulation/bearing_inner_H_speed_circulation_40Nm_3000rpm_250704091435.csv,bearing_inner,250704,speed_circulation,3000.0,40.0,bearing_outer
cross_load,operating_context_only,logistic_regression,data/raw/mcc5_thu_motor/MCC5-THU Motor/MCC5-THU Motor_speed_circulation/bearing_inner_L_speed_circulation_40Nm_1000rpm_250707114105.csv,bearing_inner,250707,speed_circulation,1000.0,40.0,bearing_inner
cross_load,operating_context_only,logistic_regression,data/raw/mcc5_thu_motor/MCC5-THU Motor/MCC5-THU Motor_speed_circulation/bearing_inner_L_speed_circulation_40Nm_2000rpm_250707114548.csv,bearing_inner,250707,speed_circulation,2000.0,40.0,bearing_outer
cross_load,operating_context_only,logistic_regression,data/raw/mcc5_thu_motor/MCC5-THU Motor/MCC5-THU Motor_speed_circulation/bearing_inner_L_speed_circulation_40Nm_3000rpm_250707114941.csv,bearing_inner,250707,speed_circulation,3000.0,40.0,bearing_outer
cross_load,operating_context_only,logistic_regression,data/raw/mcc5_thu_motor/MCC5-THU Motor/MCC5-THU Motor_speed_circulation/bearing_outer_H_speed_circulation_40Nm_1000rpm_250707105055.csv,bearing_outer,250707,speed_circulation,1000.0,40.0,bearing_inner
cross_load,operating_context_only,logistic_regression,data/raw/mcc5_thu_motor/MCC5-THU Motor/MCC5-THU Motor_speed_circulation/bearing_outer_H_speed_circulation_40Nm_2000rpm_250707105500.csv,bearing_outer,250707,speed_circulation,2000.0,40.0,bearing_outer
cross_load,operating_context_only,logistic_regression,data/raw/mcc5_thu_motor/MCC5-THU Motor/MCC5-THU Motor_speed_circulation/bearing_outer_H_speed_circulation_40Nm_3000rpm_250707105959.csv,bearing_outer,250707,speed_circulation,3000.0,40.0,bearing_outer
cross_load,operating_context_only,logistic_regression,data/raw/mcc5_thu_motor/MCC5-THU Motor/MCC5-THU Motor_speed_circulation/bearing_outer_L_speed_circulation_40Nm_1000rpm_250708094556.csv,bearing_outer,250708,speed_circulation,1000.0,40.0,bearing_inner
cross_load,operating_context_only,logistic_regression,data/raw/mcc5_thu_motor/MCC5-THU Motor/MCC5-THU Motor_speed_circulation/bearing_outer_L_speed_circulation_40Nm_2000rpm_250708100011.csv,bearing_outer,250708,speed_circulation,2000.0,40.0,bearing_outer
cross_load,operating_context_only,logistic_regression,data/raw/mcc5_thu_motor/MCC5-THU Motor/MCC5-THU Motor_speed_circulation/bearing_outer_L_speed_circulation_40Nm_3000rpm_250708100602.csv,bearing_outer,250708,speed_circulation,3000.0,40.0,bearing_outer
cross_load,operating_context_only,logistic_regression,data/raw/mcc5_thu_motor/MCC5-THU Motor/MCC5-THU Motor_speed_circulation/health_speed_circulation_40Nm_1000rpm_250702161900.csv,healthy,250702,speed_circulation,1000.0,40.0,bearing_inner
cross_load,operating_context_only,logistic_regression,data/raw/mcc5_thu_motor/MCC5-THU Motor/MCC5-THU Motor_speed_circulation/health_speed_circulation_40Nm_2000rpm_250702162327.csv,healthy,250702,speed_circulation,2000.0,40.0,bearing_outer
cross_load,operating_context_only,logistic_regression,data/raw/mcc5_thu_motor/MCC5-THU Motor/MCC5-THU Motor_speed_circulation/health_speed_circulation_40Nm_3000rpm_250702162804.csv,healthy,250702,speed_circulation,3000.0,40.0,bearing_outer
cross_load,operating_context_only,logistic_regression,data/raw/mcc5_thu_motor/MCC5-THU Motor/MCC5-THU Motor_torque_circulation/bearing_ball_H_torque_circulation_40Nm_1000rpm_250707140440d.csv,bearing_ball,250707,torque_circulation,1000.0,40.0,bearing_inner
cross_load,operating_context_only,logistic_regression,data/raw/mcc5_thu_motor/MCC5-THU Motor/MCC5-THU Motor_torque_circulation/bearing_ball_H_torque_circulation_40Nm_2000rpm_250707142821d.csv,bearing_ball,250707,torque_circulation,2000.0,40.0,bearing_inner
cross_load,operating_context_only,logistic_regression,data/raw/mcc5_thu_motor/MCC5-THU Motor/MCC5-THU Motor_torque_circulation/bearing_ball_H_torque_circulation_40Nm_3000rpm_250707143025d.csv,bearing_ball,250707,torque_circulation,3000.0,40.0,bearing_outer
cross_load,operating_context_only,logistic_regression,data/raw/mcc5_thu_motor/MCC5-THU Motor/MCC5-THU Motor_torque_circulation/bearing_ball_L_torque_circulation_40Nm_1000rpm_250707154144d.csv,bearing_ball,250707,torque_circulation,1000.0,40.0,bearing_inner
cross_load,operating_context_only,logistic_regression,data/raw/mcc5_thu_motor/MCC5-THU Motor/MCC5-THU Motor_torque_circulation/bearing_ball_L_torque_circulation_40Nm_2000rpm_250707154410d.csv,bearing_ball,250707,torque_circulation,2000.0,40.0,bearing_inner
cross_load,operating_context_only,logistic_regression,data/raw/mcc5_thu_motor/MCC5-THU Motor/MCC5-THU Motor_torque_circulation/bearing_ball_L_torque_circulation_40Nm_3000rpm_250707154630d.csv,bearing_ball,250707,torque_circulation,3000.0,40.0,bearing_outer
cross_load,operating_context_only,logistic_regression,data/raw/mcc5_thu_motor/MCC5-THU Motor/MCC5-THU Motor_torque_circulation/bearing_inner_H_torque_circulation_40Nm_1000rpm_250704085422d.csv,bearing_inner,250704,torque_circulation,1000.0,40.0,bearing_inner
cross_load,operating_context_only,logistic_regression,data/raw/mcc5_thu_motor/MCC5-THU Motor/MCC5-THU Motor_torque_circulation/bearing_inner_H_torque_circulation_40Nm_2000rpm_250704085637d.csv,bearing_inner,250704,torque_circulation,2000.0,40.0,bearing_inner
cross_load,operating_context_only,logistic_regression,data/raw/mcc5_thu_motor/MCC5-THU Motor/MCC5-THU Motor_torque_circulation/bearing_inner_H_torque_circulation_40Nm_3000rpm_250704085907d.csv,bearing_inner,250704,torque_circulation,3000.0,40.0,bearing_outer
cross_load,operating_context_only,logistic_regression,data/raw/mcc5_thu_motor/MCC5-THU Motor/MCC5-THU Motor_torque_circulation/bearing_inner_L_torque_circulation_40Nm_1000rpm_250707113035d.csv,bearing_inner,250707,torque_circulation,1000.0,40.0,bearing_inner
cross_load,operating_context_only,logistic_regression,data/raw/mcc5_thu_motor/MCC5-THU Motor/MCC5-THU Motor_torque_circulation/bearing_inner_L_torque_circulation_40Nm_2000rpm_250707113243d.csv,bearing_inner,250707,torque_circulation,2000.0,40.0,bearing_inner
cross_load,operating_context_only,logistic_regression,data/raw/mcc5_thu_motor/MCC5-THU Motor/MCC5-THU Motor_torque_circulation/bearing_inner_L_torque_circulation_40Nm_3000rpm_250707113444d.csv,bearing_inner,250707,torque_circulation,3000.0,40.0,bearing_outer
cross_load,operating_context_only,logistic_regression,data/raw/mcc5_thu_motor/MCC5-THU Motor/MCC5-THU Motor_torque_circulation/bearing_outer_H_torque_circulation_40Nm_1000rpm_250707104154d.csv,bearing_outer,250707,torque_circulation,1000.0,40.0,bearing_inner
cross_load,operating_context_only,logistic_regression,data/raw/mcc5_thu_motor/MCC5-THU Motor/MCC5-THU Motor_torque_circulation/bearing_outer_H_torque_circulation_40Nm_2000rpm_250707104408d.csv,bearing_outer,250707,torque_circulation,2000.0,40.0,bearing_inner
cross_load,operating_context_only,logistic_regression,data/raw/mcc5_thu_motor/MCC5-THU Motor/MCC5-THU Motor_torque_circulation/bearing_outer_H_torque_circulation_40Nm_3000rpm_250707104611d.csv,bearing_outer,250707,torque_circulation,3000.0,40.0,bearing_outer
cross_load,operating_context_only,logistic_regression,data/raw/mcc5_thu_motor/MCC5-THU Motor/MCC5-THU Motor_torque_circulation/bearing_outer_L_torque_circulation_40Nm_1000rpm_250708094205d.csv,bearing_outer,250708,torque_circulation,1000.0,40.0,bearing_inner
cross_load,operating_context_only,logistic_regression,data/raw/mcc5_thu_motor/MCC5-THU Motor/MCC5-THU Motor_torque_circulation/bearing_outer_L_torque_circulation_40Nm_2000rpm_250708094403d.csv,bearing_outer,250708,torque_circulation,2000.0,40.0,bearing_inner
cross_load,operating_context_only,logistic_regression,data/raw/mcc5_thu_motor/MCC5-THU Motor/MCC5-THU Motor_torque_circulation/bearing_outer_L_torque_circulation_40Nm_3000rpm_250708094556d.csv,bearing_outer,250708,torque_circulation,3000.0,40.0,bearing_outer
cross_load,operating_context_only,logistic_regression,data/raw/mcc5_thu_motor/MCC5-THU Motor/MCC5-THU Motor_torque_circulation/health_torque_circulation_40Nm_1000rpm_250702161315d.csv,healthy,250702,torque_circulation,1000.0,40.0,bearing_inner
cross_load,operating_context_only,logistic_regression,data/raw/mcc5_thu_motor/MCC5-THU Motor/MCC5-THU Motor_torque_circulation/health_torque_circulation_40Nm_2000rpm_250702161114d.csv,healthy,250702,torque_circulation,2000.0,40.0,bearing_inner
cross_load,operating_context_only,logistic_regression,data/raw/mcc5_thu_motor/MCC5-THU Motor/MCC5-THU Motor_torque_circulation/health_torque_circulation_40Nm_3000rpm_250702160849d.csv,healthy,250702,torque_circulation,3000.0,40.0,bearing_outer
cross_load,operating_context_only,dummy_most_frequent,data/raw/mcc5_thu_motor/MCC5-THU Motor/MCC5-THU Motor_speed_circulation/bearing_ball_H_speed_circulation_40Nm_1000rpm_250707143453.csv,bearing_ball,250707,speed_circulation,1000.0,40.0,bearing_outer
cross_load,operating_context_only,dummy_most_frequent,data/raw/mcc5_thu_motor/MCC5-THU Motor/MCC5-THU Motor_speed_circulation/bearing_ball_H_speed_circulation_40Nm_2000rpm_250707143905.csv,bearing_ball,250707,speed_circulation,2000.0,40.0,bearing_outer
cross_load,operating_context_only,dummy_most_frequent,data/raw/mcc5_thu_motor/MCC5-THU Motor/MCC5-THU Motor_speed_circulation/bearing_ball_H_speed_circulation_40Nm_3000rpm_250707144708.csv,bearing_ball,250707,speed_circulation,3000.0,40.0,bearing_outer
cross_load,operating_context_only,dummy_most_frequent,data/raw/mcc5_thu_motor/MCC5-THU Motor/MCC5-THU Motor_speed_circulation/bearing_ball_L_speed_circulation_40Nm_1000rpm_250707155133.csv,bearing_ball,250707,speed_circulation,1000.0,40.0,bearing_outer
cross_load,operating_context_only,dummy_most_frequent,data/raw/mcc5_thu_motor/MCC5-THU Motor/MCC5-THU Motor_speed_circulation/bearing_ball_L_speed_circulation_40Nm_2000rpm_250707160240.csv,bearing_ball,250707,speed_circulation,2000.0,40.0,bearing_outer
cross_load,operating_context_only,dummy_most_frequent,data/raw/mcc5_thu_motor/MCC5-THU Motor/MCC5-THU Motor_speed_circulation/bearing_ball_L_speed_circulation_40Nm_3000rpm_250707160826.csv,bearing_ball,250707,speed_circulation,3000.0,40.0,bearing_outer
cross_load,operating_context_only,dummy_most_frequent,data/raw/mcc5_thu_motor/MCC5-THU Motor/MCC5-THU Motor_speed_circulation/bearing_inner_H_speed_circulation_40Nm_1000rpm_250704090347.csv,bearing_inner,250704,speed_circulation,1000.0,40.0,bearing_outer
cross_load,operating_context_only,dummy_most_frequent,data/raw/mcc5_thu_motor/MCC5-THU Motor/MCC5-THU Motor_speed_circulation/bearing_inner_H_speed_circulation_40Nm_2000rpm_250704090841.csv,bearing_inner,250704,speed_circulation,2000.0,40.0,bearing_outer
cross_load,operating_context_only,dummy_most_frequent,data/raw/mcc5_thu_motor/MCC5-THU Motor/MCC5-THU Motor_speed_circulation/bearing_inner_H_speed_circulation_40Nm_3000rpm_250704091435.csv,bearing_inner,250704,speed_circulation,3000.0,40.0,bearing_outer
cross_load,operating_context_only,dummy_most_frequent,data/raw/mcc5_thu_motor/MCC5-THU Motor/MCC5-THU Motor_speed_circulation/bearing_inner_L_speed_circulation_40Nm_1000rpm_250707114105.csv,bearing_inner,250707,speed_circulation,1000.0,40.0,bearing_outer
cross_load,operating_context_only,dummy_most_frequent,data/raw/mcc5_thu_motor/MCC5-THU Motor/MCC5-THU Motor_speed_circulation/bearing_inner_L_speed_circulation_40Nm_2000rpm_250707114548.csv,bearing_inner,250707,speed_circulation,2000.0,40.0,bearing_outer
cross_load,operating_context_only,dummy_most_frequent,data/raw/mcc5_thu_motor/MCC5-THU Motor/MCC5-THU Motor_speed_circulation/bearing_inner_L_speed_circulation_40Nm_3000rpm_250707114941.csv,bearing_inner,250707,speed_circulation,3000.0,40.0,bearing_outer
cross_load,operating_context_only,dummy_most_frequent,data/raw/mcc5_thu_motor/MCC5-THU Motor/MCC5-THU Motor_speed_circulation/bearing_outer_H_speed_circulation_40Nm_1000rpm_250707105055.csv,bearing_outer,250707,speed_circulation,1000.0,40.0,bearing_outer
cross_load,operating_context_only,dummy_most_frequent,data/raw/mcc5_thu_motor/MCC5-THU Motor/MCC5-THU Motor_speed_circulation/bearing_outer_H_speed_circulation_40Nm_2000rpm_250707105500.csv,bearing_outer,250707,speed_circulation,2000.0,40.0,bearing_outer
cross_load,operating_context_only,dummy_most_frequent,data/raw/mcc5_thu_motor/MCC5-THU Motor/MCC5-THU Motor_speed_circulation/bearing_outer_H_speed_circulation_40Nm_3000rpm_250707105959.csv,bearing_outer,250707,speed_circulation,3000.0,40.0,bearing_outer
cross_load,operating_context_only,dummy_most_frequent,data/raw/mcc5_thu_motor/MCC5-THU Motor/MCC5-THU Motor_speed_circulation/bearing_outer_L_speed_circulation_40Nm_1000rpm_250708094556.csv,bearing_outer,250708,speed_circulation,1000.0,40.0,bearing_outer
cross_load,operating_context_only,dummy_most_frequent,data/raw/mcc5_thu_motor/MCC5-THU Motor/MCC5-THU Motor_speed_circulation/bearing_outer_L_speed_circulation_40Nm_2000rpm_250708100011.csv,bearing_outer,250708,speed_circulation,2000.0,40.0,bearing_outer
cross_load,operating_context_only,dummy_most_frequent,data/raw/mcc5_thu_motor/MCC5-THU Motor/MCC5-THU Motor_speed_circulation/bearing_outer_L_speed_circulation_40Nm_3000rpm_250708100602.csv,bearing_outer,250708,speed_circulation,3000.0,40.0,bearing_outer
cross_load,operating_context_only,dummy_most_frequent,data/raw/mcc5_thu_motor/MCC5-THU Motor/MCC5-THU Motor_speed_circulation/health_speed_circulation_40Nm_1000rpm_250702161900.csv,healthy,250702,speed_circulation,1000.0,40.0,bearing_outer
cross_load,operating_context_only,dummy_most_frequent,data/raw/mcc5_thu_motor/MCC5-THU Motor/MCC5-THU Motor_speed_circulation/health_speed_circulation_40Nm_2000rpm_250702162327.csv,healthy,250702,speed_circulation,2000.0,40.0,bearing_outer
cross_load,operating_context_only,dummy_most_frequent,data/raw/mcc5_thu_motor/MCC5-THU Motor/MCC5-THU Motor_speed_circulation/health_speed_circulation_40Nm_3000rpm_250702162804.csv,healthy,250702,speed_circulation,3000.0,40.0,bearing_outer
cross_load,operating_context_only,dummy_most_frequent,data/raw/mcc5_thu_motor/MCC5-THU Motor/MCC5-THU Motor_torque_circulation/bearing_ball_H_torque_circulation_40Nm_1000rpm_250707140440d.csv,bearing_ball,250707,torque_circulation,1000.0,40.0,bearing_outer
cross_load,operating_context_only,dummy_most_frequent,data/raw/mcc5_thu_motor/MCC5-THU Motor/MCC5-THU Motor_torque_circulation/bearing_ball_H_torque_circulation_40Nm_2000rpm_250707142821d.csv,bearing_ball,250707,torque_circulation,2000.0,40.0,bearing_outer
cross_load,operating_context_only,dummy_most_frequent,data/raw/mcc5_thu_motor/MCC5-THU Motor/MCC5-THU Motor_torque_circulation/bearing_ball_H_torque_circulation_40Nm_3000rpm_250707143025d.csv,bearing_ball,250707,torque_circulation,3000.0,40.0,bearing_outer
cross_load,operating_context_only,dummy_most_frequent,data/raw/mcc5_thu_motor/MCC5-THU Motor/MCC5-THU Motor_torque_circulation/bearing_ball_L_torque_circulation_40Nm_1000rpm_250707154144d.csv,bearing_ball,250707,torque_circulation,1000.0,40.0,bearing_outer
cross_load,operating_context_only,dummy_most_frequent,data/raw/mcc5_thu_motor/MCC5-THU Motor/MCC5-THU Motor_torque_circulation/bearing_ball_L_torque_circulation_40Nm_2000rpm_250707154410d.csv,bearing_ball,250707,torque_circulation,2000.0,40.0,bearing_outer
cross_load,operating_context_only,dummy_most_frequent,data/raw/mcc5_thu_motor/MCC5-THU Motor/MCC5-THU Motor_torque_circulation/bearing_ball_L_torque_circulation_40Nm_3000rpm_250707154630d.csv,bearing_ball,250707,torque_circulation,3000.0,40.0,bearing_outer
cross_load,operating_context_only,dummy_most_frequent,data/raw/mcc5_thu_motor/MCC5-THU Motor/MCC5-THU Motor_torque_circulation/bearing_inner_H_torque_circulation_40Nm_1000rpm_250704085422d.csv,bearing_inner,250704,torque_circulation,1000.0,40.0,bearing_outer
cross_load,operating_context_only,dummy_most_frequent,data/raw/mcc5_thu_motor/MCC5-THU Motor/MCC5-THU Motor_torque_circulation/bearing_inner_H_torque_circulation_40Nm_2000rpm_250704085637d.csv,bearing_inner,250704,torque_circulation,2000.0,40.0,bearing_outer
cross_load,operating_context_only,dummy_most_frequent,data/raw/mcc5_thu_motor/MCC5-THU Motor/MCC5-THU Motor_torque_circulation/bearing_inner_H_torque_circulation_40Nm_3000rpm_250704085907d.csv,bearing_inner,250704,torque_circulation,3000.0,40.0,bearing_outer
cross_load,operating_context_only,dummy_most_frequent,data/raw/mcc5_thu_motor/MCC5-THU Motor/MCC5-THU Motor_torque_circulation/bearing_inner_L_torque_circulation_40Nm_1000rpm_250707113035d.csv,bearing_inner,250707,torque_circulation,1000.0,40.0,bearing_outer
cross_load,operating_context_only,dummy_most_frequent,data/raw/mcc5_thu_motor/MCC5-THU Motor/MCC5-THU Motor_torque_circulation/bearing_inner_L_torque_circulation_40Nm_2000rpm_250707113243d.csv,bearing_inner,250707,torque_circulation,2000.0,40.0,bearing_outer
cross_load,operating_context_only,dummy_most_frequent,data/raw/mcc5_thu_motor/MCC5-THU Motor/MCC5-THU Motor_torque_circulation/bearing_inner_L_torque_circulation_40Nm_3000rpm_250707113444d.csv,bearing_inner,250707,torque_circulation,3000.0,40.0,bearing_outer
cross_load,operating_context_only,dummy_most_frequent,data/raw/mcc5_thu_motor/MCC5-THU Motor/MCC5-THU Motor_torque_circulation/bearing_outer_H_torque_circulation_40Nm_1000rpm_250707104154d.csv,bearing_outer,250707,torque_circulation,1000.0,40.0,bearing_outer
cross_load,operating_context_only,dummy_most_frequent,data/raw/mcc5_thu_motor/MCC5-THU Motor/MCC5-THU Motor_torque_circulation/bearing_outer_H_torque_circulation_40Nm_2000rpm_250707104408d.csv,bearing_outer,250707,torque_circulation,2000.0,40.0,bearing_outer
cross_load,operating_context_only,dummy_most_frequent,data/raw/mcc5_thu_motor/MCC5-THU Motor/MCC5-THU Motor_torque_circulation/bearing_outer_H_torque_circulation_40Nm_3000rpm_250707104611d.csv,bearing_outer,250707,torque_circulation,3000.0,40.0,bearing_outer
cross_load,operating_context_only,dummy_most_frequent,data/raw/mcc5_thu_motor/MCC5-THU Motor/MCC5-THU Motor_torque_circulation/bearing_outer_L_torque_circulation_40Nm_1000rpm_250708094205d.csv,bearing_outer,250708,torque_circulation,1000.0,40.0,bearing_outer
cross_load,operating_context_only,dummy_most_frequent,data/raw/mcc5_thu_motor/MCC5-THU Motor/MCC5-THU Motor_torque_circulation/bearing_outer_L_torque_circulation_40Nm_2000rpm_250708094403d.csv,bearing_outer,250708,torque_circulation,2000.0,40.0,bearing_outer
cross_load,operating_context_only,dummy_most_frequent,data/raw/mcc5_thu_motor/MCC5-THU Motor/MCC5-THU Motor_torque_circulation/bearing_outer_L_torque_circulation_40Nm_3000rpm_250708094556d.csv,bearing_outer,250708,torque_circulation,3000.0,40.0,bearing_outer
cross_load,operating_context_only,dummy_most_frequent,data/raw/mcc5_thu_motor/MCC5-THU Motor/MCC5-THU Motor_torque_circulation/health_torque_circulation_40Nm_1000rpm_250702161315d.csv,healthy,250702,torque_circulation,1000.0,40.0,bearing_outer
cross_load,operating_context_only,dummy_most_frequent,data/raw/mcc5_thu_motor/MCC5-THU Motor/MCC5-THU Motor_torque_circulation/health_torque_circulation_40Nm_2000rpm_250702161114d.csv,healthy,250702,torque_circulation,2000.0,40.0,bearing_outer
cross_load,operating_context_only,dummy_most_frequent,data/raw/mcc5_thu_motor/MCC5-THU Motor/MCC5-THU Motor_torque_circulation/health_torque_circulation_40Nm_3000rpm_250702160849d.csv,healthy,250702,torque_circulation,3000.0,40.0,bearing_outer
cross_load,date_and_context,decision_tree,data/raw/mcc5_thu_motor/MCC5-THU Motor/MCC5-THU Motor_speed_circulation/bearing_ball_H_speed_circulation_40Nm_1000rpm_250707143453.csv,bearing_ball,250707,speed_circulation,1000.0,40.0,bearing_ball
cross_load,date_and_context,decision_tree,data/raw/mcc5_thu_motor/MCC5-THU Motor/MCC5-THU Motor_speed_circulation/bearing_ball_H_speed_circulation_40Nm_2000rpm_250707143905.csv,bearing_ball,250707,speed_circulation,2000.0,40.0,bearing_ball
cross_load,date_and_context,decision_tree,data/raw/mcc5_thu_motor/MCC5-THU Motor/MCC5-THU Motor_speed_circulation/bearing_ball_H_speed_circulation_40Nm_3000rpm_250707144708.csv,bearing_ball,250707,speed_circulation,3000.0,40.0,bearing_ball
cross_load,date_and_context,decision_tree,data/raw/mcc5_thu_motor/MCC5-THU Motor/MCC5-THU Motor_speed_circulation/bearing_ball_L_speed_circulation_40Nm_1000rpm_250707155133.csv,bearing_ball,250707,speed_circulation,1000.0,40.0,bearing_ball
cross_load,date_and_context,decision_tree,data/raw/mcc5_thu_motor/MCC5-THU Motor/MCC5-THU Motor_speed_circulation/bearing_ball_L_speed_circulation_40Nm_2000rpm_250707160240.csv,bearing_ball,250707,speed_circulation,2000.0,40.0,bearing_ball
cross_load,date_and_context,decision_tree,data/raw/mcc5_thu_motor/MCC5-THU Motor/MCC5-THU Motor_speed_circulation/bearing_ball_L_speed_circulation_40Nm_3000rpm_250707160826.csv,bearing_ball,250707,speed_circulation,3000.0,40.0,bearing_ball
cross_load,date_and_context,decision_tree,data/raw/mcc5_thu_motor/MCC5-THU Motor/MCC5-THU Motor_speed_circulation/bearing_inner_H_speed_circulation_40Nm_1000rpm_250704090347.csv,bearing_inner,250704,speed_circulation,1000.0,40.0,bearing_inner
cross_load,date_and_context,decision_tree,data/raw/mcc5_thu_motor/MCC5-THU Motor/MCC5-THU Motor_speed_circulation/bearing_inner_H_speed_circulation_40Nm_2000rpm_250704090841.csv,bearing_inner,250704,speed_circulation,2000.0,40.0,bearing_inner
cross_load,date_and_context,decision_tree,data/raw/mcc5_thu_motor/MCC5-THU Motor/MCC5-THU Motor_speed_circulation/bearing_inner_H_speed_circulation_40Nm_3000rpm_250704091435.csv,bearing_inner,250704,speed_circulation,3000.0,40.0,bearing_inner
cross_load,date_and_context,decision_tree,data/raw/mcc5_thu_motor/MCC5-THU Motor/MCC5-THU Motor_speed_circulation/bearing_inner_L_speed_circulation_40Nm_1000rpm_250707114105.csv,bearing_inner,250707,speed_circulation,1000.0,40.0,bearing_ball
cross_load,date_and_context,decision_tree,data/raw/mcc5_thu_motor/MCC5-THU Motor/MCC5-THU Motor_speed_circulation/bearing_inner_L_speed_circulation_40Nm_2000rpm_250707114548.csv,bearing_inner,250707,speed_circulation,2000.0,40.0,bearing_ball
cross_load,date_and_context,decision_tree,data/raw/mcc5_thu_motor/MCC5-THU Motor/MCC5-THU Motor_speed_circulation/bearing_inner_L_speed_circulation_40Nm_3000rpm_250707114941.csv,bearing_inner,250707,speed_circulation,3000.0,40.0,bearing_ball
cross_load,date_and_context,decision_tree,data/raw/mcc5_thu_motor/MCC5-THU Motor/MCC5-THU Motor_speed_circulation/bearing_outer_H_speed_circulation_40Nm_1000rpm_250707105055.csv,bearing_outer,250707,speed_circulation,1000.0,40.0,bearing_ball
cross_load,date_and_context,decision_tree,data/raw/mcc5_thu_motor/MCC5-THU Motor/MCC5-THU Motor_speed_circulation/bearing_outer_H_speed_circulation_40Nm_2000rpm_250707105500.csv,bearing_outer,250707,speed_circulation,2000.0,40.0,bearing_ball
cross_load,date_and_context,decision_tree,data/raw/mcc5_thu_motor/MCC5-THU Motor/MCC5-THU Motor_speed_circulation/bearing_outer_H_speed_circulation_40Nm_3000rpm_250707105959.csv,bearing_outer,250707,speed_circulation,3000.0,40.0,bearing_ball
cross_load,date_and_context,decision_tree,data/raw/mcc5_thu_motor/MCC5-THU Motor/MCC5-THU Motor_speed_circulation/bearing_outer_L_speed_circulation_40Nm_1000rpm_250708094556.csv,bearing_outer,250708,speed_circulation,1000.0,40.0,bearing_outer
cross_load,date_and_context,decision_tree,data/raw/mcc5_thu_motor/MCC5-THU Motor/MCC5-THU Motor_speed_circulation/bearing_outer_L_speed_circulation_40Nm_2000rpm_250708100011.csv,bearing_outer,250708,speed_circulation,2000.0,40.0,bearing_outer
cross_load,date_and_context,decision_tree,data/raw/mcc5_thu_motor/MCC5-THU Motor/MCC5-THU Motor_speed_circulation/bearing_outer_L_speed_circulation_40Nm_3000rpm_250708100602.csv,bearing_outer,250708,speed_circulation,3000.0,40.0,bearing_outer
cross_load,date_and_context,decision_tree,data/raw/mcc5_thu_motor/MCC5-THU Motor/MCC5-THU Motor_speed_circulation/health_speed_circulation_40Nm_1000rpm_250702161900.csv,healthy,250702,speed_circulation,1000.0,40.0,healthy
cross_load,date_and_context,decision_tree,data/raw/mcc5_thu_motor/MCC5-THU Motor/MCC5-THU Motor_speed_circulation/health_speed_circulation_40Nm_2000rpm_250702162327.csv,healthy,250702,speed_circulation,2000.0,40.0,healthy
cross_load,date_and_context,decision_tree,data/raw/mcc5_thu_motor/MCC5-THU Motor/MCC5-THU Motor_speed_circulation/health_speed_circulation_40Nm_3000rpm_250702162804.csv,healthy,250702,speed_circulation,3000.0,40.0,healthy
cross_load,date_and_context,decision_tree,data/raw/mcc5_thu_motor/MCC5-THU Motor/MCC5-THU Motor_torque_circulation/bearing_ball_H_torque_circulation_40Nm_1000rpm_250707140440d.csv,bearing_ball,250707,torque_circulation,1000.0,40.0,bearing_ball
cross_load,date_and_context,decision_tree,data/raw/mcc5_thu_motor/MCC5-THU Motor/MCC5-THU Motor_torque_circulation/bearing_ball_H_torque_circulation_40Nm_2000rpm_250707142821d.csv,bearing_ball,250707,torque_circulation,2000.0,40.0,bearing_ball
cross_load,date_and_context,decision_tree,data/raw/mcc5_thu_motor/MCC5-THU Motor/MCC5-THU Motor_torque_circulation/bearing_ball_H_torque_circulation_40Nm_3000rpm_250707143025d.csv,bearing_ball,250707,torque_circulation,3000.0,40.0,bearing_ball
cross_load,date_and_context,decision_tree,data/raw/mcc5_thu_motor/MCC5-THU Motor/MCC5-THU Motor_torque_circulation/bearing_ball_L_torque_circulation_40Nm_1000rpm_250707154144d.csv,bearing_ball,250707,torque_circulation,1000.0,40.0,bearing_ball
cross_load,date_and_context,decision_tree,data/raw/mcc5_thu_motor/MCC5-THU Motor/MCC5-THU Motor_torque_circulation/bearing_ball_L_torque_circulation_40Nm_2000rpm_250707154410d.csv,bearing_ball,250707,torque_circulation,2000.0,40.0,bearing_ball
cross_load,date_and_context,decision_tree,data/raw/mcc5_thu_motor/MCC5-THU Motor/MCC5-THU Motor_torque_circulation/bearing_ball_L_torque_circulation_40Nm_3000rpm_250707154630d.csv,bearing_ball,250707,torque_circulation,3000.0,40.0,bearing_ball
cross_load,date_and_context,decision_tree,data/raw/mcc5_thu_motor/MCC5-THU Motor/MCC5-THU Motor_torque_circulation/bearing_inner_H_torque_circulation_40Nm_1000rpm_250704085422d.csv,bearing_inner,250704,torque_circulation,1000.0,40.0,bearing_inner
cross_load,date_and_context,decision_tree,data/raw/mcc5_thu_motor/MCC5-THU Motor/MCC5-THU Motor_torque_circulation/bearing_inner_H_torque_circulation_40Nm_2000rpm_250704085637d.csv,bearing_inner,250704,torque_circulation,2000.0,40.0,bearing_inner
cross_load,date_and_context,decision_tree,data/raw/mcc5_thu_motor/MCC5-THU Motor/MCC5-THU Motor_torque_circulation/bearing_inner_H_torque_circulation_40Nm_3000rpm_250704085907d.csv,bearing_inner,250704,torque_circulation,3000.0,40.0,bearing_inner
cross_load,date_and_context,decision_tree,data/raw/mcc5_thu_motor/MCC5-THU Motor/MCC5-THU Motor_torque_circulation/bearing_inner_L_torque_circulation_40Nm_1000rpm_250707113035d.csv,bearing_inner,250707,torque_circulation,1000.0,40.0,bearing_ball
cross_load,date_and_context,decision_tree,data/raw/mcc5_thu_motor/MCC5-THU Motor/MCC5-THU Motor_torque_circulation/bearing_inner_L_torque_circulation_40Nm_2000rpm_250707113243d.csv,bearing_inner,250707,torque_circulation,2000.0,40.0,bearing_ball
cross_load,date_and_context,decision_tree,data/raw/mcc5_thu_motor/MCC5-THU Motor/MCC5-THU Motor_torque_circulation/bearing_inner_L_torque_circulation_40Nm_3000rpm_250707113444d.csv,bearing_inner,250707,torque_circulation,3000.0,40.0,bearing_ball
cross_load,date_and_context,decision_tree,data/raw/mcc5_thu_motor/MCC5-THU Motor/MCC5-THU Motor_torque_circulation/bearing_outer_H_torque_circulation_40Nm_1000rpm_250707104154d.csv,bearing_outer,250707,torque_circulation,1000.0,40.0,bearing_ball
cross_load,date_and_context,decision_tree,data/raw/mcc5_thu_motor/MCC5-THU Motor/MCC5-THU Motor_torque_circulation/bearing_outer_H_torque_circulation_40Nm_2000rpm_250707104408d.csv,bearing_outer,250707,torque_circulation,2000.0,40.0,bearing_ball
cross_load,date_and_context,decision_tree,data/raw/mcc5_thu_motor/MCC5-THU Motor/MCC5-THU Motor_torque_circulation/bearing_outer_H_torque_circulation_40Nm_3000rpm_250707104611d.csv,bearing_outer,250707,torque_circulation,3000.0,40.0,bearing_ball
cross_load,date_and_context,decision_tree,data/raw/mcc5_thu_motor/MCC5-THU Motor/MCC5-THU Motor_torque_circulation/bearing_outer_L_torque_circulation_40Nm_1000rpm_250708094205d.csv,bearing_outer,250708,torque_circulation,1000.0,40.0,bearing_outer
cross_load,date_and_context,decision_tree,data/raw/mcc5_thu_motor/MCC5-THU Motor/MCC5-THU Motor_torque_circulation/bearing_outer_L_torque_circulation_40Nm_2000rpm_250708094403d.csv,bearing_outer,250708,torque_circulation,2000.0,40.0,bearing_outer
cross_load,date_and_context,decision_tree,data/raw/mcc5_thu_motor/MCC5-THU Motor/MCC5-THU Motor_torque_circulation/bearing_outer_L_torque_circulation_40Nm_3000rpm_250708094556d.csv,bearing_outer,250708,torque_circulation,3000.0,40.0,bearing_outer
cross_load,date_and_context,decision_tree,data/raw/mcc5_thu_motor/MCC5-THU Motor/MCC5-THU Motor_torque_circulation/health_torque_circulation_40Nm_1000rpm_250702161315d.csv,healthy,250702,torque_circulation,1000.0,40.0,healthy
cross_load,date_and_context,decision_tree,data/raw/mcc5_thu_motor/MCC5-THU Motor/MCC5-THU Motor_torque_circulation/health_torque_circulation_40Nm_2000rpm_250702161114d.csv,healthy,250702,torque_circulation,2000.0,40.0,healthy
cross_load,date_and_context,decision_tree,data/raw/mcc5_thu_motor/MCC5-THU Motor/MCC5-THU Motor_torque_circulation/health_torque_circulation_40Nm_3000rpm_250702160849d.csv,healthy,250702,torque_circulation,3000.0,40.0,healthy
cross_load,date_and_context,logistic_regression,data/raw/mcc5_thu_motor/MCC5-THU Motor/MCC5-THU Motor_speed_circulation/bearing_ball_H_speed_circulation_40Nm_1000rpm_250707143453.csv,bearing_ball,250707,speed_circulation,1000.0,40.0,bearing_ball
cross_load,date_and_context,logistic_regression,data/raw/mcc5_thu_motor/MCC5-THU Motor/MCC5-THU Motor_speed_circulation/bearing_ball_H_speed_circulation_40Nm_2000rpm_250707143905.csv,bearing_ball,250707,speed_circulation,2000.0,40.0,bearing_ball
cross_load,date_and_context,logistic_regression,data/raw/mcc5_thu_motor/MCC5-THU Motor/MCC5-THU Motor_speed_circulation/bearing_ball_H_speed_circulation_40Nm_3000rpm_250707144708.csv,bearing_ball,250707,speed_circulation,3000.0,40.0,bearing_ball
cross_load,date_and_context,logistic_regression,data/raw/mcc5_thu_motor/MCC5-THU Motor/MCC5-THU Motor_speed_circulation/bearing_ball_L_speed_circulation_40Nm_1000rpm_250707155133.csv,bearing_ball,250707,speed_circulation,1000.0,40.0,bearing_ball
cross_load,date_and_context,logistic_regression,data/raw/mcc5_thu_motor/MCC5-THU Motor/MCC5-THU Motor_speed_circulation/bearing_ball_L_speed_circulation_40Nm_2000rpm_250707160240.csv,bearing_ball,250707,speed_circulation,2000.0,40.0,bearing_ball
cross_load,date_and_context,logistic_regression,data/raw/mcc5_thu_motor/MCC5-THU Motor/MCC5-THU Motor_speed_circulation/bearing_ball_L_speed_circulation_40Nm_3000rpm_250707160826.csv,bearing_ball,250707,speed_circulation,3000.0,40.0,bearing_ball
cross_load,date_and_context,logistic_regression,data/raw/mcc5_thu_motor/MCC5-THU Motor/MCC5-THU Motor_speed_circulation/bearing_inner_H_speed_circulation_40Nm_1000rpm_250704090347.csv,bearing_inner,250704,speed_circulation,1000.0,40.0,bearing_inner
cross_load,date_and_context,logistic_regression,data/raw/mcc5_thu_motor/MCC5-THU Motor/MCC5-THU Motor_speed_circulation/bearing_inner_H_speed_circulation_40Nm_2000rpm_250704090841.csv,bearing_inner,250704,speed_circulation,2000.0,40.0,bearing_inner
cross_load,date_and_context,logistic_regression,data/raw/mcc5_thu_motor/MCC5-THU Motor/MCC5-THU Motor_speed_circulation/bearing_inner_H_speed_circulation_40Nm_3000rpm_250704091435.csv,bearing_inner,250704,speed_circulation,3000.0,40.0,bearing_inner
cross_load,date_and_context,logistic_regression,data/raw/mcc5_thu_motor/MCC5-THU Motor/MCC5-THU Motor_speed_circulation/bearing_inner_L_speed_circulation_40Nm_1000rpm_250707114105.csv,bearing_inner,250707,speed_circulation,1000.0,40.0,bearing_ball
cross_load,date_and_context,logistic_regression,data/raw/mcc5_thu_motor/MCC5-THU Motor/MCC5-THU Motor_speed_circulation/bearing_inner_L_speed_circulation_40Nm_2000rpm_250707114548.csv,bearing_inner,250707,speed_circulation,2000.0,40.0,bearing_ball
cross_load,date_and_context,logistic_regression,data/raw/mcc5_thu_motor/MCC5-THU Motor/MCC5-THU Motor_speed_circulation/bearing_inner_L_speed_circulation_40Nm_3000rpm_250707114941.csv,bearing_inner,250707,speed_circulation,3000.0,40.0,bearing_ball
cross_load,date_and_context,logistic_regression,data/raw/mcc5_thu_motor/MCC5-THU Motor/MCC5-THU Motor_speed_circulation/bearing_outer_H_speed_circulation_40Nm_1000rpm_250707105055.csv,bearing_outer,250707,speed_circulation,1000.0,40.0,bearing_ball
cross_load,date_and_context,logistic_regression,data/raw/mcc5_thu_motor/MCC5-THU Motor/MCC5-THU Motor_speed_circulation/bearing_outer_H_speed_circulation_40Nm_2000rpm_250707105500.csv,bearing_outer,250707,speed_circulation,2000.0,40.0,bearing_ball
cross_load,date_and_context,logistic_regression,data/raw/mcc5_thu_motor/MCC5-THU Motor/MCC5-THU Motor_speed_circulation/bearing_outer_H_speed_circulation_40Nm_3000rpm_250707105959.csv,bearing_outer,250707,speed_circulation,3000.0,40.0,bearing_ball
cross_load,date_and_context,logistic_regression,data/raw/mcc5_thu_motor/MCC5-THU Motor/MCC5-THU Motor_speed_circulation/bearing_outer_L_speed_circulation_40Nm_1000rpm_250708094556.csv,bearing_outer,250708,speed_circulation,1000.0,40.0,bearing_outer
cross_load,date_and_context,logistic_regression,data/raw/mcc5_thu_motor/MCC5-THU Motor/MCC5-THU Motor_speed_circulation/bearing_outer_L_speed_circulation_40Nm_2000rpm_250708100011.csv,bearing_outer,250708,speed_circulation,2000.0,40.0,bearing_outer
cross_load,date_and_context,logistic_regression,data/raw/mcc5_thu_motor/MCC5-THU Motor/MCC5-THU Motor_speed_circulation/bearing_outer_L_speed_circulation_40Nm_3000rpm_250708100602.csv,bearing_outer,250708,speed_circulation,3000.0,40.0,bearing_outer
cross_load,date_and_context,logistic_regression,data/raw/mcc5_thu_motor/MCC5-THU Motor/MCC5-THU Motor_speed_circulation/health_speed_circulation_40Nm_1000rpm_250702161900.csv,healthy,250702,speed_circulation,1000.0,40.0,healthy
cross_load,date_and_context,logistic_regression,data/raw/mcc5_thu_motor/MCC5-THU Motor/MCC5-THU Motor_speed_circulation/health_speed_circulation_40Nm_2000rpm_250702162327.csv,healthy,250702,speed_circulation,2000.0,40.0,healthy
cross_load,date_and_context,logistic_regression,data/raw/mcc5_thu_motor/MCC5-THU Motor/MCC5-THU Motor_speed_circulation/health_speed_circulation_40Nm_3000rpm_250702162804.csv,healthy,250702,speed_circulation,3000.0,40.0,healthy
cross_load,date_and_context,logistic_regression,data/raw/mcc5_thu_motor/MCC5-THU Motor/MCC5-THU Motor_torque_circulation/bearing_ball_H_torque_circulation_40Nm_1000rpm_250707140440d.csv,bearing_ball,250707,torque_circulation,1000.0,40.0,bearing_ball
cross_load,date_and_context,logistic_regression,data/raw/mcc5_thu_motor/MCC5-THU Motor/MCC5-THU Motor_torque_circulation/bearing_ball_H_torque_circulation_40Nm_2000rpm_250707142821d.csv,bearing_ball,250707,torque_circulation,2000.0,40.0,bearing_ball
cross_load,date_and_context,logistic_regression,data/raw/mcc5_thu_motor/MCC5-THU Motor/MCC5-THU Motor_torque_circulation/bearing_ball_H_torque_circulation_40Nm_3000rpm_250707143025d.csv,bearing_ball,250707,torque_circulation,3000.0,40.0,bearing_ball
cross_load,date_and_context,logistic_regression,data/raw/mcc5_thu_motor/MCC5-THU Motor/MCC5-THU Motor_torque_circulation/bearing_ball_L_torque_circulation_40Nm_1000rpm_250707154144d.csv,bearing_ball,250707,torque_circulation,1000.0,40.0,bearing_ball
cross_load,date_and_context,logistic_regression,data/raw/mcc5_thu_motor/MCC5-THU Motor/MCC5-THU Motor_torque_circulation/bearing_ball_L_torque_circulation_40Nm_2000rpm_250707154410d.csv,bearing_ball,250707,torque_circulation,2000.0,40.0,bearing_ball
cross_load,date_and_context,logistic_regression,data/raw/mcc5_thu_motor/MCC5-THU Motor/MCC5-THU Motor_torque_circulation/bearing_ball_L_torque_circulation_40Nm_3000rpm_250707154630d.csv,bearing_ball,250707,torque_circulation,3000.0,40.0,bearing_ball
cross_load,date_and_context,logistic_regression,data/raw/mcc5_thu_motor/MCC5-THU Motor/MCC5-THU Motor_torque_circulation/bearing_inner_H_torque_circulation_40Nm_1000rpm_250704085422d.csv,bearing_inner,250704,torque_circulation,1000.0,40.0,bearing_inner
cross_load,date_and_context,logistic_regression,data/raw/mcc5_thu_motor/MCC5-THU Motor/MCC5-THU Motor_torque_circulation/bearing_inner_H_torque_circulation_40Nm_2000rpm_250704085637d.csv,bearing_inner,250704,torque_circulation,2000.0,40.0,bearing_inner
cross_load,date_and_context,logistic_regression,data/raw/mcc5_thu_motor/MCC5-THU Motor/MCC5-THU Motor_torque_circulation/bearing_inner_H_torque_circulation_40Nm_3000rpm_250704085907d.csv,bearing_inner,250704,torque_circulation,3000.0,40.0,bearing_inner
cross_load,date_and_context,logistic_regression,data/raw/mcc5_thu_motor/MCC5-THU Motor/MCC5-THU Motor_torque_circulation/bearing_inner_L_torque_circulation_40Nm_1000rpm_250707113035d.csv,bearing_inner,250707,torque_circulation,1000.0,40.0,bearing_ball
cross_load,date_and_context,logistic_regression,data/raw/mcc5_thu_motor/MCC5-THU Motor/MCC5-THU Motor_torque_circulation/bearing_inner_L_torque_circulation_40Nm_2000rpm_250707113243d.csv,bearing_inner,250707,torque_circulation,2000.0,40.0,bearing_ball
cross_load,date_and_context,logistic_regression,data/raw/mcc5_thu_motor/MCC5-THU Motor/MCC5-THU Motor_torque_circulation/bearing_inner_L_torque_circulation_40Nm_3000rpm_250707113444d.csv,bearing_inner,250707,torque_circulation,3000.0,40.0,bearing_ball
cross_load,date_and_context,logistic_regression,data/raw/mcc5_thu_motor/MCC5-THU Motor/MCC5-THU Motor_torque_circulation/bearing_outer_H_torque_circulation_40Nm_1000rpm_250707104154d.csv,bearing_outer,250707,torque_circulation,1000.0,40.0,bearing_ball
cross_load,date_and_context,logistic_regression,data/raw/mcc5_thu_motor/MCC5-THU Motor/MCC5-THU Motor_torque_circulation/bearing_outer_H_torque_circulation_40Nm_2000rpm_250707104408d.csv,bearing_outer,250707,torque_circulation,2000.0,40.0,bearing_ball
cross_load,date_and_context,logistic_regression,data/raw/mcc5_thu_motor/MCC5-THU Motor/MCC5-THU Motor_torque_circulation/bearing_outer_H_torque_circulation_40Nm_3000rpm_250707104611d.csv,bearing_outer,250707,torque_circulation,3000.0,40.0,bearing_ball
cross_load,date_and_context,logistic_regression,data/raw/mcc5_thu_motor/MCC5-THU Motor/MCC5-THU Motor_torque_circulation/bearing_outer_L_torque_circulation_40Nm_1000rpm_250708094205d.csv,bearing_outer,250708,torque_circulation,1000.0,40.0,bearing_outer
cross_load,date_and_context,logistic_regression,data/raw/mcc5_thu_motor/MCC5-THU Motor/MCC5-THU Motor_torque_circulation/bearing_outer_L_torque_circulation_40Nm_2000rpm_250708094403d.csv,bearing_outer,250708,torque_circulation,2000.0,40.0,bearing_outer
cross_load,date_and_context,logistic_regression,data/raw/mcc5_thu_motor/MCC5-THU Motor/MCC5-THU Motor_torque_circulation/bearing_outer_L_torque_circulation_40Nm_3000rpm_250708094556d.csv,bearing_outer,250708,torque_circulation,3000.0,40.0,bearing_outer
cross_load,date_and_context,logistic_regression,data/raw/mcc5_thu_motor/MCC5-THU Motor/MCC5-THU Motor_torque_circulation/health_torque_circulation_40Nm_1000rpm_250702161315d.csv,healthy,250702,torque_circulation,1000.0,40.0,healthy
cross_load,date_and_context,logistic_regression,data/raw/mcc5_thu_motor/MCC5-THU Motor/MCC5-THU Motor_torque_circulation/health_torque_circulation_40Nm_2000rpm_250702161114d.csv,healthy,250702,torque_circulation,2000.0,40.0,healthy
cross_load,date_and_context,logistic_regression,data/raw/mcc5_thu_motor/MCC5-THU Motor/MCC5-THU Motor_torque_circulation/health_torque_circulation_40Nm_3000rpm_250702160849d.csv,healthy,250702,torque_circulation,3000.0,40.0,healthy
cross_load,date_and_context,dummy_most_frequent,data/raw/mcc5_thu_motor/MCC5-THU Motor/MCC5-THU Motor_speed_circulation/bearing_ball_H_speed_circulation_40Nm_1000rpm_250707143453.csv,bearing_ball,250707,speed_circulation,1000.0,40.0,bearing_outer
cross_load,date_and_context,dummy_most_frequent,data/raw/mcc5_thu_motor/MCC5-THU Motor/MCC5-THU Motor_speed_circulation/bearing_ball_H_speed_circulation_40Nm_2000rpm_250707143905.csv,bearing_ball,250707,speed_circulation,2000.0,40.0,bearing_outer
cross_load,date_and_context,dummy_most_frequent,data/raw/mcc5_thu_motor/MCC5-THU Motor/MCC5-THU Motor_speed_circulation/bearing_ball_H_speed_circulation_40Nm_3000rpm_250707144708.csv,bearing_ball,250707,speed_circulation,3000.0,40.0,bearing_outer
cross_load,date_and_context,dummy_most_frequent,data/raw/mcc5_thu_motor/MCC5-THU Motor/MCC5-THU Motor_speed_circulation/bearing_ball_L_speed_circulation_40Nm_1000rpm_250707155133.csv,bearing_ball,250707,speed_circulation,1000.0,40.0,bearing_outer
cross_load,date_and_context,dummy_most_frequent,data/raw/mcc5_thu_motor/MCC5-THU Motor/MCC5-THU Motor_speed_circulation/bearing_ball_L_speed_circulation_40Nm_2000rpm_250707160240.csv,bearing_ball,250707,speed_circulation,2000.0,40.0,bearing_outer
cross_load,date_and_context,dummy_most_frequent,data/raw/mcc5_thu_motor/MCC5-THU Motor/MCC5-THU Motor_speed_circulation/bearing_ball_L_speed_circulation_40Nm_3000rpm_250707160826.csv,bearing_ball,250707,speed_circulation,3000.0,40.0,bearing_outer
cross_load,date_and_context,dummy_most_frequent,data/raw/mcc5_thu_motor/MCC5-THU Motor/MCC5-THU Motor_speed_circulation/bearing_inner_H_speed_circulation_40Nm_1000rpm_250704090347.csv,bearing_inner,250704,speed_circulation,1000.0,40.0,bearing_outer
cross_load,date_and_context,dummy_most_frequent,data/raw/mcc5_thu_motor/MCC5-THU Motor/MCC5-THU Motor_speed_circulation/bearing_inner_H_speed_circulation_40Nm_2000rpm_250704090841.csv,bearing_inner,250704,speed_circulation,2000.0,40.0,bearing_outer
cross_load,date_and_context,dummy_most_frequent,data/raw/mcc5_thu_motor/MCC5-THU Motor/MCC5-THU Motor_speed_circulation/bearing_inner_H_speed_circulation_40Nm_3000rpm_250704091435.csv,bearing_inner,250704,speed_circulation,3000.0,40.0,bearing_outer
cross_load,date_and_context,dummy_most_frequent,data/raw/mcc5_thu_motor/MCC5-THU Motor/MCC5-THU Motor_speed_circulation/bearing_inner_L_speed_circulation_40Nm_1000rpm_250707114105.csv,bearing_inner,250707,speed_circulation,1000.0,40.0,bearing_outer
cross_load,date_and_context,dummy_most_frequent,data/raw/mcc5_thu_motor/MCC5-THU Motor/MCC5-THU Motor_speed_circulation/bearing_inner_L_speed_circulation_40Nm_2000rpm_250707114548.csv,bearing_inner,250707,speed_circulation,2000.0,40.0,bearing_outer
cross_load,date_and_context,dummy_most_frequent,data/raw/mcc5_thu_motor/MCC5-THU Motor/MCC5-THU Motor_speed_circulation/bearing_inner_L_speed_circulation_40Nm_3000rpm_250707114941.csv,bearing_inner,250707,speed_circulation,3000.0,40.0,bearing_outer
cross_load,date_and_context,dummy_most_frequent,data/raw/mcc5_thu_motor/MCC5-THU Motor/MCC5-THU Motor_speed_circulation/bearing_outer_H_speed_circulation_40Nm_1000rpm_250707105055.csv,bearing_outer,250707,speed_circulation,1000.0,40.0,bearing_outer
cross_load,date_and_context,dummy_most_frequent,data/raw/mcc5_thu_motor/MCC5-THU Motor/MCC5-THU Motor_speed_circulation/bearing_outer_H_speed_circulation_40Nm_2000rpm_250707105500.csv,bearing_outer,250707,speed_circulation,2000.0,40.0,bearing_outer
cross_load,date_and_context,dummy_most_frequent,data/raw/mcc5_thu_motor/MCC5-THU Motor/MCC5-THU Motor_speed_circulation/bearing_outer_H_speed_circulation_40Nm_3000rpm_250707105959.csv,bearing_outer,250707,speed_circulation,3000.0,40.0,bearing_outer
cross_load,date_and_context,dummy_most_frequent,data/raw/mcc5_thu_motor/MCC5-THU Motor/MCC5-THU Motor_speed_circulation/bearing_outer_L_speed_circulation_40Nm_1000rpm_250708094556.csv,bearing_outer,250708,speed_circulation,1000.0,40.0,bearing_outer
cross_load,date_and_context,dummy_most_frequent,data/raw/mcc5_thu_motor/MCC5-THU Motor/MCC5-THU Motor_speed_circulation/bearing_outer_L_speed_circulation_40Nm_2000rpm_250708100011.csv,bearing_outer,250708,speed_circulation,2000.0,40.0,bearing_outer
cross_load,date_and_context,dummy_most_frequent,data/raw/mcc5_thu_motor/MCC5-THU Motor/MCC5-THU Motor_speed_circulation/bearing_outer_L_speed_circulation_40Nm_3000rpm_250708100602.csv,bearing_outer,250708,speed_circulation,3000.0,40.0,bearing_outer
cross_load,date_and_context,dummy_most_frequent,data/raw/mcc5_thu_motor/MCC5-THU Motor/MCC5-THU Motor_speed_circulation/health_speed_circulation_40Nm_1000rpm_250702161900.csv,healthy,250702,speed_circulation,1000.0,40.0,bearing_outer
cross_load,date_and_context,dummy_most_frequent,data/raw/mcc5_thu_motor/MCC5-THU Motor/MCC5-THU Motor_speed_circulation/health_speed_circulation_40Nm_2000rpm_250702162327.csv,healthy,250702,speed_circulation,2000.0,40.0,bearing_outer
cross_load,date_and_context,dummy_most_frequent,data/raw/mcc5_thu_motor/MCC5-THU Motor/MCC5-THU Motor_speed_circulation/health_speed_circulation_40Nm_3000rpm_250702162804.csv,healthy,250702,speed_circulation,3000.0,40.0,bearing_outer
cross_load,date_and_context,dummy_most_frequent,data/raw/mcc5_thu_motor/MCC5-THU Motor/MCC5-THU Motor_torque_circulation/bearing_ball_H_torque_circulation_40Nm_1000rpm_250707140440d.csv,bearing_ball,250707,torque_circulation,1000.0,40.0,bearing_outer
cross_load,date_and_context,dummy_most_frequent,data/raw/mcc5_thu_motor/MCC5-THU Motor/MCC5-THU Motor_torque_circulation/bearing_ball_H_torque_circulation_40Nm_2000rpm_250707142821d.csv,bearing_ball,250707,torque_circulation,2000.0,40.0,bearing_outer
cross_load,date_and_context,dummy_most_frequent,data/raw/mcc5_thu_motor/MCC5-THU Motor/MCC5-THU Motor_torque_circulation/bearing_ball_H_torque_circulation_40Nm_3000rpm_250707143025d.csv,bearing_ball,250707,torque_circulation,3000.0,40.0,bearing_outer
cross_load,date_and_context,dummy_most_frequent,data/raw/mcc5_thu_motor/MCC5-THU Motor/MCC5-THU Motor_torque_circulation/bearing_ball_L_torque_circulation_40Nm_1000rpm_250707154144d.csv,bearing_ball,250707,torque_circulation,1000.0,40.0,bearing_outer
cross_load,date_and_context,dummy_most_frequent,data/raw/mcc5_thu_motor/MCC5-THU Motor/MCC5-THU Motor_torque_circulation/bearing_ball_L_torque_circulation_40Nm_2000rpm_250707154410d.csv,bearing_ball,250707,torque_circulation,2000.0,40.0,bearing_outer
cross_load,date_and_context,dummy_most_frequent,data/raw/mcc5_thu_motor/MCC5-THU Motor/MCC5-THU Motor_torque_circulation/bearing_ball_L_torque_circulation_40Nm_3000rpm_250707154630d.csv,bearing_ball,250707,torque_circulation,3000.0,40.0,bearing_outer
cross_load,date_and_context,dummy_most_frequent,data/raw/mcc5_thu_motor/MCC5-THU Motor/MCC5-THU Motor_torque_circulation/bearing_inner_H_torque_circulation_40Nm_1000rpm_250704085422d.csv,bearing_inner,250704,torque_circulation,1000.0,40.0,bearing_outer
cross_load,date_and_context,dummy_most_frequent,data/raw/mcc5_thu_motor/MCC5-THU Motor/MCC5-THU Motor_torque_circulation/bearing_inner_H_torque_circulation_40Nm_2000rpm_250704085637d.csv,bearing_inner,250704,torque_circulation,2000.0,40.0,bearing_outer
cross_load,date_and_context,dummy_most_frequent,data/raw/mcc5_thu_motor/MCC5-THU Motor/MCC5-THU Motor_torque_circulation/bearing_inner_H_torque_circulation_40Nm_3000rpm_250704085907d.csv,bearing_inner,250704,torque_circulation,3000.0,40.0,bearing_outer
cross_load,date_and_context,dummy_most_frequent,data/raw/mcc5_thu_motor/MCC5-THU Motor/MCC5-THU Motor_torque_circulation/bearing_inner_L_torque_circulation_40Nm_1000rpm_250707113035d.csv,bearing_inner,250707,torque_circulation,1000.0,40.0,bearing_outer
cross_load,date_and_context,dummy_most_frequent,data/raw/mcc5_thu_motor/MCC5-THU Motor/MCC5-THU Motor_torque_circulation/bearing_inner_L_torque_circulation_40Nm_2000rpm_250707113243d.csv,bearing_inner,250707,torque_circulation,2000.0,40.0,bearing_outer
cross_load,date_and_context,dummy_most_frequent,data/raw/mcc5_thu_motor/MCC5-THU Motor/MCC5-THU Motor_torque_circulation/bearing_inner_L_torque_circulation_40Nm_3000rpm_250707113444d.csv,bearing_inner,250707,torque_circulation,3000.0,40.0,bearing_outer
cross_load,date_and_context,dummy_most_frequent,data/raw/mcc5_thu_motor/MCC5-THU Motor/MCC5-THU Motor_torque_circulation/bearing_outer_H_torque_circulation_40Nm_1000rpm_250707104154d.csv,bearing_outer,250707,torque_circulation,1000.0,40.0,bearing_outer
cross_load,date_and_context,dummy_most_frequent,data/raw/mcc5_thu_motor/MCC5-THU Motor/MCC5-THU Motor_torque_circulation/bearing_outer_H_torque_circulation_40Nm_2000rpm_250707104408d.csv,bearing_outer,250707,torque_circulation,2000.0,40.0,bearing_outer
cross_load,date_and_context,dummy_most_frequent,data/raw/mcc5_thu_motor/MCC5-THU Motor/MCC5-THU Motor_torque_circulation/bearing_outer_H_torque_circulation_40Nm_3000rpm_250707104611d.csv,bearing_outer,250707,torque_circulation,3000.0,40.0,bearing_outer
cross_load,date_and_context,dummy_most_frequent,data/raw/mcc5_thu_motor/MCC5-THU Motor/MCC5-THU Motor_torque_circulation/bearing_outer_L_torque_circulation_40Nm_1000rpm_250708094205d.csv,bearing_outer,250708,torque_circulation,1000.0,40.0,bearing_outer
cross_load,date_and_context,dummy_most_frequent,data/raw/mcc5_thu_motor/MCC5-THU Motor/MCC5-THU Motor_torque_circulation/bearing_outer_L_torque_circulation_40Nm_2000rpm_250708094403d.csv,bearing_outer,250708,torque_circulation,2000.0,40.0,bearing_outer
cross_load,date_and_context,dummy_most_frequent,data/raw/mcc5_thu_motor/MCC5-THU Motor/MCC5-THU Motor_torque_circulation/bearing_outer_L_torque_circulation_40Nm_3000rpm_250708094556d.csv,bearing_outer,250708,torque_circulation,3000.0,40.0,bearing_outer
cross_load,date_and_context,dummy_most_frequent,data/raw/mcc5_thu_motor/MCC5-THU Motor/MCC5-THU Motor_torque_circulation/health_torque_circulation_40Nm_1000rpm_250702161315d.csv,healthy,250702,torque_circulation,1000.0,40.0,bearing_outer
cross_load,date_and_context,dummy_most_frequent,data/raw/mcc5_thu_motor/MCC5-THU Motor/MCC5-THU Motor_torque_circulation/health_torque_circulation_40Nm_2000rpm_250702161114d.csv,healthy,250702,torque_circulation,2000.0,40.0,bearing_outer
cross_load,date_and_context,dummy_most_frequent,data/raw/mcc5_thu_motor/MCC5-THU Motor/MCC5-THU Motor_torque_circulation/health_torque_circulation_40Nm_3000rpm_250702160849d.csv,healthy,250702,torque_circulation,3000.0,40.0,bearing_outer
cross_rpm,date_only,decision_tree,data/raw/mcc5_thu_motor/MCC5-THU Motor/MCC5-THU Motor_speed_circulation/bearing_ball_H_speed_circulation_20Nm_3000rpm_250707144104.csv,bearing_ball,250707,speed_circulation,3000.0,20.0,bearing_ball
cross_rpm,date_only,decision_tree,data/raw/mcc5_thu_motor/MCC5-THU Motor/MCC5-THU Motor_speed_circulation/bearing_ball_H_speed_circulation_40Nm_3000rpm_250707144708.csv,bearing_ball,250707,speed_circulation,3000.0,40.0,bearing_ball
cross_rpm,date_only,decision_tree,data/raw/mcc5_thu_motor/MCC5-THU Motor/MCC5-THU Motor_speed_circulation/bearing_ball_L_speed_circulation_20Nm_3000rpm_250707160626.csv,bearing_ball,250707,speed_circulation,3000.0,20.0,bearing_ball
cross_rpm,date_only,decision_tree,data/raw/mcc5_thu_motor/MCC5-THU Motor/MCC5-THU Motor_speed_circulation/bearing_ball_L_speed_circulation_40Nm_3000rpm_250707160826.csv,bearing_ball,250707,speed_circulation,3000.0,40.0,bearing_ball
cross_rpm,date_only,decision_tree,data/raw/mcc5_thu_motor/MCC5-THU Motor/MCC5-THU Motor_speed_circulation/bearing_inner_H_speed_circulation_40Nm_3000rpm_250704091435.csv,bearing_inner,250704,speed_circulation,3000.0,40.0,bearing_inner
cross_rpm,date_only,decision_tree,data/raw/mcc5_thu_motor/MCC5-THU Motor/MCC5-THU Motor_speed_circulation/bearing_inner_L_speed_circulation_20Nm_3000rpm_250707114743.csv,bearing_inner,250707,speed_circulation,3000.0,20.0,bearing_ball
cross_rpm,date_only,decision_tree,data/raw/mcc5_thu_motor/MCC5-THU Motor/MCC5-THU Motor_speed_circulation/bearing_inner_L_speed_circulation_40Nm_3000rpm_250707114941.csv,bearing_inner,250707,speed_circulation,3000.0,40.0,bearing_ball
cross_rpm,date_only,decision_tree,data/raw/mcc5_thu_motor/MCC5-THU Motor/MCC5-THU Motor_speed_circulation/bearing_outer_H_speed_circulation_20Nm_3000rpm_250707105700.csv,bearing_outer,250707,speed_circulation,3000.0,20.0,bearing_ball
cross_rpm,date_only,decision_tree,data/raw/mcc5_thu_motor/MCC5-THU Motor/MCC5-THU Motor_speed_circulation/bearing_outer_H_speed_circulation_20Nm_3000rpm_250821110519.csv,bearing_outer,250821,speed_circulation,3000.0,20.0,bearing_ball
cross_rpm,date_only,decision_tree,data/raw/mcc5_thu_motor/MCC5-THU Motor/MCC5-THU Motor_speed_circulation/bearing_outer_H_speed_circulation_40Nm_3000rpm_250707105959.csv,bearing_outer,250707,speed_circulation,3000.0,40.0,bearing_ball
cross_rpm,date_only,decision_tree,data/raw/mcc5_thu_motor/MCC5-THU Motor/MCC5-THU Motor_speed_circulation/bearing_outer_L_speed_circulation_20Nm_3000rpm_250708100411.csv,bearing_outer,250708,speed_circulation,3000.0,20.0,bearing_outer
cross_rpm,date_only,decision_tree,data/raw/mcc5_thu_motor/MCC5-THU Motor/MCC5-THU Motor_speed_circulation/bearing_outer_L_speed_circulation_40Nm_3000rpm_250708100602.csv,bearing_outer,250708,speed_circulation,3000.0,40.0,bearing_outer
cross_rpm,date_only,decision_tree,data/raw/mcc5_thu_motor/MCC5-THU Motor/MCC5-THU Motor_speed_circulation/health_speed_circulation_20Nm_3000rpm_250702162533.csv,healthy,250702,speed_circulation,3000.0,20.0,healthy
cross_rpm,date_only,decision_tree,data/raw/mcc5_thu_motor/MCC5-THU Motor/MCC5-THU Motor_speed_circulation/health_speed_circulation_40Nm_3000rpm_250702162804.csv,healthy,250702,speed_circulation,3000.0,40.0,healthy
cross_rpm,date_only,decision_tree,data/raw/mcc5_thu_motor/MCC5-THU Motor/MCC5-THU Motor_torque_circulation/bearing_ball_H_torque_circulation_20Nm_3000rpm_250707140229d.csv,bearing_ball,250707,torque_circulation,3000.0,20.0,bearing_ball
cross_rpm,date_only,decision_tree,data/raw/mcc5_thu_motor/MCC5-THU Motor/MCC5-THU Motor_torque_circulation/bearing_ball_H_torque_circulation_40Nm_3000rpm_250707143025d.csv,bearing_ball,250707,torque_circulation,3000.0,40.0,bearing_ball
cross_rpm,date_only,decision_tree,data/raw/mcc5_thu_motor/MCC5-THU Motor/MCC5-THU Motor_torque_circulation/bearing_ball_L_torque_circulation_20Nm_3000rpm_250707153938d.csv,bearing_ball,250707,torque_circulation,3000.0,20.0,bearing_ball
cross_rpm,date_only,decision_tree,data/raw/mcc5_thu_motor/MCC5-THU Motor/MCC5-THU Motor_torque_circulation/bearing_ball_L_torque_circulation_40Nm_3000rpm_250707154630d.csv,bearing_ball,250707,torque_circulation,3000.0,40.0,bearing_ball
cross_rpm,date_only,decision_tree,data/raw/mcc5_thu_motor/MCC5-THU Motor/MCC5-THU Motor_torque_circulation/bearing_inner_H_torque_circulation_20Nm_3000rpm_250704085209d.csv,bearing_inner,250704,torque_circulation,3000.0,20.0,bearing_inner
cross_rpm,date_only,decision_tree,data/raw/mcc5_thu_motor/MCC5-THU Motor/MCC5-THU Motor_torque_circulation/bearing_inner_H_torque_circulation_40Nm_3000rpm_250704085907d.csv,bearing_inner,250704,torque_circulation,3000.0,40.0,bearing_inner
cross_rpm,date_only,decision_tree,data/raw/mcc5_thu_motor/MCC5-THU Motor/MCC5-THU Motor_torque_circulation/bearing_inner_L_torque_circulation_20Nm_3000rpm_250707112823d.csv,bearing_inner,250707,torque_circulation,3000.0,20.0,bearing_ball
cross_rpm,date_only,decision_tree,data/raw/mcc5_thu_motor/MCC5-THU Motor/MCC5-THU Motor_torque_circulation/bearing_inner_L_torque_circulation_40Nm_3000rpm_250707113444d.csv,bearing_inner,250707,torque_circulation,3000.0,40.0,bearing_ball
cross_rpm,date_only,decision_tree,data/raw/mcc5_thu_motor/MCC5-THU Motor/MCC5-THU Motor_torque_circulation/bearing_outer_H_torque_circulation_20Nm_3000rpm_250821175544.csv,bearing_outer,250821,torque_circulation,3000.0,20.0,bearing_ball
cross_rpm,date_only,decision_tree,data/raw/mcc5_thu_motor/MCC5-THU Motor/MCC5-THU Motor_torque_circulation/bearing_outer_H_torque_circulation_40Nm_3000rpm_250707104611d.csv,bearing_outer,250707,torque_circulation,3000.0,40.0,bearing_ball
cross_rpm,date_only,decision_tree,data/raw/mcc5_thu_motor/MCC5-THU Motor/MCC5-THU Motor_torque_circulation/bearing_outer_L_torque_circulation_20Nm_3000rpm_250708094011d.csv,bearing_outer,250708,torque_circulation,3000.0,20.0,bearing_outer
cross_rpm,date_only,decision_tree,data/raw/mcc5_thu_motor/MCC5-THU Motor/MCC5-THU Motor_torque_circulation/bearing_outer_L_torque_circulation_40Nm_3000rpm_250708094556d.csv,bearing_outer,250708,torque_circulation,3000.0,40.0,bearing_outer
cross_rpm,date_only,decision_tree,data/raw/mcc5_thu_motor/MCC5-THU Motor/MCC5-THU Motor_torque_circulation/health_torque_circulation_20Nm_3000rpm_250702155743d.csv,healthy,250702,torque_circulation,3000.0,20.0,healthy
cross_rpm,date_only,decision_tree,data/raw/mcc5_thu_motor/MCC5-THU Motor/MCC5-THU Motor_torque_circulation/health_torque_circulation_40Nm_3000rpm_250702160849d.csv,healthy,250702,torque_circulation,3000.0,40.0,healthy
cross_rpm,date_only,logistic_regression,data/raw/mcc5_thu_motor/MCC5-THU Motor/MCC5-THU Motor_speed_circulation/bearing_ball_H_speed_circulation_20Nm_3000rpm_250707144104.csv,bearing_ball,250707,speed_circulation,3000.0,20.0,bearing_ball
cross_rpm,date_only,logistic_regression,data/raw/mcc5_thu_motor/MCC5-THU Motor/MCC5-THU Motor_speed_circulation/bearing_ball_H_speed_circulation_40Nm_3000rpm_250707144708.csv,bearing_ball,250707,speed_circulation,3000.0,40.0,bearing_ball
cross_rpm,date_only,logistic_regression,data/raw/mcc5_thu_motor/MCC5-THU Motor/MCC5-THU Motor_speed_circulation/bearing_ball_L_speed_circulation_20Nm_3000rpm_250707160626.csv,bearing_ball,250707,speed_circulation,3000.0,20.0,bearing_ball
cross_rpm,date_only,logistic_regression,data/raw/mcc5_thu_motor/MCC5-THU Motor/MCC5-THU Motor_speed_circulation/bearing_ball_L_speed_circulation_40Nm_3000rpm_250707160826.csv,bearing_ball,250707,speed_circulation,3000.0,40.0,bearing_ball
cross_rpm,date_only,logistic_regression,data/raw/mcc5_thu_motor/MCC5-THU Motor/MCC5-THU Motor_speed_circulation/bearing_inner_H_speed_circulation_40Nm_3000rpm_250704091435.csv,bearing_inner,250704,speed_circulation,3000.0,40.0,bearing_inner
cross_rpm,date_only,logistic_regression,data/raw/mcc5_thu_motor/MCC5-THU Motor/MCC5-THU Motor_speed_circulation/bearing_inner_L_speed_circulation_20Nm_3000rpm_250707114743.csv,bearing_inner,250707,speed_circulation,3000.0,20.0,bearing_ball
cross_rpm,date_only,logistic_regression,data/raw/mcc5_thu_motor/MCC5-THU Motor/MCC5-THU Motor_speed_circulation/bearing_inner_L_speed_circulation_40Nm_3000rpm_250707114941.csv,bearing_inner,250707,speed_circulation,3000.0,40.0,bearing_ball
cross_rpm,date_only,logistic_regression,data/raw/mcc5_thu_motor/MCC5-THU Motor/MCC5-THU Motor_speed_circulation/bearing_outer_H_speed_circulation_20Nm_3000rpm_250707105700.csv,bearing_outer,250707,speed_circulation,3000.0,20.0,bearing_ball
cross_rpm,date_only,logistic_regression,data/raw/mcc5_thu_motor/MCC5-THU Motor/MCC5-THU Motor_speed_circulation/bearing_outer_H_speed_circulation_20Nm_3000rpm_250821110519.csv,bearing_outer,250821,speed_circulation,3000.0,20.0,bearing_inner
cross_rpm,date_only,logistic_regression,data/raw/mcc5_thu_motor/MCC5-THU Motor/MCC5-THU Motor_speed_circulation/bearing_outer_H_speed_circulation_40Nm_3000rpm_250707105959.csv,bearing_outer,250707,speed_circulation,3000.0,40.0,bearing_ball
cross_rpm,date_only,logistic_regression,data/raw/mcc5_thu_motor/MCC5-THU Motor/MCC5-THU Motor_speed_circulation/bearing_outer_L_speed_circulation_20Nm_3000rpm_250708100411.csv,bearing_outer,250708,speed_circulation,3000.0,20.0,bearing_outer
cross_rpm,date_only,logistic_regression,data/raw/mcc5_thu_motor/MCC5-THU Motor/MCC5-THU Motor_speed_circulation/bearing_outer_L_speed_circulation_40Nm_3000rpm_250708100602.csv,bearing_outer,250708,speed_circulation,3000.0,40.0,bearing_outer
cross_rpm,date_only,logistic_regression,data/raw/mcc5_thu_motor/MCC5-THU Motor/MCC5-THU Motor_speed_circulation/health_speed_circulation_20Nm_3000rpm_250702162533.csv,healthy,250702,speed_circulation,3000.0,20.0,healthy
cross_rpm,date_only,logistic_regression,data/raw/mcc5_thu_motor/MCC5-THU Motor/MCC5-THU Motor_speed_circulation/health_speed_circulation_40Nm_3000rpm_250702162804.csv,healthy,250702,speed_circulation,3000.0,40.0,healthy
cross_rpm,date_only,logistic_regression,data/raw/mcc5_thu_motor/MCC5-THU Motor/MCC5-THU Motor_torque_circulation/bearing_ball_H_torque_circulation_20Nm_3000rpm_250707140229d.csv,bearing_ball,250707,torque_circulation,3000.0,20.0,bearing_ball
cross_rpm,date_only,logistic_regression,data/raw/mcc5_thu_motor/MCC5-THU Motor/MCC5-THU Motor_torque_circulation/bearing_ball_H_torque_circulation_40Nm_3000rpm_250707143025d.csv,bearing_ball,250707,torque_circulation,3000.0,40.0,bearing_ball
cross_rpm,date_only,logistic_regression,data/raw/mcc5_thu_motor/MCC5-THU Motor/MCC5-THU Motor_torque_circulation/bearing_ball_L_torque_circulation_20Nm_3000rpm_250707153938d.csv,bearing_ball,250707,torque_circulation,3000.0,20.0,bearing_ball
cross_rpm,date_only,logistic_regression,data/raw/mcc5_thu_motor/MCC5-THU Motor/MCC5-THU Motor_torque_circulation/bearing_ball_L_torque_circulation_40Nm_3000rpm_250707154630d.csv,bearing_ball,250707,torque_circulation,3000.0,40.0,bearing_ball
cross_rpm,date_only,logistic_regression,data/raw/mcc5_thu_motor/MCC5-THU Motor/MCC5-THU Motor_torque_circulation/bearing_inner_H_torque_circulation_20Nm_3000rpm_250704085209d.csv,bearing_inner,250704,torque_circulation,3000.0,20.0,bearing_inner
cross_rpm,date_only,logistic_regression,data/raw/mcc5_thu_motor/MCC5-THU Motor/MCC5-THU Motor_torque_circulation/bearing_inner_H_torque_circulation_40Nm_3000rpm_250704085907d.csv,bearing_inner,250704,torque_circulation,3000.0,40.0,bearing_inner
cross_rpm,date_only,logistic_regression,data/raw/mcc5_thu_motor/MCC5-THU Motor/MCC5-THU Motor_torque_circulation/bearing_inner_L_torque_circulation_20Nm_3000rpm_250707112823d.csv,bearing_inner,250707,torque_circulation,3000.0,20.0,bearing_ball
cross_rpm,date_only,logistic_regression,data/raw/mcc5_thu_motor/MCC5-THU Motor/MCC5-THU Motor_torque_circulation/bearing_inner_L_torque_circulation_40Nm_3000rpm_250707113444d.csv,bearing_inner,250707,torque_circulation,3000.0,40.0,bearing_ball
cross_rpm,date_only,logistic_regression,data/raw/mcc5_thu_motor/MCC5-THU Motor/MCC5-THU Motor_torque_circulation/bearing_outer_H_torque_circulation_20Nm_3000rpm_250821175544.csv,bearing_outer,250821,torque_circulation,3000.0,20.0,bearing_inner
cross_rpm,date_only,logistic_regression,data/raw/mcc5_thu_motor/MCC5-THU Motor/MCC5-THU Motor_torque_circulation/bearing_outer_H_torque_circulation_40Nm_3000rpm_250707104611d.csv,bearing_outer,250707,torque_circulation,3000.0,40.0,bearing_ball
cross_rpm,date_only,logistic_regression,data/raw/mcc5_thu_motor/MCC5-THU Motor/MCC5-THU Motor_torque_circulation/bearing_outer_L_torque_circulation_20Nm_3000rpm_250708094011d.csv,bearing_outer,250708,torque_circulation,3000.0,20.0,bearing_outer
cross_rpm,date_only,logistic_regression,data/raw/mcc5_thu_motor/MCC5-THU Motor/MCC5-THU Motor_torque_circulation/bearing_outer_L_torque_circulation_40Nm_3000rpm_250708094556d.csv,bearing_outer,250708,torque_circulation,3000.0,40.0,bearing_outer
cross_rpm,date_only,logistic_regression,data/raw/mcc5_thu_motor/MCC5-THU Motor/MCC5-THU Motor_torque_circulation/health_torque_circulation_20Nm_3000rpm_250702155743d.csv,healthy,250702,torque_circulation,3000.0,20.0,healthy
cross_rpm,date_only,logistic_regression,data/raw/mcc5_thu_motor/MCC5-THU Motor/MCC5-THU Motor_torque_circulation/health_torque_circulation_40Nm_3000rpm_250702160849d.csv,healthy,250702,torque_circulation,3000.0,40.0,healthy
cross_rpm,date_only,dummy_most_frequent,data/raw/mcc5_thu_motor/MCC5-THU Motor/MCC5-THU Motor_speed_circulation/bearing_ball_H_speed_circulation_20Nm_3000rpm_250707144104.csv,bearing_ball,250707,speed_circulation,3000.0,20.0,bearing_ball
cross_rpm,date_only,dummy_most_frequent,data/raw/mcc5_thu_motor/MCC5-THU Motor/MCC5-THU Motor_speed_circulation/bearing_ball_H_speed_circulation_40Nm_3000rpm_250707144708.csv,bearing_ball,250707,speed_circulation,3000.0,40.0,bearing_ball
cross_rpm,date_only,dummy_most_frequent,data/raw/mcc5_thu_motor/MCC5-THU Motor/MCC5-THU Motor_speed_circulation/bearing_ball_L_speed_circulation_20Nm_3000rpm_250707160626.csv,bearing_ball,250707,speed_circulation,3000.0,20.0,bearing_ball
cross_rpm,date_only,dummy_most_frequent,data/raw/mcc5_thu_motor/MCC5-THU Motor/MCC5-THU Motor_speed_circulation/bearing_ball_L_speed_circulation_40Nm_3000rpm_250707160826.csv,bearing_ball,250707,speed_circulation,3000.0,40.0,bearing_ball
cross_rpm,date_only,dummy_most_frequent,data/raw/mcc5_thu_motor/MCC5-THU Motor/MCC5-THU Motor_speed_circulation/bearing_inner_H_speed_circulation_40Nm_3000rpm_250704091435.csv,bearing_inner,250704,speed_circulation,3000.0,40.0,bearing_ball
cross_rpm,date_only,dummy_most_frequent,data/raw/mcc5_thu_motor/MCC5-THU Motor/MCC5-THU Motor_speed_circulation/bearing_inner_L_speed_circulation_20Nm_3000rpm_250707114743.csv,bearing_inner,250707,speed_circulation,3000.0,20.0,bearing_ball
cross_rpm,date_only,dummy_most_frequent,data/raw/mcc5_thu_motor/MCC5-THU Motor/MCC5-THU Motor_speed_circulation/bearing_inner_L_speed_circulation_40Nm_3000rpm_250707114941.csv,bearing_inner,250707,speed_circulation,3000.0,40.0,bearing_ball
cross_rpm,date_only,dummy_most_frequent,data/raw/mcc5_thu_motor/MCC5-THU Motor/MCC5-THU Motor_speed_circulation/bearing_outer_H_speed_circulation_20Nm_3000rpm_250707105700.csv,bearing_outer,250707,speed_circulation,3000.0,20.0,bearing_ball
cross_rpm,date_only,dummy_most_frequent,data/raw/mcc5_thu_motor/MCC5-THU Motor/MCC5-THU Motor_speed_circulation/bearing_outer_H_speed_circulation_20Nm_3000rpm_250821110519.csv,bearing_outer,250821,speed_circulation,3000.0,20.0,bearing_ball
cross_rpm,date_only,dummy_most_frequent,data/raw/mcc5_thu_motor/MCC5-THU Motor/MCC5-THU Motor_speed_circulation/bearing_outer_H_speed_circulation_40Nm_3000rpm_250707105959.csv,bearing_outer,250707,speed_circulation,3000.0,40.0,bearing_ball
cross_rpm,date_only,dummy_most_frequent,data/raw/mcc5_thu_motor/MCC5-THU Motor/MCC5-THU Motor_speed_circulation/bearing_outer_L_speed_circulation_20Nm_3000rpm_250708100411.csv,bearing_outer,250708,speed_circulation,3000.0,20.0,bearing_ball
cross_rpm,date_only,dummy_most_frequent,data/raw/mcc5_thu_motor/MCC5-THU Motor/MCC5-THU Motor_speed_circulation/bearing_outer_L_speed_circulation_40Nm_3000rpm_250708100602.csv,bearing_outer,250708,speed_circulation,3000.0,40.0,bearing_ball
cross_rpm,date_only,dummy_most_frequent,data/raw/mcc5_thu_motor/MCC5-THU Motor/MCC5-THU Motor_speed_circulation/health_speed_circulation_20Nm_3000rpm_250702162533.csv,healthy,250702,speed_circulation,3000.0,20.0,bearing_ball
cross_rpm,date_only,dummy_most_frequent,data/raw/mcc5_thu_motor/MCC5-THU Motor/MCC5-THU Motor_speed_circulation/health_speed_circulation_40Nm_3000rpm_250702162804.csv,healthy,250702,speed_circulation,3000.0,40.0,bearing_ball
cross_rpm,date_only,dummy_most_frequent,data/raw/mcc5_thu_motor/MCC5-THU Motor/MCC5-THU Motor_torque_circulation/bearing_ball_H_torque_circulation_20Nm_3000rpm_250707140229d.csv,bearing_ball,250707,torque_circulation,3000.0,20.0,bearing_ball
cross_rpm,date_only,dummy_most_frequent,data/raw/mcc5_thu_motor/MCC5-THU Motor/MCC5-THU Motor_torque_circulation/bearing_ball_H_torque_circulation_40Nm_3000rpm_250707143025d.csv,bearing_ball,250707,torque_circulation,3000.0,40.0,bearing_ball
cross_rpm,date_only,dummy_most_frequent,data/raw/mcc5_thu_motor/MCC5-THU Motor/MCC5-THU Motor_torque_circulation/bearing_ball_L_torque_circulation_20Nm_3000rpm_250707153938d.csv,bearing_ball,250707,torque_circulation,3000.0,20.0,bearing_ball
cross_rpm,date_only,dummy_most_frequent,data/raw/mcc5_thu_motor/MCC5-THU Motor/MCC5-THU Motor_torque_circulation/bearing_ball_L_torque_circulation_40Nm_3000rpm_250707154630d.csv,bearing_ball,250707,torque_circulation,3000.0,40.0,bearing_ball
cross_rpm,date_only,dummy_most_frequent,data/raw/mcc5_thu_motor/MCC5-THU Motor/MCC5-THU Motor_torque_circulation/bearing_inner_H_torque_circulation_20Nm_3000rpm_250704085209d.csv,bearing_inner,250704,torque_circulation,3000.0,20.0,bearing_ball
cross_rpm,date_only,dummy_most_frequent,data/raw/mcc5_thu_motor/MCC5-THU Motor/MCC5-THU Motor_torque_circulation/bearing_inner_H_torque_circulation_40Nm_3000rpm_250704085907d.csv,bearing_inner,250704,torque_circulation,3000.0,40.0,bearing_ball
cross_rpm,date_only,dummy_most_frequent,data/raw/mcc5_thu_motor/MCC5-THU Motor/MCC5-THU Motor_torque_circulation/bearing_inner_L_torque_circulation_20Nm_3000rpm_250707112823d.csv,bearing_inner,250707,torque_circulation,3000.0,20.0,bearing_ball
cross_rpm,date_only,dummy_most_frequent,data/raw/mcc5_thu_motor/MCC5-THU Motor/MCC5-THU Motor_torque_circulation/bearing_inner_L_torque_circulation_40Nm_3000rpm_250707113444d.csv,bearing_inner,250707,torque_circulation,3000.0,40.0,bearing_ball
cross_rpm,date_only,dummy_most_frequent,data/raw/mcc5_thu_motor/MCC5-THU Motor/MCC5-THU Motor_torque_circulation/bearing_outer_H_torque_circulation_20Nm_3000rpm_250821175544.csv,bearing_outer,250821,torque_circulation,3000.0,20.0,bearing_ball
cross_rpm,date_only,dummy_most_frequent,data/raw/mcc5_thu_motor/MCC5-THU Motor/MCC5-THU Motor_torque_circulation/bearing_outer_H_torque_circulation_40Nm_3000rpm_250707104611d.csv,bearing_outer,250707,torque_circulation,3000.0,40.0,bearing_ball
cross_rpm,date_only,dummy_most_frequent,data/raw/mcc5_thu_motor/MCC5-THU Motor/MCC5-THU Motor_torque_circulation/bearing_outer_L_torque_circulation_20Nm_3000rpm_250708094011d.csv,bearing_outer,250708,torque_circulation,3000.0,20.0,bearing_ball
cross_rpm,date_only,dummy_most_frequent,data/raw/mcc5_thu_motor/MCC5-THU Motor/MCC5-THU Motor_torque_circulation/bearing_outer_L_torque_circulation_40Nm_3000rpm_250708094556d.csv,bearing_outer,250708,torque_circulation,3000.0,40.0,bearing_ball
cross_rpm,date_only,dummy_most_frequent,data/raw/mcc5_thu_motor/MCC5-THU Motor/MCC5-THU Motor_torque_circulation/health_torque_circulation_20Nm_3000rpm_250702155743d.csv,healthy,250702,torque_circulation,3000.0,20.0,bearing_ball
cross_rpm,date_only,dummy_most_frequent,data/raw/mcc5_thu_motor/MCC5-THU Motor/MCC5-THU Motor_torque_circulation/health_torque_circulation_40Nm_3000rpm_250702160849d.csv,healthy,250702,torque_circulation,3000.0,40.0,bearing_ball
cross_rpm,operating_context_only,decision_tree,data/raw/mcc5_thu_motor/MCC5-THU Motor/MCC5-THU Motor_speed_circulation/bearing_ball_H_speed_circulation_20Nm_3000rpm_250707144104.csv,bearing_ball,250707,speed_circulation,3000.0,20.0,bearing_ball
cross_rpm,operating_context_only,decision_tree,data/raw/mcc5_thu_motor/MCC5-THU Motor/MCC5-THU Motor_speed_circulation/bearing_ball_H_speed_circulation_40Nm_3000rpm_250707144708.csv,bearing_ball,250707,speed_circulation,3000.0,40.0,bearing_ball
cross_rpm,operating_context_only,decision_tree,data/raw/mcc5_thu_motor/MCC5-THU Motor/MCC5-THU Motor_speed_circulation/bearing_ball_L_speed_circulation_20Nm_3000rpm_250707160626.csv,bearing_ball,250707,speed_circulation,3000.0,20.0,bearing_ball
cross_rpm,operating_context_only,decision_tree,data/raw/mcc5_thu_motor/MCC5-THU Motor/MCC5-THU Motor_speed_circulation/bearing_ball_L_speed_circulation_40Nm_3000rpm_250707160826.csv,bearing_ball,250707,speed_circulation,3000.0,40.0,bearing_ball
cross_rpm,operating_context_only,decision_tree,data/raw/mcc5_thu_motor/MCC5-THU Motor/MCC5-THU Motor_speed_circulation/bearing_inner_H_speed_circulation_40Nm_3000rpm_250704091435.csv,bearing_inner,250704,speed_circulation,3000.0,40.0,bearing_ball
cross_rpm,operating_context_only,decision_tree,data/raw/mcc5_thu_motor/MCC5-THU Motor/MCC5-THU Motor_speed_circulation/bearing_inner_L_speed_circulation_20Nm_3000rpm_250707114743.csv,bearing_inner,250707,speed_circulation,3000.0,20.0,bearing_ball
cross_rpm,operating_context_only,decision_tree,data/raw/mcc5_thu_motor/MCC5-THU Motor/MCC5-THU Motor_speed_circulation/bearing_inner_L_speed_circulation_40Nm_3000rpm_250707114941.csv,bearing_inner,250707,speed_circulation,3000.0,40.0,bearing_ball
cross_rpm,operating_context_only,decision_tree,data/raw/mcc5_thu_motor/MCC5-THU Motor/MCC5-THU Motor_speed_circulation/bearing_outer_H_speed_circulation_20Nm_3000rpm_250707105700.csv,bearing_outer,250707,speed_circulation,3000.0,20.0,bearing_ball
cross_rpm,operating_context_only,decision_tree,data/raw/mcc5_thu_motor/MCC5-THU Motor/MCC5-THU Motor_speed_circulation/bearing_outer_H_speed_circulation_20Nm_3000rpm_250821110519.csv,bearing_outer,250821,speed_circulation,3000.0,20.0,bearing_ball
cross_rpm,operating_context_only,decision_tree,data/raw/mcc5_thu_motor/MCC5-THU Motor/MCC5-THU Motor_speed_circulation/bearing_outer_H_speed_circulation_40Nm_3000rpm_250707105959.csv,bearing_outer,250707,speed_circulation,3000.0,40.0,bearing_ball
cross_rpm,operating_context_only,decision_tree,data/raw/mcc5_thu_motor/MCC5-THU Motor/MCC5-THU Motor_speed_circulation/bearing_outer_L_speed_circulation_20Nm_3000rpm_250708100411.csv,bearing_outer,250708,speed_circulation,3000.0,20.0,bearing_ball
cross_rpm,operating_context_only,decision_tree,data/raw/mcc5_thu_motor/MCC5-THU Motor/MCC5-THU Motor_speed_circulation/bearing_outer_L_speed_circulation_40Nm_3000rpm_250708100602.csv,bearing_outer,250708,speed_circulation,3000.0,40.0,bearing_ball
cross_rpm,operating_context_only,decision_tree,data/raw/mcc5_thu_motor/MCC5-THU Motor/MCC5-THU Motor_speed_circulation/health_speed_circulation_20Nm_3000rpm_250702162533.csv,healthy,250702,speed_circulation,3000.0,20.0,bearing_ball
cross_rpm,operating_context_only,decision_tree,data/raw/mcc5_thu_motor/MCC5-THU Motor/MCC5-THU Motor_speed_circulation/health_speed_circulation_40Nm_3000rpm_250702162804.csv,healthy,250702,speed_circulation,3000.0,40.0,bearing_ball
cross_rpm,operating_context_only,decision_tree,data/raw/mcc5_thu_motor/MCC5-THU Motor/MCC5-THU Motor_torque_circulation/bearing_ball_H_torque_circulation_20Nm_3000rpm_250707140229d.csv,bearing_ball,250707,torque_circulation,3000.0,20.0,bearing_ball
cross_rpm,operating_context_only,decision_tree,data/raw/mcc5_thu_motor/MCC5-THU Motor/MCC5-THU Motor_torque_circulation/bearing_ball_H_torque_circulation_40Nm_3000rpm_250707143025d.csv,bearing_ball,250707,torque_circulation,3000.0,40.0,bearing_ball
cross_rpm,operating_context_only,decision_tree,data/raw/mcc5_thu_motor/MCC5-THU Motor/MCC5-THU Motor_torque_circulation/bearing_ball_L_torque_circulation_20Nm_3000rpm_250707153938d.csv,bearing_ball,250707,torque_circulation,3000.0,20.0,bearing_ball
cross_rpm,operating_context_only,decision_tree,data/raw/mcc5_thu_motor/MCC5-THU Motor/MCC5-THU Motor_torque_circulation/bearing_ball_L_torque_circulation_40Nm_3000rpm_250707154630d.csv,bearing_ball,250707,torque_circulation,3000.0,40.0,bearing_ball
cross_rpm,operating_context_only,decision_tree,data/raw/mcc5_thu_motor/MCC5-THU Motor/MCC5-THU Motor_torque_circulation/bearing_inner_H_torque_circulation_20Nm_3000rpm_250704085209d.csv,bearing_inner,250704,torque_circulation,3000.0,20.0,bearing_ball
cross_rpm,operating_context_only,decision_tree,data/raw/mcc5_thu_motor/MCC5-THU Motor/MCC5-THU Motor_torque_circulation/bearing_inner_H_torque_circulation_40Nm_3000rpm_250704085907d.csv,bearing_inner,250704,torque_circulation,3000.0,40.0,bearing_ball
cross_rpm,operating_context_only,decision_tree,data/raw/mcc5_thu_motor/MCC5-THU Motor/MCC5-THU Motor_torque_circulation/bearing_inner_L_torque_circulation_20Nm_3000rpm_250707112823d.csv,bearing_inner,250707,torque_circulation,3000.0,20.0,bearing_ball
cross_rpm,operating_context_only,decision_tree,data/raw/mcc5_thu_motor/MCC5-THU Motor/MCC5-THU Motor_torque_circulation/bearing_inner_L_torque_circulation_40Nm_3000rpm_250707113444d.csv,bearing_inner,250707,torque_circulation,3000.0,40.0,bearing_ball
cross_rpm,operating_context_only,decision_tree,data/raw/mcc5_thu_motor/MCC5-THU Motor/MCC5-THU Motor_torque_circulation/bearing_outer_H_torque_circulation_20Nm_3000rpm_250821175544.csv,bearing_outer,250821,torque_circulation,3000.0,20.0,bearing_ball
cross_rpm,operating_context_only,decision_tree,data/raw/mcc5_thu_motor/MCC5-THU Motor/MCC5-THU Motor_torque_circulation/bearing_outer_H_torque_circulation_40Nm_3000rpm_250707104611d.csv,bearing_outer,250707,torque_circulation,3000.0,40.0,bearing_ball
cross_rpm,operating_context_only,decision_tree,data/raw/mcc5_thu_motor/MCC5-THU Motor/MCC5-THU Motor_torque_circulation/bearing_outer_L_torque_circulation_20Nm_3000rpm_250708094011d.csv,bearing_outer,250708,torque_circulation,3000.0,20.0,bearing_ball
cross_rpm,operating_context_only,decision_tree,data/raw/mcc5_thu_motor/MCC5-THU Motor/MCC5-THU Motor_torque_circulation/bearing_outer_L_torque_circulation_40Nm_3000rpm_250708094556d.csv,bearing_outer,250708,torque_circulation,3000.0,40.0,bearing_ball
cross_rpm,operating_context_only,decision_tree,data/raw/mcc5_thu_motor/MCC5-THU Motor/MCC5-THU Motor_torque_circulation/health_torque_circulation_20Nm_3000rpm_250702155743d.csv,healthy,250702,torque_circulation,3000.0,20.0,bearing_ball
cross_rpm,operating_context_only,decision_tree,data/raw/mcc5_thu_motor/MCC5-THU Motor/MCC5-THU Motor_torque_circulation/health_torque_circulation_40Nm_3000rpm_250702160849d.csv,healthy,250702,torque_circulation,3000.0,40.0,bearing_ball
cross_rpm,operating_context_only,logistic_regression,data/raw/mcc5_thu_motor/MCC5-THU Motor/MCC5-THU Motor_speed_circulation/bearing_ball_H_speed_circulation_20Nm_3000rpm_250707144104.csv,bearing_ball,250707,speed_circulation,3000.0,20.0,bearing_ball
cross_rpm,operating_context_only,logistic_regression,data/raw/mcc5_thu_motor/MCC5-THU Motor/MCC5-THU Motor_speed_circulation/bearing_ball_H_speed_circulation_40Nm_3000rpm_250707144708.csv,bearing_ball,250707,speed_circulation,3000.0,40.0,bearing_ball
cross_rpm,operating_context_only,logistic_regression,data/raw/mcc5_thu_motor/MCC5-THU Motor/MCC5-THU Motor_speed_circulation/bearing_ball_L_speed_circulation_20Nm_3000rpm_250707160626.csv,bearing_ball,250707,speed_circulation,3000.0,20.0,bearing_ball
cross_rpm,operating_context_only,logistic_regression,data/raw/mcc5_thu_motor/MCC5-THU Motor/MCC5-THU Motor_speed_circulation/bearing_ball_L_speed_circulation_40Nm_3000rpm_250707160826.csv,bearing_ball,250707,speed_circulation,3000.0,40.0,bearing_ball
cross_rpm,operating_context_only,logistic_regression,data/raw/mcc5_thu_motor/MCC5-THU Motor/MCC5-THU Motor_speed_circulation/bearing_inner_H_speed_circulation_40Nm_3000rpm_250704091435.csv,bearing_inner,250704,speed_circulation,3000.0,40.0,bearing_ball
cross_rpm,operating_context_only,logistic_regression,data/raw/mcc5_thu_motor/MCC5-THU Motor/MCC5-THU Motor_speed_circulation/bearing_inner_L_speed_circulation_20Nm_3000rpm_250707114743.csv,bearing_inner,250707,speed_circulation,3000.0,20.0,bearing_ball
cross_rpm,operating_context_only,logistic_regression,data/raw/mcc5_thu_motor/MCC5-THU Motor/MCC5-THU Motor_speed_circulation/bearing_inner_L_speed_circulation_40Nm_3000rpm_250707114941.csv,bearing_inner,250707,speed_circulation,3000.0,40.0,bearing_ball
cross_rpm,operating_context_only,logistic_regression,data/raw/mcc5_thu_motor/MCC5-THU Motor/MCC5-THU Motor_speed_circulation/bearing_outer_H_speed_circulation_20Nm_3000rpm_250707105700.csv,bearing_outer,250707,speed_circulation,3000.0,20.0,bearing_ball
cross_rpm,operating_context_only,logistic_regression,data/raw/mcc5_thu_motor/MCC5-THU Motor/MCC5-THU Motor_speed_circulation/bearing_outer_H_speed_circulation_20Nm_3000rpm_250821110519.csv,bearing_outer,250821,speed_circulation,3000.0,20.0,bearing_ball
cross_rpm,operating_context_only,logistic_regression,data/raw/mcc5_thu_motor/MCC5-THU Motor/MCC5-THU Motor_speed_circulation/bearing_outer_H_speed_circulation_40Nm_3000rpm_250707105959.csv,bearing_outer,250707,speed_circulation,3000.0,40.0,bearing_ball
cross_rpm,operating_context_only,logistic_regression,data/raw/mcc5_thu_motor/MCC5-THU Motor/MCC5-THU Motor_speed_circulation/bearing_outer_L_speed_circulation_20Nm_3000rpm_250708100411.csv,bearing_outer,250708,speed_circulation,3000.0,20.0,bearing_ball
cross_rpm,operating_context_only,logistic_regression,data/raw/mcc5_thu_motor/MCC5-THU Motor/MCC5-THU Motor_speed_circulation/bearing_outer_L_speed_circulation_40Nm_3000rpm_250708100602.csv,bearing_outer,250708,speed_circulation,3000.0,40.0,bearing_ball
cross_rpm,operating_context_only,logistic_regression,data/raw/mcc5_thu_motor/MCC5-THU Motor/MCC5-THU Motor_speed_circulation/health_speed_circulation_20Nm_3000rpm_250702162533.csv,healthy,250702,speed_circulation,3000.0,20.0,bearing_ball
cross_rpm,operating_context_only,logistic_regression,data/raw/mcc5_thu_motor/MCC5-THU Motor/MCC5-THU Motor_speed_circulation/health_speed_circulation_40Nm_3000rpm_250702162804.csv,healthy,250702,speed_circulation,3000.0,40.0,bearing_ball
cross_rpm,operating_context_only,logistic_regression,data/raw/mcc5_thu_motor/MCC5-THU Motor/MCC5-THU Motor_torque_circulation/bearing_ball_H_torque_circulation_20Nm_3000rpm_250707140229d.csv,bearing_ball,250707,torque_circulation,3000.0,20.0,bearing_ball
cross_rpm,operating_context_only,logistic_regression,data/raw/mcc5_thu_motor/MCC5-THU Motor/MCC5-THU Motor_torque_circulation/bearing_ball_H_torque_circulation_40Nm_3000rpm_250707143025d.csv,bearing_ball,250707,torque_circulation,3000.0,40.0,bearing_ball
cross_rpm,operating_context_only,logistic_regression,data/raw/mcc5_thu_motor/MCC5-THU Motor/MCC5-THU Motor_torque_circulation/bearing_ball_L_torque_circulation_20Nm_3000rpm_250707153938d.csv,bearing_ball,250707,torque_circulation,3000.0,20.0,bearing_ball
cross_rpm,operating_context_only,logistic_regression,data/raw/mcc5_thu_motor/MCC5-THU Motor/MCC5-THU Motor_torque_circulation/bearing_ball_L_torque_circulation_40Nm_3000rpm_250707154630d.csv,bearing_ball,250707,torque_circulation,3000.0,40.0,bearing_ball
cross_rpm,operating_context_only,logistic_regression,data/raw/mcc5_thu_motor/MCC5-THU Motor/MCC5-THU Motor_torque_circulation/bearing_inner_H_torque_circulation_20Nm_3000rpm_250704085209d.csv,bearing_inner,250704,torque_circulation,3000.0,20.0,bearing_ball
cross_rpm,operating_context_only,logistic_regression,data/raw/mcc5_thu_motor/MCC5-THU Motor/MCC5-THU Motor_torque_circulation/bearing_inner_H_torque_circulation_40Nm_3000rpm_250704085907d.csv,bearing_inner,250704,torque_circulation,3000.0,40.0,bearing_ball
cross_rpm,operating_context_only,logistic_regression,data/raw/mcc5_thu_motor/MCC5-THU Motor/MCC5-THU Motor_torque_circulation/bearing_inner_L_torque_circulation_20Nm_3000rpm_250707112823d.csv,bearing_inner,250707,torque_circulation,3000.0,20.0,bearing_ball
cross_rpm,operating_context_only,logistic_regression,data/raw/mcc5_thu_motor/MCC5-THU Motor/MCC5-THU Motor_torque_circulation/bearing_inner_L_torque_circulation_40Nm_3000rpm_250707113444d.csv,bearing_inner,250707,torque_circulation,3000.0,40.0,bearing_ball
cross_rpm,operating_context_only,logistic_regression,data/raw/mcc5_thu_motor/MCC5-THU Motor/MCC5-THU Motor_torque_circulation/bearing_outer_H_torque_circulation_20Nm_3000rpm_250821175544.csv,bearing_outer,250821,torque_circulation,3000.0,20.0,bearing_ball
cross_rpm,operating_context_only,logistic_regression,data/raw/mcc5_thu_motor/MCC5-THU Motor/MCC5-THU Motor_torque_circulation/bearing_outer_H_torque_circulation_40Nm_3000rpm_250707104611d.csv,bearing_outer,250707,torque_circulation,3000.0,40.0,bearing_ball
cross_rpm,operating_context_only,logistic_regression,data/raw/mcc5_thu_motor/MCC5-THU Motor/MCC5-THU Motor_torque_circulation/bearing_outer_L_torque_circulation_20Nm_3000rpm_250708094011d.csv,bearing_outer,250708,torque_circulation,3000.0,20.0,bearing_ball
cross_rpm,operating_context_only,logistic_regression,data/raw/mcc5_thu_motor/MCC5-THU Motor/MCC5-THU Motor_torque_circulation/bearing_outer_L_torque_circulation_40Nm_3000rpm_250708094556d.csv,bearing_outer,250708,torque_circulation,3000.0,40.0,bearing_ball
cross_rpm,operating_context_only,logistic_regression,data/raw/mcc5_thu_motor/MCC5-THU Motor/MCC5-THU Motor_torque_circulation/health_torque_circulation_20Nm_3000rpm_250702155743d.csv,healthy,250702,torque_circulation,3000.0,20.0,bearing_ball
cross_rpm,operating_context_only,logistic_regression,data/raw/mcc5_thu_motor/MCC5-THU Motor/MCC5-THU Motor_torque_circulation/health_torque_circulation_40Nm_3000rpm_250702160849d.csv,healthy,250702,torque_circulation,3000.0,40.0,bearing_ball
cross_rpm,operating_context_only,dummy_most_frequent,data/raw/mcc5_thu_motor/MCC5-THU Motor/MCC5-THU Motor_speed_circulation/bearing_ball_H_speed_circulation_20Nm_3000rpm_250707144104.csv,bearing_ball,250707,speed_circulation,3000.0,20.0,bearing_ball
cross_rpm,operating_context_only,dummy_most_frequent,data/raw/mcc5_thu_motor/MCC5-THU Motor/MCC5-THU Motor_speed_circulation/bearing_ball_H_speed_circulation_40Nm_3000rpm_250707144708.csv,bearing_ball,250707,speed_circulation,3000.0,40.0,bearing_ball
cross_rpm,operating_context_only,dummy_most_frequent,data/raw/mcc5_thu_motor/MCC5-THU Motor/MCC5-THU Motor_speed_circulation/bearing_ball_L_speed_circulation_20Nm_3000rpm_250707160626.csv,bearing_ball,250707,speed_circulation,3000.0,20.0,bearing_ball
cross_rpm,operating_context_only,dummy_most_frequent,data/raw/mcc5_thu_motor/MCC5-THU Motor/MCC5-THU Motor_speed_circulation/bearing_ball_L_speed_circulation_40Nm_3000rpm_250707160826.csv,bearing_ball,250707,speed_circulation,3000.0,40.0,bearing_ball
cross_rpm,operating_context_only,dummy_most_frequent,data/raw/mcc5_thu_motor/MCC5-THU Motor/MCC5-THU Motor_speed_circulation/bearing_inner_H_speed_circulation_40Nm_3000rpm_250704091435.csv,bearing_inner,250704,speed_circulation,3000.0,40.0,bearing_ball
cross_rpm,operating_context_only,dummy_most_frequent,data/raw/mcc5_thu_motor/MCC5-THU Motor/MCC5-THU Motor_speed_circulation/bearing_inner_L_speed_circulation_20Nm_3000rpm_250707114743.csv,bearing_inner,250707,speed_circulation,3000.0,20.0,bearing_ball
cross_rpm,operating_context_only,dummy_most_frequent,data/raw/mcc5_thu_motor/MCC5-THU Motor/MCC5-THU Motor_speed_circulation/bearing_inner_L_speed_circulation_40Nm_3000rpm_250707114941.csv,bearing_inner,250707,speed_circulation,3000.0,40.0,bearing_ball
cross_rpm,operating_context_only,dummy_most_frequent,data/raw/mcc5_thu_motor/MCC5-THU Motor/MCC5-THU Motor_speed_circulation/bearing_outer_H_speed_circulation_20Nm_3000rpm_250707105700.csv,bearing_outer,250707,speed_circulation,3000.0,20.0,bearing_ball
cross_rpm,operating_context_only,dummy_most_frequent,data/raw/mcc5_thu_motor/MCC5-THU Motor/MCC5-THU Motor_speed_circulation/bearing_outer_H_speed_circulation_20Nm_3000rpm_250821110519.csv,bearing_outer,250821,speed_circulation,3000.0,20.0,bearing_ball
cross_rpm,operating_context_only,dummy_most_frequent,data/raw/mcc5_thu_motor/MCC5-THU Motor/MCC5-THU Motor_speed_circulation/bearing_outer_H_speed_circulation_40Nm_3000rpm_250707105959.csv,bearing_outer,250707,speed_circulation,3000.0,40.0,bearing_ball
cross_rpm,operating_context_only,dummy_most_frequent,data/raw/mcc5_thu_motor/MCC5-THU Motor/MCC5-THU Motor_speed_circulation/bearing_outer_L_speed_circulation_20Nm_3000rpm_250708100411.csv,bearing_outer,250708,speed_circulation,3000.0,20.0,bearing_ball
cross_rpm,operating_context_only,dummy_most_frequent,data/raw/mcc5_thu_motor/MCC5-THU Motor/MCC5-THU Motor_speed_circulation/bearing_outer_L_speed_circulation_40Nm_3000rpm_250708100602.csv,bearing_outer,250708,speed_circulation,3000.0,40.0,bearing_ball
cross_rpm,operating_context_only,dummy_most_frequent,data/raw/mcc5_thu_motor/MCC5-THU Motor/MCC5-THU Motor_speed_circulation/health_speed_circulation_20Nm_3000rpm_250702162533.csv,healthy,250702,speed_circulation,3000.0,20.0,bearing_ball
cross_rpm,operating_context_only,dummy_most_frequent,data/raw/mcc5_thu_motor/MCC5-THU Motor/MCC5-THU Motor_speed_circulation/health_speed_circulation_40Nm_3000rpm_250702162804.csv,healthy,250702,speed_circulation,3000.0,40.0,bearing_ball
cross_rpm,operating_context_only,dummy_most_frequent,data/raw/mcc5_thu_motor/MCC5-THU Motor/MCC5-THU Motor_torque_circulation/bearing_ball_H_torque_circulation_20Nm_3000rpm_250707140229d.csv,bearing_ball,250707,torque_circulation,3000.0,20.0,bearing_ball
cross_rpm,operating_context_only,dummy_most_frequent,data/raw/mcc5_thu_motor/MCC5-THU Motor/MCC5-THU Motor_torque_circulation/bearing_ball_H_torque_circulation_40Nm_3000rpm_250707143025d.csv,bearing_ball,250707,torque_circulation,3000.0,40.0,bearing_ball
cross_rpm,operating_context_only,dummy_most_frequent,data/raw/mcc5_thu_motor/MCC5-THU Motor/MCC5-THU Motor_torque_circulation/bearing_ball_L_torque_circulation_20Nm_3000rpm_250707153938d.csv,bearing_ball,250707,torque_circulation,3000.0,20.0,bearing_ball
cross_rpm,operating_context_only,dummy_most_frequent,data/raw/mcc5_thu_motor/MCC5-THU Motor/MCC5-THU Motor_torque_circulation/bearing_ball_L_torque_circulation_40Nm_3000rpm_250707154630d.csv,bearing_ball,250707,torque_circulation,3000.0,40.0,bearing_ball
cross_rpm,operating_context_only,dummy_most_frequent,data/raw/mcc5_thu_motor/MCC5-THU Motor/MCC5-THU Motor_torque_circulation/bearing_inner_H_torque_circulation_20Nm_3000rpm_250704085209d.csv,bearing_inner,250704,torque_circulation,3000.0,20.0,bearing_ball
cross_rpm,operating_context_only,dummy_most_frequent,data/raw/mcc5_thu_motor/MCC5-THU Motor/MCC5-THU Motor_torque_circulation/bearing_inner_H_torque_circulation_40Nm_3000rpm_250704085907d.csv,bearing_inner,250704,torque_circulation,3000.0,40.0,bearing_ball
cross_rpm,operating_context_only,dummy_most_frequent,data/raw/mcc5_thu_motor/MCC5-THU Motor/MCC5-THU Motor_torque_circulation/bearing_inner_L_torque_circulation_20Nm_3000rpm_250707112823d.csv,bearing_inner,250707,torque_circulation,3000.0,20.0,bearing_ball
cross_rpm,operating_context_only,dummy_most_frequent,data/raw/mcc5_thu_motor/MCC5-THU Motor/MCC5-THU Motor_torque_circulation/bearing_inner_L_torque_circulation_40Nm_3000rpm_250707113444d.csv,bearing_inner,250707,torque_circulation,3000.0,40.0,bearing_ball
cross_rpm,operating_context_only,dummy_most_frequent,data/raw/mcc5_thu_motor/MCC5-THU Motor/MCC5-THU Motor_torque_circulation/bearing_outer_H_torque_circulation_20Nm_3000rpm_250821175544.csv,bearing_outer,250821,torque_circulation,3000.0,20.0,bearing_ball
cross_rpm,operating_context_only,dummy_most_frequent,data/raw/mcc5_thu_motor/MCC5-THU Motor/MCC5-THU Motor_torque_circulation/bearing_outer_H_torque_circulation_40Nm_3000rpm_250707104611d.csv,bearing_outer,250707,torque_circulation,3000.0,40.0,bearing_ball
cross_rpm,operating_context_only,dummy_most_frequent,data/raw/mcc5_thu_motor/MCC5-THU Motor/MCC5-THU Motor_torque_circulation/bearing_outer_L_torque_circulation_20Nm_3000rpm_250708094011d.csv,bearing_outer,250708,torque_circulation,3000.0,20.0,bearing_ball
cross_rpm,operating_context_only,dummy_most_frequent,data/raw/mcc5_thu_motor/MCC5-THU Motor/MCC5-THU Motor_torque_circulation/bearing_outer_L_torque_circulation_40Nm_3000rpm_250708094556d.csv,bearing_outer,250708,torque_circulation,3000.0,40.0,bearing_ball
cross_rpm,operating_context_only,dummy_most_frequent,data/raw/mcc5_thu_motor/MCC5-THU Motor/MCC5-THU Motor_torque_circulation/health_torque_circulation_20Nm_3000rpm_250702155743d.csv,healthy,250702,torque_circulation,3000.0,20.0,bearing_ball
cross_rpm,operating_context_only,dummy_most_frequent,data/raw/mcc5_thu_motor/MCC5-THU Motor/MCC5-THU Motor_torque_circulation/health_torque_circulation_40Nm_3000rpm_250702160849d.csv,healthy,250702,torque_circulation,3000.0,40.0,bearing_ball
cross_rpm,date_and_context,decision_tree,data/raw/mcc5_thu_motor/MCC5-THU Motor/MCC5-THU Motor_speed_circulation/bearing_ball_H_speed_circulation_20Nm_3000rpm_250707144104.csv,bearing_ball,250707,speed_circulation,3000.0,20.0,bearing_ball
cross_rpm,date_and_context,decision_tree,data/raw/mcc5_thu_motor/MCC5-THU Motor/MCC5-THU Motor_speed_circulation/bearing_ball_H_speed_circulation_40Nm_3000rpm_250707144708.csv,bearing_ball,250707,speed_circulation,3000.0,40.0,bearing_ball
cross_rpm,date_and_context,decision_tree,data/raw/mcc5_thu_motor/MCC5-THU Motor/MCC5-THU Motor_speed_circulation/bearing_ball_L_speed_circulation_20Nm_3000rpm_250707160626.csv,bearing_ball,250707,speed_circulation,3000.0,20.0,bearing_ball
cross_rpm,date_and_context,decision_tree,data/raw/mcc5_thu_motor/MCC5-THU Motor/MCC5-THU Motor_speed_circulation/bearing_ball_L_speed_circulation_40Nm_3000rpm_250707160826.csv,bearing_ball,250707,speed_circulation,3000.0,40.0,bearing_ball
cross_rpm,date_and_context,decision_tree,data/raw/mcc5_thu_motor/MCC5-THU Motor/MCC5-THU Motor_speed_circulation/bearing_inner_H_speed_circulation_40Nm_3000rpm_250704091435.csv,bearing_inner,250704,speed_circulation,3000.0,40.0,bearing_inner
cross_rpm,date_and_context,decision_tree,data/raw/mcc5_thu_motor/MCC5-THU Motor/MCC5-THU Motor_speed_circulation/bearing_inner_L_speed_circulation_20Nm_3000rpm_250707114743.csv,bearing_inner,250707,speed_circulation,3000.0,20.0,bearing_ball
cross_rpm,date_and_context,decision_tree,data/raw/mcc5_thu_motor/MCC5-THU Motor/MCC5-THU Motor_speed_circulation/bearing_inner_L_speed_circulation_40Nm_3000rpm_250707114941.csv,bearing_inner,250707,speed_circulation,3000.0,40.0,bearing_ball
cross_rpm,date_and_context,decision_tree,data/raw/mcc5_thu_motor/MCC5-THU Motor/MCC5-THU Motor_speed_circulation/bearing_outer_H_speed_circulation_20Nm_3000rpm_250707105700.csv,bearing_outer,250707,speed_circulation,3000.0,20.0,bearing_ball
cross_rpm,date_and_context,decision_tree,data/raw/mcc5_thu_motor/MCC5-THU Motor/MCC5-THU Motor_speed_circulation/bearing_outer_H_speed_circulation_20Nm_3000rpm_250821110519.csv,bearing_outer,250821,speed_circulation,3000.0,20.0,bearing_ball
cross_rpm,date_and_context,decision_tree,data/raw/mcc5_thu_motor/MCC5-THU Motor/MCC5-THU Motor_speed_circulation/bearing_outer_H_speed_circulation_40Nm_3000rpm_250707105959.csv,bearing_outer,250707,speed_circulation,3000.0,40.0,bearing_ball
cross_rpm,date_and_context,decision_tree,data/raw/mcc5_thu_motor/MCC5-THU Motor/MCC5-THU Motor_speed_circulation/bearing_outer_L_speed_circulation_20Nm_3000rpm_250708100411.csv,bearing_outer,250708,speed_circulation,3000.0,20.0,bearing_outer
cross_rpm,date_and_context,decision_tree,data/raw/mcc5_thu_motor/MCC5-THU Motor/MCC5-THU Motor_speed_circulation/bearing_outer_L_speed_circulation_40Nm_3000rpm_250708100602.csv,bearing_outer,250708,speed_circulation,3000.0,40.0,bearing_outer
cross_rpm,date_and_context,decision_tree,data/raw/mcc5_thu_motor/MCC5-THU Motor/MCC5-THU Motor_speed_circulation/health_speed_circulation_20Nm_3000rpm_250702162533.csv,healthy,250702,speed_circulation,3000.0,20.0,healthy
cross_rpm,date_and_context,decision_tree,data/raw/mcc5_thu_motor/MCC5-THU Motor/MCC5-THU Motor_speed_circulation/health_speed_circulation_40Nm_3000rpm_250702162804.csv,healthy,250702,speed_circulation,3000.0,40.0,healthy
cross_rpm,date_and_context,decision_tree,data/raw/mcc5_thu_motor/MCC5-THU Motor/MCC5-THU Motor_torque_circulation/bearing_ball_H_torque_circulation_20Nm_3000rpm_250707140229d.csv,bearing_ball,250707,torque_circulation,3000.0,20.0,bearing_ball
cross_rpm,date_and_context,decision_tree,data/raw/mcc5_thu_motor/MCC5-THU Motor/MCC5-THU Motor_torque_circulation/bearing_ball_H_torque_circulation_40Nm_3000rpm_250707143025d.csv,bearing_ball,250707,torque_circulation,3000.0,40.0,bearing_ball
cross_rpm,date_and_context,decision_tree,data/raw/mcc5_thu_motor/MCC5-THU Motor/MCC5-THU Motor_torque_circulation/bearing_ball_L_torque_circulation_20Nm_3000rpm_250707153938d.csv,bearing_ball,250707,torque_circulation,3000.0,20.0,bearing_ball
cross_rpm,date_and_context,decision_tree,data/raw/mcc5_thu_motor/MCC5-THU Motor/MCC5-THU Motor_torque_circulation/bearing_ball_L_torque_circulation_40Nm_3000rpm_250707154630d.csv,bearing_ball,250707,torque_circulation,3000.0,40.0,bearing_ball
cross_rpm,date_and_context,decision_tree,data/raw/mcc5_thu_motor/MCC5-THU Motor/MCC5-THU Motor_torque_circulation/bearing_inner_H_torque_circulation_20Nm_3000rpm_250704085209d.csv,bearing_inner,250704,torque_circulation,3000.0,20.0,bearing_inner
cross_rpm,date_and_context,decision_tree,data/raw/mcc5_thu_motor/MCC5-THU Motor/MCC5-THU Motor_torque_circulation/bearing_inner_H_torque_circulation_40Nm_3000rpm_250704085907d.csv,bearing_inner,250704,torque_circulation,3000.0,40.0,bearing_inner
cross_rpm,date_and_context,decision_tree,data/raw/mcc5_thu_motor/MCC5-THU Motor/MCC5-THU Motor_torque_circulation/bearing_inner_L_torque_circulation_20Nm_3000rpm_250707112823d.csv,bearing_inner,250707,torque_circulation,3000.0,20.0,bearing_ball
cross_rpm,date_and_context,decision_tree,data/raw/mcc5_thu_motor/MCC5-THU Motor/MCC5-THU Motor_torque_circulation/bearing_inner_L_torque_circulation_40Nm_3000rpm_250707113444d.csv,bearing_inner,250707,torque_circulation,3000.0,40.0,bearing_ball
cross_rpm,date_and_context,decision_tree,data/raw/mcc5_thu_motor/MCC5-THU Motor/MCC5-THU Motor_torque_circulation/bearing_outer_H_torque_circulation_20Nm_3000rpm_250821175544.csv,bearing_outer,250821,torque_circulation,3000.0,20.0,bearing_ball
cross_rpm,date_and_context,decision_tree,data/raw/mcc5_thu_motor/MCC5-THU Motor/MCC5-THU Motor_torque_circulation/bearing_outer_H_torque_circulation_40Nm_3000rpm_250707104611d.csv,bearing_outer,250707,torque_circulation,3000.0,40.0,bearing_ball
cross_rpm,date_and_context,decision_tree,data/raw/mcc5_thu_motor/MCC5-THU Motor/MCC5-THU Motor_torque_circulation/bearing_outer_L_torque_circulation_20Nm_3000rpm_250708094011d.csv,bearing_outer,250708,torque_circulation,3000.0,20.0,bearing_outer
cross_rpm,date_and_context,decision_tree,data/raw/mcc5_thu_motor/MCC5-THU Motor/MCC5-THU Motor_torque_circulation/bearing_outer_L_torque_circulation_40Nm_3000rpm_250708094556d.csv,bearing_outer,250708,torque_circulation,3000.0,40.0,bearing_outer
cross_rpm,date_and_context,decision_tree,data/raw/mcc5_thu_motor/MCC5-THU Motor/MCC5-THU Motor_torque_circulation/health_torque_circulation_20Nm_3000rpm_250702155743d.csv,healthy,250702,torque_circulation,3000.0,20.0,healthy
cross_rpm,date_and_context,decision_tree,data/raw/mcc5_thu_motor/MCC5-THU Motor/MCC5-THU Motor_torque_circulation/health_torque_circulation_40Nm_3000rpm_250702160849d.csv,healthy,250702,torque_circulation,3000.0,40.0,healthy
cross_rpm,date_and_context,logistic_regression,data/raw/mcc5_thu_motor/MCC5-THU Motor/MCC5-THU Motor_speed_circulation/bearing_ball_H_speed_circulation_20Nm_3000rpm_250707144104.csv,bearing_ball,250707,speed_circulation,3000.0,20.0,bearing_ball
cross_rpm,date_and_context,logistic_regression,data/raw/mcc5_thu_motor/MCC5-THU Motor/MCC5-THU Motor_speed_circulation/bearing_ball_H_speed_circulation_40Nm_3000rpm_250707144708.csv,bearing_ball,250707,speed_circulation,3000.0,40.0,bearing_ball
cross_rpm,date_and_context,logistic_regression,data/raw/mcc5_thu_motor/MCC5-THU Motor/MCC5-THU Motor_speed_circulation/bearing_ball_L_speed_circulation_20Nm_3000rpm_250707160626.csv,bearing_ball,250707,speed_circulation,3000.0,20.0,bearing_ball
cross_rpm,date_and_context,logistic_regression,data/raw/mcc5_thu_motor/MCC5-THU Motor/MCC5-THU Motor_speed_circulation/bearing_ball_L_speed_circulation_40Nm_3000rpm_250707160826.csv,bearing_ball,250707,speed_circulation,3000.0,40.0,bearing_ball
cross_rpm,date_and_context,logistic_regression,data/raw/mcc5_thu_motor/MCC5-THU Motor/MCC5-THU Motor_speed_circulation/bearing_inner_H_speed_circulation_40Nm_3000rpm_250704091435.csv,bearing_inner,250704,speed_circulation,3000.0,40.0,bearing_inner
cross_rpm,date_and_context,logistic_regression,data/raw/mcc5_thu_motor/MCC5-THU Motor/MCC5-THU Motor_speed_circulation/bearing_inner_L_speed_circulation_20Nm_3000rpm_250707114743.csv,bearing_inner,250707,speed_circulation,3000.0,20.0,bearing_ball
cross_rpm,date_and_context,logistic_regression,data/raw/mcc5_thu_motor/MCC5-THU Motor/MCC5-THU Motor_speed_circulation/bearing_inner_L_speed_circulation_40Nm_3000rpm_250707114941.csv,bearing_inner,250707,speed_circulation,3000.0,40.0,bearing_ball
cross_rpm,date_and_context,logistic_regression,data/raw/mcc5_thu_motor/MCC5-THU Motor/MCC5-THU Motor_speed_circulation/bearing_outer_H_speed_circulation_20Nm_3000rpm_250707105700.csv,bearing_outer,250707,speed_circulation,3000.0,20.0,bearing_ball
cross_rpm,date_and_context,logistic_regression,data/raw/mcc5_thu_motor/MCC5-THU Motor/MCC5-THU Motor_speed_circulation/bearing_outer_H_speed_circulation_20Nm_3000rpm_250821110519.csv,bearing_outer,250821,speed_circulation,3000.0,20.0,bearing_outer
cross_rpm,date_and_context,logistic_regression,data/raw/mcc5_thu_motor/MCC5-THU Motor/MCC5-THU Motor_speed_circulation/bearing_outer_H_speed_circulation_40Nm_3000rpm_250707105959.csv,bearing_outer,250707,speed_circulation,3000.0,40.0,bearing_ball
cross_rpm,date_and_context,logistic_regression,data/raw/mcc5_thu_motor/MCC5-THU Motor/MCC5-THU Motor_speed_circulation/bearing_outer_L_speed_circulation_20Nm_3000rpm_250708100411.csv,bearing_outer,250708,speed_circulation,3000.0,20.0,bearing_outer
cross_rpm,date_and_context,logistic_regression,data/raw/mcc5_thu_motor/MCC5-THU Motor/MCC5-THU Motor_speed_circulation/bearing_outer_L_speed_circulation_40Nm_3000rpm_250708100602.csv,bearing_outer,250708,speed_circulation,3000.0,40.0,bearing_outer
cross_rpm,date_and_context,logistic_regression,data/raw/mcc5_thu_motor/MCC5-THU Motor/MCC5-THU Motor_speed_circulation/health_speed_circulation_20Nm_3000rpm_250702162533.csv,healthy,250702,speed_circulation,3000.0,20.0,healthy
cross_rpm,date_and_context,logistic_regression,data/raw/mcc5_thu_motor/MCC5-THU Motor/MCC5-THU Motor_speed_circulation/health_speed_circulation_40Nm_3000rpm_250702162804.csv,healthy,250702,speed_circulation,3000.0,40.0,healthy
cross_rpm,date_and_context,logistic_regression,data/raw/mcc5_thu_motor/MCC5-THU Motor/MCC5-THU Motor_torque_circulation/bearing_ball_H_torque_circulation_20Nm_3000rpm_250707140229d.csv,bearing_ball,250707,torque_circulation,3000.0,20.0,bearing_ball
cross_rpm,date_and_context,logistic_regression,data/raw/mcc5_thu_motor/MCC5-THU Motor/MCC5-THU Motor_torque_circulation/bearing_ball_H_torque_circulation_40Nm_3000rpm_250707143025d.csv,bearing_ball,250707,torque_circulation,3000.0,40.0,bearing_ball
cross_rpm,date_and_context,logistic_regression,data/raw/mcc5_thu_motor/MCC5-THU Motor/MCC5-THU Motor_torque_circulation/bearing_ball_L_torque_circulation_20Nm_3000rpm_250707153938d.csv,bearing_ball,250707,torque_circulation,3000.0,20.0,bearing_ball
cross_rpm,date_and_context,logistic_regression,data/raw/mcc5_thu_motor/MCC5-THU Motor/MCC5-THU Motor_torque_circulation/bearing_ball_L_torque_circulation_40Nm_3000rpm_250707154630d.csv,bearing_ball,250707,torque_circulation,3000.0,40.0,bearing_ball
cross_rpm,date_and_context,logistic_regression,data/raw/mcc5_thu_motor/MCC5-THU Motor/MCC5-THU Motor_torque_circulation/bearing_inner_H_torque_circulation_20Nm_3000rpm_250704085209d.csv,bearing_inner,250704,torque_circulation,3000.0,20.0,bearing_inner
cross_rpm,date_and_context,logistic_regression,data/raw/mcc5_thu_motor/MCC5-THU Motor/MCC5-THU Motor_torque_circulation/bearing_inner_H_torque_circulation_40Nm_3000rpm_250704085907d.csv,bearing_inner,250704,torque_circulation,3000.0,40.0,bearing_inner
cross_rpm,date_and_context,logistic_regression,data/raw/mcc5_thu_motor/MCC5-THU Motor/MCC5-THU Motor_torque_circulation/bearing_inner_L_torque_circulation_20Nm_3000rpm_250707112823d.csv,bearing_inner,250707,torque_circulation,3000.0,20.0,bearing_ball
cross_rpm,date_and_context,logistic_regression,data/raw/mcc5_thu_motor/MCC5-THU Motor/MCC5-THU Motor_torque_circulation/bearing_inner_L_torque_circulation_40Nm_3000rpm_250707113444d.csv,bearing_inner,250707,torque_circulation,3000.0,40.0,bearing_ball
cross_rpm,date_and_context,logistic_regression,data/raw/mcc5_thu_motor/MCC5-THU Motor/MCC5-THU Motor_torque_circulation/bearing_outer_H_torque_circulation_20Nm_3000rpm_250821175544.csv,bearing_outer,250821,torque_circulation,3000.0,20.0,bearing_outer
cross_rpm,date_and_context,logistic_regression,data/raw/mcc5_thu_motor/MCC5-THU Motor/MCC5-THU Motor_torque_circulation/bearing_outer_H_torque_circulation_40Nm_3000rpm_250707104611d.csv,bearing_outer,250707,torque_circulation,3000.0,40.0,bearing_ball
cross_rpm,date_and_context,logistic_regression,data/raw/mcc5_thu_motor/MCC5-THU Motor/MCC5-THU Motor_torque_circulation/bearing_outer_L_torque_circulation_20Nm_3000rpm_250708094011d.csv,bearing_outer,250708,torque_circulation,3000.0,20.0,bearing_outer
cross_rpm,date_and_context,logistic_regression,data/raw/mcc5_thu_motor/MCC5-THU Motor/MCC5-THU Motor_torque_circulation/bearing_outer_L_torque_circulation_40Nm_3000rpm_250708094556d.csv,bearing_outer,250708,torque_circulation,3000.0,40.0,bearing_outer
cross_rpm,date_and_context,logistic_regression,data/raw/mcc5_thu_motor/MCC5-THU Motor/MCC5-THU Motor_torque_circulation/health_torque_circulation_20Nm_3000rpm_250702155743d.csv,healthy,250702,torque_circulation,3000.0,20.0,healthy
cross_rpm,date_and_context,logistic_regression,data/raw/mcc5_thu_motor/MCC5-THU Motor/MCC5-THU Motor_torque_circulation/health_torque_circulation_40Nm_3000rpm_250702160849d.csv,healthy,250702,torque_circulation,3000.0,40.0,healthy
cross_rpm,date_and_context,dummy_most_frequent,data/raw/mcc5_thu_motor/MCC5-THU Motor/MCC5-THU Motor_speed_circulation/bearing_ball_H_speed_circulation_20Nm_3000rpm_250707144104.csv,bearing_ball,250707,speed_circulation,3000.0,20.0,bearing_ball
cross_rpm,date_and_context,dummy_most_frequent,data/raw/mcc5_thu_motor/MCC5-THU Motor/MCC5-THU Motor_speed_circulation/bearing_ball_H_speed_circulation_40Nm_3000rpm_250707144708.csv,bearing_ball,250707,speed_circulation,3000.0,40.0,bearing_ball
cross_rpm,date_and_context,dummy_most_frequent,data/raw/mcc5_thu_motor/MCC5-THU Motor/MCC5-THU Motor_speed_circulation/bearing_ball_L_speed_circulation_20Nm_3000rpm_250707160626.csv,bearing_ball,250707,speed_circulation,3000.0,20.0,bearing_ball
cross_rpm,date_and_context,dummy_most_frequent,data/raw/mcc5_thu_motor/MCC5-THU Motor/MCC5-THU Motor_speed_circulation/bearing_ball_L_speed_circulation_40Nm_3000rpm_250707160826.csv,bearing_ball,250707,speed_circulation,3000.0,40.0,bearing_ball
cross_rpm,date_and_context,dummy_most_frequent,data/raw/mcc5_thu_motor/MCC5-THU Motor/MCC5-THU Motor_speed_circulation/bearing_inner_H_speed_circulation_40Nm_3000rpm_250704091435.csv,bearing_inner,250704,speed_circulation,3000.0,40.0,bearing_ball
cross_rpm,date_and_context,dummy_most_frequent,data/raw/mcc5_thu_motor/MCC5-THU Motor/MCC5-THU Motor_speed_circulation/bearing_inner_L_speed_circulation_20Nm_3000rpm_250707114743.csv,bearing_inner,250707,speed_circulation,3000.0,20.0,bearing_ball
cross_rpm,date_and_context,dummy_most_frequent,data/raw/mcc5_thu_motor/MCC5-THU Motor/MCC5-THU Motor_speed_circulation/bearing_inner_L_speed_circulation_40Nm_3000rpm_250707114941.csv,bearing_inner,250707,speed_circulation,3000.0,40.0,bearing_ball
cross_rpm,date_and_context,dummy_most_frequent,data/raw/mcc5_thu_motor/MCC5-THU Motor/MCC5-THU Motor_speed_circulation/bearing_outer_H_speed_circulation_20Nm_3000rpm_250707105700.csv,bearing_outer,250707,speed_circulation,3000.0,20.0,bearing_ball
cross_rpm,date_and_context,dummy_most_frequent,data/raw/mcc5_thu_motor/MCC5-THU Motor/MCC5-THU Motor_speed_circulation/bearing_outer_H_speed_circulation_20Nm_3000rpm_250821110519.csv,bearing_outer,250821,speed_circulation,3000.0,20.0,bearing_ball
cross_rpm,date_and_context,dummy_most_frequent,data/raw/mcc5_thu_motor/MCC5-THU Motor/MCC5-THU Motor_speed_circulation/bearing_outer_H_speed_circulation_40Nm_3000rpm_250707105959.csv,bearing_outer,250707,speed_circulation,3000.0,40.0,bearing_ball
cross_rpm,date_and_context,dummy_most_frequent,data/raw/mcc5_thu_motor/MCC5-THU Motor/MCC5-THU Motor_speed_circulation/bearing_outer_L_speed_circulation_20Nm_3000rpm_250708100411.csv,bearing_outer,250708,speed_circulation,3000.0,20.0,bearing_ball
cross_rpm,date_and_context,dummy_most_frequent,data/raw/mcc5_thu_motor/MCC5-THU Motor/MCC5-THU Motor_speed_circulation/bearing_outer_L_speed_circulation_40Nm_3000rpm_250708100602.csv,bearing_outer,250708,speed_circulation,3000.0,40.0,bearing_ball
cross_rpm,date_and_context,dummy_most_frequent,data/raw/mcc5_thu_motor/MCC5-THU Motor/MCC5-THU Motor_speed_circulation/health_speed_circulation_20Nm_3000rpm_250702162533.csv,healthy,250702,speed_circulation,3000.0,20.0,bearing_ball
cross_rpm,date_and_context,dummy_most_frequent,data/raw/mcc5_thu_motor/MCC5-THU Motor/MCC5-THU Motor_speed_circulation/health_speed_circulation_40Nm_3000rpm_250702162804.csv,healthy,250702,speed_circulation,3000.0,40.0,bearing_ball
cross_rpm,date_and_context,dummy_most_frequent,data/raw/mcc5_thu_motor/MCC5-THU Motor/MCC5-THU Motor_torque_circulation/bearing_ball_H_torque_circulation_20Nm_3000rpm_250707140229d.csv,bearing_ball,250707,torque_circulation,3000.0,20.0,bearing_ball
cross_rpm,date_and_context,dummy_most_frequent,data/raw/mcc5_thu_motor/MCC5-THU Motor/MCC5-THU Motor_torque_circulation/bearing_ball_H_torque_circulation_40Nm_3000rpm_250707143025d.csv,bearing_ball,250707,torque_circulation,3000.0,40.0,bearing_ball
cross_rpm,date_and_context,dummy_most_frequent,data/raw/mcc5_thu_motor/MCC5-THU Motor/MCC5-THU Motor_torque_circulation/bearing_ball_L_torque_circulation_20Nm_3000rpm_250707153938d.csv,bearing_ball,250707,torque_circulation,3000.0,20.0,bearing_ball
cross_rpm,date_and_context,dummy_most_frequent,data/raw/mcc5_thu_motor/MCC5-THU Motor/MCC5-THU Motor_torque_circulation/bearing_ball_L_torque_circulation_40Nm_3000rpm_250707154630d.csv,bearing_ball,250707,torque_circulation,3000.0,40.0,bearing_ball
cross_rpm,date_and_context,dummy_most_frequent,data/raw/mcc5_thu_motor/MCC5-THU Motor/MCC5-THU Motor_torque_circulation/bearing_inner_H_torque_circulation_20Nm_3000rpm_250704085209d.csv,bearing_inner,250704,torque_circulation,3000.0,20.0,bearing_ball
cross_rpm,date_and_context,dummy_most_frequent,data/raw/mcc5_thu_motor/MCC5-THU Motor/MCC5-THU Motor_torque_circulation/bearing_inner_H_torque_circulation_40Nm_3000rpm_250704085907d.csv,bearing_inner,250704,torque_circulation,3000.0,40.0,bearing_ball
cross_rpm,date_and_context,dummy_most_frequent,data/raw/mcc5_thu_motor/MCC5-THU Motor/MCC5-THU Motor_torque_circulation/bearing_inner_L_torque_circulation_20Nm_3000rpm_250707112823d.csv,bearing_inner,250707,torque_circulation,3000.0,20.0,bearing_ball
cross_rpm,date_and_context,dummy_most_frequent,data/raw/mcc5_thu_motor/MCC5-THU Motor/MCC5-THU Motor_torque_circulation/bearing_inner_L_torque_circulation_40Nm_3000rpm_250707113444d.csv,bearing_inner,250707,torque_circulation,3000.0,40.0,bearing_ball
cross_rpm,date_and_context,dummy_most_frequent,data/raw/mcc5_thu_motor/MCC5-THU Motor/MCC5-THU Motor_torque_circulation/bearing_outer_H_torque_circulation_20Nm_3000rpm_250821175544.csv,bearing_outer,250821,torque_circulation,3000.0,20.0,bearing_ball
cross_rpm,date_and_context,dummy_most_frequent,data/raw/mcc5_thu_motor/MCC5-THU Motor/MCC5-THU Motor_torque_circulation/bearing_outer_H_torque_circulation_40Nm_3000rpm_250707104611d.csv,bearing_outer,250707,torque_circulation,3000.0,40.0,bearing_ball
cross_rpm,date_and_context,dummy_most_frequent,data/raw/mcc5_thu_motor/MCC5-THU Motor/MCC5-THU Motor_torque_circulation/bearing_outer_L_torque_circulation_20Nm_3000rpm_250708094011d.csv,bearing_outer,250708,torque_circulation,3000.0,20.0,bearing_ball
cross_rpm,date_and_context,dummy_most_frequent,data/raw/mcc5_thu_motor/MCC5-THU Motor/MCC5-THU Motor_torque_circulation/bearing_outer_L_torque_circulation_40Nm_3000rpm_250708094556d.csv,bearing_outer,250708,torque_circulation,3000.0,40.0,bearing_ball
cross_rpm,date_and_context,dummy_most_frequent,data/raw/mcc5_thu_motor/MCC5-THU Motor/MCC5-THU Motor_torque_circulation/health_torque_circulation_20Nm_3000rpm_250702155743d.csv,healthy,250702,torque_circulation,3000.0,20.0,bearing_ball
cross_rpm,date_and_context,dummy_most_frequent,data/raw/mcc5_thu_motor/MCC5-THU Motor/MCC5-THU Motor_torque_circulation/health_torque_circulation_40Nm_3000rpm_250702160849d.csv,healthy,250702,torque_circulation,3000.0,40.0,bearing_ball
